   Input file: C:\INTERA\wqtoolkit\inverse_models\arap\aquifer_matrix_mixing_models\arapahoe-realization_47.txt
  Output file: C:\INTERA\wqtoolkit\inverse_models\arap\aquifer_matrix_mixing_models\arapahoe-realization_47.txt.out
Database file: C:\INTERA\wqtoolkit\inverse_models\arap\aquifer_matrix_mixing_models\llnl.dat

------------------
Reading data base.
------------------

	LLNL_AQUEOUS_MODEL_PARAMETERS
	NAMED_EXPRESSIONS
	SOLUTION_MASTER_SPECIES
	SOLUTION_SPECIES
	PHASES
	EXCHANGE_MASTER_SPECIES
	EXCHANGE_SPECIES
	SURFACE_MASTER_SPECIES
	SURFACE_SPECIES
	RATES
	END
------------------------------------
Reading input data for simulation 1.
------------------------------------

	        KNOBS
	            iterations 1000
	            EQUILIBRIUM_PHASES 1
	                Calcite	0.0 0.0
	                Dolomite 0.0 0.0
	                Gypsum 0.0 0.0	
	                Strontianite 0.0 0.0 #dissolve_only
	                Witherite 0.0 0.0 #dissolve_only
	                CO2(g) 0.0 0.0
	                CaX2 0.0 0.0 
	                MgX2 0.0 0.0 
	                KX 0.0 0.0 
	                NaX 0.0 0.0 
	                Quartz 0.0 0.0 #dissolve_only
	                Albite 0.0 0.0	#dissolve_only
	                Kaolinite 0.0 0.0 #dissolve_only
	                Muscovite 0.0 0.0
	                Uraninite 0.0 0.0
	                Arsenopyrite 0.0 0.0 #dissolve_only
	                Goethite 0.0 0.0
	                Fe(OH)3 0.0 0.0 
	                Siderite 0.0 0.0
	                Mn(OH)3 0.0 0.0			
	                Fluorapatite 0.0 0.0 
	                Halite 0.0 0.0
	                Illite 0.0 0.0
	                Chromite 0.0 0.0	#dissolve_only
	            END
------------------
End of simulation.
------------------

------------------------------------
Reading input data for simulation 2.
------------------------------------

	            EQUILIBRIUM_PHASES 2
	            CO2(g)     -3.5     1.0 
	            O2(g)      -0.76     1.0 
	            END
------------------
End of simulation.
------------------

------------------------------------
Reading input data for simulation 3.
------------------------------------

	            REACTION_TEMPERATURE 1
	                14.6
	            REACTION_PRESSURE 1
	                3
	            REACTION_TEMPERATURE 2
	                13.327272727272728
	            REACTION_PRESSURE 2
	                0.82
	            Solution 1	GS-392400104150601
	            units		mg/L
	            redox       pe
	            temp		14.6
	            pH		    7.4
	            O(0)        0.1
	            Na		    273
	            Ca		    66.7
	            Mg		    6.3
	            K           4.73
	            Alkalinity	163	    as CaCO3
	            S(6)		 599
	            Cl		    4.15
	            F		    0.44
	            Mn		    0.113
	            Ba          0.0212
	            Sr          1.1
	            Fe          0.418
	            As          0.0001
	            U           2.1000000000000002e-05
	            Li          0.0213
	            Cr          0.0004
	            N(5)        0.03	   as N
	            N(3)        0.004	   as N
	            N(-3)       1.15	   as N
	            P           0.008    as P
	            water       1
	            SAVE solution 1
	            END
-------------------------------------------
Beginning of initial solution calculations.
-------------------------------------------

Initial solution 1.	GS-392400104150601

WARNING: Equivalent wt for alkalinity should be Ca.5(CO3).5. Using 50.0355 g/eq.
-----------------------------Solution composition------------------------------

	Elements           Molality       Moles

	Alkalinity        3.261e-03   3.261e-03
	As                1.336e-09   1.336e-09
	Ba                1.545e-07   1.545e-07
	Ca                1.666e-03   1.666e-03
	Cl                1.172e-04   1.172e-04
	Cr                3.453e-09   3.453e-09
	F                 2.319e-05   2.319e-05
	Fe                7.493e-06   7.493e-06
	K                 1.211e-04   1.211e-04
	Li                3.072e-06   3.072e-06
	Mg                2.595e-04   2.595e-04
	Mn                2.059e-06   2.059e-06
	N(-3)             8.220e-05   8.220e-05
	N(3)              2.859e-07   2.859e-07
	N(5)              2.144e-06   2.144e-06
	Na                1.189e-02   1.189e-02
	O(0)              6.259e-06   6.259e-06
	P                 2.586e-07   2.586e-07
	S(6)              6.244e-03   6.244e-03
	Sr                1.257e-05   1.257e-05
	U                 8.832e-11   8.832e-11

----------------------------Description of solution----------------------------

                                       pH  =   7.400    
                                       pe  =   4.000    
                        Activity of water  =   1.000
                 Ionic strength (mol/kgw)  =   2.191e-02
                       Mass of water (kg)  =   1.000e+00
                    Total carbon (mol/kg)  =   3.541e-03
                       Total CO2 (mol/kg)  =   3.541e-03
                         Temperature (°C)  =  14.60
                  Electrical balance (eq)  =   9.288e-05
 Percent error, 100*(Cat-|An|)/(Cat+|An|)  =   0.31
                               Iterations  =  15
                                  Total H  = 1.110542e+02
                                  Total O  = 5.556066e+01

---------------------------------Redox couples---------------------------------

	Redox couple             pe  Eh (volts)

	N(-3)/N(3)           5.4677      0.3122
	N(-3)/N(5)           5.9453      0.3394
	N(3)/N(5)            7.3781      0.4212
	O(-2)/O(0)          13.4849      0.7699

----------------------------Distribution of species----------------------------

                                               Log       Log       Log    mole V
   Species          Molality    Activity  Molality  Activity     Gamma   cm³/mol

   OH-             1.236e-07   1.069e-07    -6.908    -6.971    -0.063     (0)  
   H+              4.478e-08   3.981e-08    -7.349    -7.400    -0.051      0.00
   H2O             5.553e+01   9.996e-01     1.744    -0.000     0.000     18.03
As(-3)        0.000e+00
   AsH3            0.000e+00   0.000e+00  -126.283  -126.283     0.000     (0)  
As(3)         0.000e+00
   HAsO2           0.000e+00   0.000e+00   -52.634   -52.634     0.000     (0)  
   As(OH)3         0.000e+00   0.000e+00   -52.687   -52.687     0.000     (0)  
   H2AsO3-         0.000e+00   0.000e+00   -54.617   -54.678    -0.062     (0)  
   AsO2-           0.000e+00   0.000e+00   -54.622   -54.683    -0.062     (0)  
   AsO2OH-2        0.000e+00   0.000e+00   -58.213   -58.462    -0.249     (0)  
As(5)         1.336e-09
   AsO3F-2         1.311e-09   7.387e-10    -8.882    -9.132    -0.249     (0)  
   HAsO3F-         2.517e-11   2.184e-11   -10.599   -10.661    -0.062     (0)  
   HAsO4-2         0.000e+00   0.000e+00   -43.827   -44.077    -0.249     (0)  
   H2AsO4-         0.000e+00   0.000e+00   -44.614   -44.676    -0.062     (0)  
   AsO4-3          0.000e+00   0.000e+00   -47.831   -48.393    -0.562     (0)  
   H3AsO4          0.000e+00   0.000e+00   -49.874   -49.874     0.000     (0)  
Ba            1.545e-07
   Ba+2            1.545e-07   8.901e-08    -6.811    -7.051    -0.239     (0)  
   BaCO3           8.213e-11   8.213e-11   -10.085   -10.085     0.000     (0)  
   BaCl+           2.951e-12   2.560e-12   -11.530   -11.592    -0.062     (0)  
   BaNO3+          1.501e-12   1.302e-12   -11.824   -11.885    -0.062     (0)  
   BaF+            1.235e-12   1.071e-12   -11.908   -11.970    -0.062     (0)  
   BaOH+           8.727e-14   7.573e-14   -13.059   -13.121    -0.062     (0)  
C(4)          3.541e-03
   HCO3-           3.157e-03   2.739e-03    -2.501    -2.562    -0.062     (0)  
   CO2             2.939e-04   2.955e-04    -3.532    -3.529     0.002     (0)  
   NaHCO3          4.811e-05   4.811e-05    -4.318    -4.318     0.000     (0)  
   CaHCO3+         2.844e-05   2.468e-05    -4.546    -4.608    -0.062     (0)  
   CO3-2           4.303e-06   2.452e-06    -5.366    -5.610    -0.244     (0)  
   MgHCO3+         4.014e-06   3.483e-06    -5.396    -5.458    -0.062     (0)  
   CaCO3           3.426e-06   3.426e-06    -5.465    -5.465     0.000     (0)  
   FeHCO3+         7.777e-07   6.748e-07    -6.109    -6.171    -0.062     (0)  
   MgCO3           2.504e-07   2.504e-07    -6.601    -6.601     0.000     (0)  
   NaCO3-          1.300e-07   1.128e-07    -6.886    -6.948    -0.062     (0)  
   MnCO3           8.793e-08   8.793e-08    -7.056    -7.056     0.000     (0)  
   FeCO3           8.136e-08   8.136e-08    -7.090    -7.090     0.000     (0)  
   MnHCO3+         1.978e-08   1.716e-08    -7.704    -7.765    -0.062     (0)  
   SrCO3           7.918e-09   7.918e-09    -8.101    -8.101     0.000     (0)  
   BaCO3           8.213e-11   8.213e-11   -10.085   -10.085     0.000     (0)  
   UO2(CO3)3-4     5.094e-11   5.104e-12   -10.293   -11.292    -0.999     (0)  
   UO2(CO3)2-2     3.540e-11   1.995e-11   -10.451   -10.700    -0.249     (0)  
   FeCO3+          1.361e-11   1.181e-11   -10.866   -10.928    -0.062     (0)  
   UO2CO3          5.241e-13   5.241e-13   -12.281   -12.281     0.000     (0)  
   (UO2)2CO3(OH)3-   1.541e-17   1.337e-17   -16.812   -16.874    -0.062     (0)  
   (UO2)3(CO3)6-6   1.151e-26   6.482e-29   -25.939   -28.188    -2.249     (0)  
   UO2(CO3)3-5     3.191e-27   8.754e-29   -26.496   -28.058    -1.562     (0)  
   U(CO3)4-4       7.453e-31   7.467e-32   -30.128   -31.127    -0.999     (0)  
   (UO2)3(OH)5CO2+   2.799e-32   2.428e-32   -31.553   -31.615    -0.062     (0)  
   (UO2)3O(OH)2(HCO3)+   2.257e-32   1.959e-32   -31.646   -31.708    -0.062     (0)  
   U(CO3)5-6       1.482e-36   8.346e-39   -35.829   -38.079    -2.249     (0)  
   (UO2)11(CO3)6(OH)12-2   0.000e+00   0.000e+00   -87.447   -87.696    -0.249     (0)  
Ca            1.666e-03
   Ca+2            1.311e-03   7.712e-04    -2.882    -3.113    -0.230     (0)  
   CaSO4           3.233e-04   3.233e-04    -3.490    -3.490     0.000     (0)  
   CaHCO3+         2.844e-05   2.468e-05    -4.546    -4.608    -0.062     (0)  
   CaCO3           3.426e-06   3.426e-06    -5.465    -5.465     0.000     (0)  
   CaF+            8.323e-08   7.222e-08    -7.080    -7.141    -0.062     (0)  
   CaHPO4          3.365e-08   3.365e-08    -7.473    -7.473     0.000     (0)  
   CaCl+           1.851e-08   1.606e-08    -7.733    -7.794    -0.062     (0)  
   CaNO3+          8.205e-09   7.120e-09    -8.086    -8.148    -0.062     (0)  
   CaOH+           3.152e-09   2.735e-09    -8.501    -8.563    -0.062     (0)  
   CaPO4-          2.437e-09   2.114e-09    -8.613    -8.675    -0.062     (0)  
   CaCl2           2.135e-12   2.135e-12   -11.671   -11.671     0.000     (0)  
   CaP2O7-2        9.768e-15   5.504e-15   -14.010   -14.259    -0.249     (0)  
   CaH2PO4+        7.057e-17   6.123e-17   -16.151   -16.213    -0.062     (0)  
Cl(-1)        1.172e-04
   Cl-             1.170e-04   1.009e-04    -3.932    -3.996    -0.064     (0)  
   NaCl            1.649e-07   1.649e-07    -6.783    -6.783     0.000     (0)  
   CaCl+           1.851e-08   1.606e-08    -7.733    -7.794    -0.062     (0)  
   MgCl+           1.034e-08   8.968e-09    -7.986    -8.047    -0.062     (0)  
   SrCl+           3.286e-10   2.851e-10    -9.483    -9.545    -0.062     (0)  
   KCl             2.784e-10   2.784e-10    -9.555    -9.555     0.000     (0)  
   MnCl+           1.567e-10   1.360e-10    -9.805    -9.867    -0.062     (0)  
   FeCl+           3.816e-11   3.311e-11   -10.418   -10.480    -0.062     (0)  
   LiCl            8.130e-12   8.130e-12   -11.090   -11.090     0.000     (0)  
   BaCl+           2.951e-12   2.560e-12   -11.530   -11.592    -0.062     (0)  
   CaCl2           2.135e-12   2.135e-12   -11.671   -11.671     0.000     (0)  
   HCl             8.842e-13   8.842e-13   -12.053   -12.053     0.000     (0)  
   FeCl2           1.701e-17   1.701e-17   -16.769   -16.769     0.000     (0)  
   CrCl+2          2.623e-18   1.495e-18   -17.581   -17.825    -0.244     (0)  
   MnCl3-          4.530e-19   3.931e-19   -18.344   -18.406    -0.062     (0)  
   UO2Cl+          6.966e-21   6.044e-21   -20.157   -20.219    -0.062     (0)  
   FeCl+2          5.529e-21   3.151e-21   -20.257   -20.502    -0.244     (0)  
   FeCl2+          5.062e-22   4.392e-22   -21.296   -21.357    -0.062     (0)  
   CrCl2+          2.085e-22   1.809e-22   -21.681   -21.743    -0.062     (0)  
   FeCl4-2         8.769e-25   4.941e-25   -24.057   -24.306    -0.249     (0)  
   UO2Cl2          2.834e-26   2.834e-26   -25.548   -25.548     0.000     (0)  
   CrO3Cl-         3.932e-30   3.412e-30   -29.405   -29.467    -0.062     (0)  
   FeCl4-          6.196e-33   5.376e-33   -32.208   -32.270    -0.062     (0)  
   UCl+3           0.000e+00   0.000e+00   -45.842   -46.382    -0.540     (0)  
Cl(1)         0.000e+00
   HClO            0.000e+00   0.000e+00   -41.079   -41.079     0.000     (0)  
   ClO-            0.000e+00   0.000e+00   -41.186   -41.248    -0.062     (0)  
Cl(3)         0.000e+00
   ClO2-           0.000e+00   0.000e+00   -71.213   -71.275    -0.062     (0)  
   HClO2           0.000e+00   0.000e+00   -75.505   -75.505     0.000     (0)  
Cl(5)         0.000e+00
   ClO3-           0.000e+00   0.000e+00   -86.889   -86.952    -0.063     (0)  
   UO2ClO3+        0.000e+00   0.000e+00  -102.706  -102.768    -0.062     (0)  
Cl(7)         0.000e+00
   ClO4-           0.000e+00   0.000e+00  -106.946  -107.009    -0.063     (0)  
Cr(2)         2.086e-27
   Cr+2            2.086e-27   1.189e-27   -26.681   -26.925    -0.244     (0)  
Cr(3)         3.453e-09
   Cr(OH)2+        3.027e-09   2.626e-09    -8.519    -8.581    -0.062     (0)  
   Cr(OH)3         3.305e-10   3.305e-10    -9.481    -9.481     0.000     (0)  
   CrOH+2          9.198e-11   5.242e-11   -10.036   -10.281    -0.244     (0)  
   Cr(OH)4-        3.807e-12   3.304e-12   -11.419   -11.481    -0.062     (0)  
   Cr+3            6.116e-14   2.088e-14   -13.214   -13.680    -0.467     (0)  
   Cr2(OH)2+4      2.093e-17   2.393e-18   -16.679   -17.621    -0.942     (0)  
   CrCl+2          2.623e-18   1.495e-18   -17.581   -17.825    -0.244     (0)  
   Cr3(OH)4+5      7.125e-19   2.560e-20   -18.147   -19.592    -1.444     (0)  
   CrCl2+          2.085e-22   1.809e-22   -21.681   -21.743    -0.062     (0)  
Cr(5)         6.889e-20
   CrO4-3          6.889e-20   1.890e-20   -19.162   -19.724    -0.562     (0)  
Cr(6)         1.177e-18
   CrO4-2          1.087e-18   6.123e-19   -17.964   -18.213    -0.249     (0)  
   HCrO4-          9.044e-20   7.847e-20   -19.044   -19.105    -0.062     (0)  
   H2CrO4          8.061e-29   8.061e-29   -28.094   -28.094     0.000     (0)  
   CrO3Cl-         3.932e-30   3.412e-30   -29.405   -29.467    -0.062     (0)  
   Cr2O7-2         4.805e-37   2.707e-37   -36.318   -36.568    -0.249     (0)  
F             2.319e-05
   F-              2.302e-05   1.991e-05    -4.638    -4.701    -0.063     (0)  
   CaF+            8.323e-08   7.222e-08    -7.080    -7.141    -0.062     (0)  
   MgF+            6.028e-08   5.230e-08    -7.220    -7.281    -0.062     (0)  
   NaF             1.919e-08   1.919e-08    -7.717    -7.717     0.000     (0)  
   AsO3F-2         1.311e-09   7.387e-10    -8.882    -9.132    -0.249     (0)  
   HF              9.938e-10   9.938e-10    -9.003    -9.003     0.000     (0)  
   MnF+            5.082e-10   4.410e-10    -9.294    -9.356    -0.062     (0)  
   FeF+            2.468e-10   2.141e-10    -9.608    -9.669    -0.062     (0)  
   SrF+            1.663e-10   1.443e-10    -9.779    -9.841    -0.062     (0)  
   HAsO3F-         2.517e-11   2.184e-11   -10.599   -10.661    -0.062     (0)  
   PO3F-2          1.769e-12   9.964e-13   -11.752   -12.002    -0.249     (0)  
   BaF+            1.235e-12   1.071e-12   -11.908   -11.970    -0.062     (0)  
   HF2-            4.957e-15   4.301e-15   -14.305   -14.366    -0.062     (0)  
   HPO3F-          5.749e-16   4.988e-16   -15.240   -15.302    -0.062     (0)  
   FeF+2           1.360e-16   7.750e-17   -15.867   -16.111    -0.244     (0)  
   UO2F+           1.192e-16   1.035e-16   -15.924   -15.985    -0.062     (0)  
   FeF2+           2.494e-17   2.164e-17   -16.603   -16.665    -0.062     (0)  
   UO2F2           6.268e-18   6.268e-18   -17.203   -17.203     0.000     (0)  
   H2F2            3.684e-18   3.684e-18   -17.434   -17.434     0.000     (0)  
   UO2F3-          2.544e-20   2.208e-20   -19.594   -19.656    -0.062     (0)  
   H2PO3F          1.270e-22   1.270e-22   -21.896   -21.896     0.000     (0)  
   UO2F4-2         4.802e-24   2.706e-24   -23.319   -23.568    -0.249     (0)  
   UF3+            1.848e-37   1.604e-37   -36.733   -36.795    -0.062     (0)  
   UF2+2           6.685e-38   3.810e-38   -37.175   -37.419    -0.244     (0)  
   UF4             3.177e-38   3.177e-38   -37.498   -37.498     0.000     (0)  
   UF+3            8.135e-40   2.347e-40   -39.090   -39.629    -0.540     (0)  
   UF5-            0.000e+00   0.000e+00   -40.856   -40.917    -0.062     (0)  
   UF6-2           0.000e+00   0.000e+00   -43.339   -43.588    -0.249     (0)  
Fe(2)         1.896e-06
   Fe+2            7.978e-07   4.694e-07    -6.098    -6.328    -0.230     (0)  
   FeHCO3+         7.777e-07   6.748e-07    -6.109    -6.171    -0.062     (0)  
   FeSO4           2.347e-07   2.347e-07    -6.629    -6.629     0.000     (0)  
   FeCO3           8.136e-08   8.136e-08    -7.090    -7.090     0.000     (0)  
   FeOH+           4.295e-09   3.727e-09    -8.367    -8.429    -0.062     (0)  
   FeF+            2.468e-10   2.141e-10    -9.608    -9.669    -0.062     (0)  
   FeHPO4          1.484e-10   1.484e-10    -9.829    -9.829     0.000     (0)  
   FePO4-          4.377e-11   3.798e-11   -10.359   -10.420    -0.062     (0)  
   FeCl+           3.816e-11   3.311e-11   -10.418   -10.480    -0.062     (0)  
   Fe(OH)2         7.433e-13   7.433e-13   -12.129   -12.129     0.000     (0)  
   Fe(OH)3-        8.563e-16   7.430e-16   -15.067   -15.129    -0.062     (0)  
   FeCl2           1.701e-17   1.701e-17   -16.769   -16.769     0.000     (0)  
   FeH2PO4+        8.570e-19   7.436e-19   -18.067   -18.129    -0.062     (0)  
   Fe(OH)4-2       3.311e-23   1.866e-23   -22.480   -22.729    -0.249     (0)  
   FeCl4-2         8.769e-25   4.941e-25   -24.057   -24.306    -0.249     (0)  
Fe(3)         5.597e-06
   Fe(OH)3         5.063e-06   5.063e-06    -5.296    -5.296     0.000     (0)  
   Fe(OH)2+        4.968e-07   4.311e-07    -6.304    -6.365    -0.062     (0)  
   Fe(OH)4-        3.680e-08   3.193e-08    -7.434    -7.496    -0.062     (0)  
   FeOH+2          9.098e-11   5.185e-11   -10.041   -10.285    -0.244     (0)  
   FeCO3+          1.361e-11   1.181e-11   -10.866   -10.928    -0.062     (0)  
   FeHPO4+         4.430e-13   3.844e-13   -12.354   -12.415    -0.062     (0)  
   Fe+3            9.369e-16   3.198e-16   -15.028   -15.495    -0.467     (0)  
   FeF+2           1.360e-16   7.750e-17   -15.867   -16.111    -0.244     (0)  
   FeSO4+          7.587e-17   6.584e-17   -16.120   -16.182    -0.062     (0)  
   FeF2+           2.494e-17   2.164e-17   -16.603   -16.665    -0.062     (0)  
   Fe(SO4)2-       6.002e-18   5.208e-18   -17.222   -17.283    -0.062     (0)  
   Fe2(OH)2+4      6.329e-19   7.236e-20   -18.199   -19.141    -0.942     (0)  
   FeNO2+2         1.954e-19   1.114e-19   -18.709   -18.953    -0.244     (0)  
   FeNO3+2         1.034e-20   5.892e-21   -19.986   -20.230    -0.244     (0)  
   FeCl+2          5.529e-21   3.151e-21   -20.257   -20.502    -0.244     (0)  
   FeCl2+          5.062e-22   4.392e-22   -21.296   -21.357    -0.062     (0)  
   Fe3(OH)4+5      1.814e-22   6.517e-24   -21.741   -23.186    -1.444     (0)  
   FeH2PO4+2       2.624e-26   1.495e-26   -25.581   -25.825    -0.244     (0)  
   FeCl4-          6.196e-33   5.376e-33   -32.208   -32.270    -0.062     (0)  
H(0)          1.518e-26
   H2              7.590e-27   7.631e-27   -26.120   -26.117     0.002     (0)  
K             1.211e-04
   K+              1.182e-04   1.020e-04    -3.927    -3.991    -0.064     (0)  
   KSO4-           2.867e-06   2.487e-06    -5.543    -5.604    -0.062     (0)  
   KCl             2.784e-10   2.784e-10    -9.555    -9.555     0.000     (0)  
   KHPO4-          5.623e-11   4.879e-11   -10.250   -10.312    -0.062     (0)  
   KOH             8.878e-12   8.878e-12   -11.052   -11.052     0.000     (0)  
   KHSO4           5.926e-14   5.926e-14   -13.227   -13.227     0.000     (0)  
   KP2O7-3         6.026e-20   1.653e-20   -19.220   -19.782    -0.562     (0)  
Li            3.072e-06
   Li+             3.016e-06   2.645e-06    -5.521    -5.578    -0.057     (0)  
   LiSO4-          5.664e-08   4.914e-08    -7.247    -7.309    -0.062     (0)  
   LiCl            8.130e-12   8.130e-12   -11.090   -11.090     0.000     (0)  
   LiOH            1.521e-12   1.521e-12   -11.818   -11.818     0.000     (0)  
Mg            2.595e-04
   Mg+2            1.834e-04   1.120e-04    -3.737    -3.951    -0.214     (0)  
   MgSO4           7.173e-05   7.173e-05    -4.144    -4.144     0.000     (0)  
   MgHCO3+         4.014e-06   3.483e-06    -5.396    -5.458    -0.062     (0)  
   MgCO3           2.504e-07   2.504e-07    -6.601    -6.601     0.000     (0)  
   MgF+            6.028e-08   5.230e-08    -7.220    -7.281    -0.062     (0)  
   MgCl+           1.034e-08   8.968e-09    -7.986    -8.047    -0.062     (0)  
   MgHPO4          7.228e-09   7.228e-09    -8.141    -8.141     0.000     (0)  
   MgPO4-          4.763e-10   4.133e-10    -9.322    -9.384    -0.062     (0)  
   MgP2O7-2        2.331e-15   1.314e-15   -14.632   -14.882    -0.249     (0)  
   MgH2PO4+        1.865e-17   1.618e-17   -16.729   -16.791    -0.062     (0)  
   Mg4(OH)4+4      9.728e-26   1.112e-26   -25.012   -25.954    -0.942     (0)  
Mn(2)         2.059e-06
   Mn+2            1.398e-06   8.227e-07    -5.854    -6.085    -0.230     (0)  
   MnSO4           5.515e-07   5.515e-07    -6.258    -6.258     0.000     (0)  
   MnCO3           8.793e-08   8.793e-08    -7.056    -7.056     0.000     (0)  
   MnHCO3+         1.978e-08   1.716e-08    -7.704    -7.765    -0.062     (0)  
   MnOH+           6.120e-10   5.310e-10    -9.213    -9.275    -0.062     (0)  
   MnF+            5.082e-10   4.410e-10    -9.294    -9.356    -0.062     (0)  
   MnHPO4          2.483e-10   2.483e-10    -9.605    -9.605     0.000     (0)  
   MnCl+           1.567e-10   1.360e-10    -9.805    -9.867    -0.062     (0)  
   MnPO4-          1.396e-11   1.211e-11   -10.855   -10.917    -0.062     (0)  
   MnNO3+          2.768e-12   2.402e-12   -11.558   -11.619    -0.062     (0)  
   MnH2PO4+        1.077e-12   9.343e-13   -11.968   -12.030    -0.062     (0)  
   Mn(OH)2         3.273e-14   3.273e-14   -13.485   -13.485     0.000     (0)  
   Mn2(OH)3+       1.555e-14   1.349e-14   -13.808   -13.870    -0.062     (0)  
   Mn2OH+3         1.622e-15   4.681e-16   -14.790   -15.330    -0.540     (0)  
   Mn(NO3)2        1.111e-17   1.111e-17   -16.954   -16.954     0.000     (0)  
   Mn(OH)3-        8.883e-19   7.708e-19   -18.051   -18.113    -0.062     (0)  
   MnCl3-          4.530e-19   3.931e-19   -18.344   -18.406    -0.062     (0)  
   Mn(OH)4-2       2.909e-25   1.639e-25   -24.536   -24.785    -0.249     (0)  
Mn(3)         3.412e-28
   Mn+3            3.412e-28   9.846e-29   -27.467   -28.007    -0.540     (0)  
Mn(6)         0.000e+00
   MnO4-2          0.000e+00   0.000e+00   -53.090   -53.339    -0.249     (0)  
Mn(7)         0.000e+00
   MnO4-           0.000e+00   0.000e+00   -59.222   -59.285    -0.063     (0)  
N(-3)         8.220e-05
   NH4+            8.172e-05   7.025e-05    -4.088    -4.153    -0.066     (0)  
   NH3             4.774e-07   4.774e-07    -6.321    -6.321     0.000     (0)  
   NH4SO4-         6.019e-16   5.223e-16   -15.220   -15.282    -0.062     (0)  
N(3)          2.859e-07
   NO2-            2.859e-07   2.465e-07    -6.544    -6.608    -0.064     (0)  
   HNO2            2.094e-11   2.094e-11   -10.679   -10.679     0.000     (0)  
   FeNO2+2         1.954e-19   1.114e-19   -18.709   -18.953    -0.244     (0)  
N(5)          2.144e-06
   NO3-            2.136e-06   1.842e-06    -5.670    -5.735    -0.064     (0)  
   CaNO3+          8.205e-09   7.120e-09    -8.086    -8.148    -0.062     (0)  
   SrNO3+          7.114e-11   6.173e-11   -10.148   -10.210    -0.062     (0)  
   MnNO3+          2.768e-12   2.402e-12   -11.558   -11.619    -0.062     (0)  
   BaNO3+          1.501e-12   1.302e-12   -11.824   -11.885    -0.062     (0)  
   HNO3            2.987e-15   2.987e-15   -14.525   -14.525     0.000     (0)  
   Mn(NO3)2        1.111e-17   1.111e-17   -16.954   -16.954     0.000     (0)  
   FeNO3+2         1.034e-20   5.892e-21   -19.986   -20.230    -0.244     (0)  
   UO2NO3+         1.834e-22   1.591e-22   -21.737   -21.798    -0.062     (0)  
   UNO3+3          0.000e+00   0.000e+00   -47.969   -48.508    -0.540     (0)  
   U(NO3)2+2       0.000e+00   0.000e+00   -53.188   -53.433    -0.244     (0)  
Na            1.189e-02
   Na+             1.160e-02   1.006e-02    -1.936    -1.997    -0.062     (0)  
   NaSO4-          2.418e-04   2.098e-04    -3.617    -3.678    -0.062     (0)  
   NaHCO3          4.811e-05   4.811e-05    -4.318    -4.318     0.000     (0)  
   NaCl            1.649e-07   1.649e-07    -6.783    -6.783     0.000     (0)  
   NaCO3-          1.300e-07   1.128e-07    -6.886    -6.948    -0.062     (0)  
   NaF             1.919e-08   1.919e-08    -7.717    -7.717     0.000     (0)  
   NaHPO4-         7.659e-09   6.646e-09    -8.116    -8.177    -0.062     (0)  
   NaOH            1.905e-10   1.905e-10    -9.720    -9.720     0.000     (0)  
   NaHP2O7-2       3.173e-17   1.788e-17   -16.499   -16.748    -0.249     (0)  
   NaP2O7-3        8.090e-18   2.219e-18   -17.092   -17.654    -0.562     (0)  
   Na2P2O7-2       3.149e-18   1.774e-18   -17.502   -17.751    -0.249     (0)  
O(0)          6.259e-06
   O2              3.130e-06   3.146e-06    -5.505    -5.502     0.002     (0)  
P(-3)         0.000e+00
   PH4+            0.000e+00   0.000e+00  -155.096  -155.157    -0.062     (0)  
P(5)          2.586e-07
   HPO4-2          1.409e-07   7.940e-08    -6.851    -7.100    -0.249     (0)  
   H2PO4-          6.564e-08   5.695e-08    -7.183    -7.244    -0.062     (0)  
   CaHPO4          3.365e-08   3.365e-08    -7.473    -7.473     0.000     (0)  
   NaHPO4-         7.659e-09   6.646e-09    -8.116    -8.177    -0.062     (0)  
   MgHPO4          7.228e-09   7.228e-09    -8.141    -8.141     0.000     (0)  
   CaPO4-          2.437e-09   2.114e-09    -8.613    -8.675    -0.062     (0)  
   MgPO4-          4.763e-10   4.133e-10    -9.322    -9.384    -0.062     (0)  
   MnHPO4          2.483e-10   2.483e-10    -9.605    -9.605     0.000     (0)  
   FeHPO4          1.484e-10   1.484e-10    -9.829    -9.829     0.000     (0)  
   KHPO4-          5.623e-11   4.879e-11   -10.250   -10.312    -0.062     (0)  
   SrHPO4          4.841e-11   4.841e-11   -10.315   -10.315     0.000     (0)  
   FePO4-          4.377e-11   3.798e-11   -10.359   -10.420    -0.062     (0)  
   MnPO4-          1.396e-11   1.211e-11   -10.855   -10.917    -0.062     (0)  
   PO4-3           2.666e-12   7.316e-13   -11.574   -12.136    -0.562     (0)  
   PO3F-2          1.769e-12   9.964e-13   -11.752   -12.002    -0.249     (0)  
   MnH2PO4+        1.077e-12   9.343e-13   -11.968   -12.030    -0.062     (0)  
   FeHPO4+         4.430e-13   3.844e-13   -12.354   -12.415    -0.062     (0)  
   H3PO4           3.091e-13   3.091e-13   -12.510   -12.510     0.000     (0)  
   UO2PO4-         1.251e-14   1.085e-14   -13.903   -13.964    -0.062     (0)  
   CaP2O7-2        9.768e-15   5.504e-15   -14.010   -14.259    -0.249     (0)  
   MgP2O7-2        2.331e-15   1.314e-15   -14.632   -14.882    -0.249     (0)  
   UO2HPO4         9.897e-16   9.897e-16   -15.004   -15.004     0.000     (0)  
   HPO3F-          5.749e-16   4.988e-16   -15.240   -15.302    -0.062     (0)  
   HP2O7-3         2.051e-16   5.627e-17   -15.688   -16.250    -0.562     (0)  
   CaH2PO4+        7.057e-17   6.123e-17   -16.151   -16.213    -0.062     (0)  
   NaHP2O7-2       3.173e-17   1.788e-17   -16.499   -16.748    -0.249     (0)  
   MgH2PO4+        1.865e-17   1.618e-17   -16.729   -16.791    -0.062     (0)  
   H2P2O7-2        1.736e-17   9.782e-18   -16.760   -17.010    -0.249     (0)  
   P2O7-4          8.132e-18   8.147e-19   -17.090   -18.089    -0.999     (0)  
   NaP2O7-3        8.090e-18   2.219e-18   -17.092   -17.654    -0.562     (0)  
   Na2P2O7-2       3.149e-18   1.774e-18   -17.502   -17.751    -0.249     (0)  
   SrP2O7-2        2.678e-18   1.509e-18   -17.572   -17.821    -0.249     (0)  
   FeH2PO4+        8.570e-19   7.436e-19   -18.067   -18.129    -0.062     (0)  
   SrH2PO4+        1.039e-19   9.015e-20   -18.983   -19.045    -0.062     (0)  
   UO2H2PO4+       7.749e-20   6.724e-20   -19.111   -19.172    -0.062     (0)  
   KP2O7-3         6.026e-20   1.653e-20   -19.220   -19.782    -0.562     (0)  
   H2PO3F          1.270e-22   1.270e-22   -21.896   -21.896     0.000     (0)  
   H3P2O7-         1.009e-22   8.751e-23   -21.996   -22.058    -0.062     (0)  
   UO2(H2PO4)2     2.507e-24   2.507e-24   -23.601   -23.601     0.000     (0)  
   FeH2PO4+2       2.624e-26   1.495e-26   -25.581   -25.825    -0.244     (0)  
   UO2H3PO4+2      2.050e-27   1.168e-27   -26.688   -26.932    -0.244     (0)  
   H4P2O7          9.432e-29   9.432e-29   -28.025   -28.025     0.000     (0)  
   UO2(H2PO4)(H3PO4)+   1.177e-30   1.021e-30   -29.929   -29.991    -0.062     (0)  
S(6)          6.244e-03
   SO4-2           5.600e-03   3.155e-03    -2.252    -2.501    -0.249     (0)  
   CaSO4           3.233e-04   3.233e-04    -3.490    -3.490     0.000     (0)  
   NaSO4-          2.418e-04   2.098e-04    -3.617    -3.678    -0.062     (0)  
   MgSO4           7.173e-05   7.173e-05    -4.144    -4.144     0.000     (0)  
   SrSO4           3.343e-06   3.343e-06    -5.476    -5.476     0.000     (0)  
   KSO4-           2.867e-06   2.487e-06    -5.543    -5.604    -0.062     (0)  
   MnSO4           5.515e-07   5.515e-07    -6.258    -6.258     0.000     (0)  
   FeSO4           2.347e-07   2.347e-07    -6.629    -6.629     0.000     (0)  
   LiSO4-          5.664e-08   4.914e-08    -7.247    -7.309    -0.062     (0)  
   HSO4-           1.092e-08   9.472e-09    -7.962    -8.024    -0.062     (0)  
   KHSO4           5.926e-14   5.926e-14   -13.227   -13.227     0.000     (0)  
   NH4SO4-         6.019e-16   5.223e-16   -15.220   -15.282    -0.062     (0)  
   UO2SO4          1.320e-16   1.320e-16   -15.879   -15.879     0.000     (0)  
   FeSO4+          7.587e-17   6.584e-17   -16.120   -16.182    -0.062     (0)  
   Fe(SO4)2-       6.002e-18   5.208e-18   -17.222   -17.283    -0.062     (0)  
   UO2(SO4)2-2     5.058e-18   2.850e-18   -17.296   -17.545    -0.249     (0)  
   H2SO4           4.766e-19   4.766e-19   -18.322   -18.322     0.000     (0)  
   U(SO4)2         8.947e-40   8.947e-40   -39.048   -39.048     0.000     (0)  
   USO4+2          1.002e-40   0.000e+00   -39.999   -40.243    -0.244     (0)  
Sr            1.257e-05
   Sr+2            9.216e-06   5.311e-06    -5.035    -5.275    -0.239     (0)  
   SrSO4           3.343e-06   3.343e-06    -5.476    -5.476     0.000     (0)  
   SrCO3           7.918e-09   7.918e-09    -8.101    -8.101     0.000     (0)  
   SrCl+           3.286e-10   2.851e-10    -9.483    -9.545    -0.062     (0)  
   SrF+            1.663e-10   1.443e-10    -9.779    -9.841    -0.062     (0)  
   SrNO3+          7.114e-11   6.173e-11   -10.148   -10.210    -0.062     (0)  
   SrHPO4          4.841e-11   4.841e-11   -10.315   -10.315     0.000     (0)  
   SrOH+           7.882e-12   6.839e-12   -11.103   -11.165    -0.062     (0)  
   SrP2O7-2        2.678e-18   1.509e-18   -17.572   -17.821    -0.249     (0)  
   SrH2PO4+        1.039e-19   9.015e-20   -18.983   -19.045    -0.062     (0)  
U(3)          0.000e+00
   U+3             0.000e+00   0.000e+00   -57.805   -58.344    -0.540     (0)  
U(4)          2.218e-20
   U(OH)4          2.218e-20   2.218e-20   -19.654   -19.654     0.000     (0)  
   U(CO3)4-4       7.453e-31   7.467e-32   -30.128   -31.127    -0.999     (0)  
   U(CO3)5-6       1.482e-36   8.346e-39   -35.829   -38.079    -2.249     (0)  
   UF3+            1.848e-37   1.604e-37   -36.733   -36.795    -0.062     (0)  
   UOH+3           7.399e-38   2.135e-38   -37.131   -37.671    -0.540     (0)  
   UF2+2           6.685e-38   3.810e-38   -37.175   -37.419    -0.244     (0)  
   UF4             3.177e-38   3.177e-38   -37.498   -37.498     0.000     (0)  
   U(SO4)2         8.947e-40   8.947e-40   -39.048   -39.048     0.000     (0)  
   UF+3            8.135e-40   2.347e-40   -39.090   -39.629    -0.540     (0)  
   USO4+2          1.002e-40   0.000e+00   -39.999   -40.243    -0.244     (0)  
   UF5-            0.000e+00   0.000e+00   -40.856   -40.917    -0.062     (0)  
   U+4             0.000e+00   0.000e+00   -43.282   -44.224    -0.942     (0)  
   UF6-2           0.000e+00   0.000e+00   -43.339   -43.588    -0.249     (0)  
   UCl+3           0.000e+00   0.000e+00   -45.842   -46.382    -0.540     (0)  
   UNO3+3          0.000e+00   0.000e+00   -47.969   -48.508    -0.540     (0)  
   U(NO3)2+2       0.000e+00   0.000e+00   -53.188   -53.433    -0.244     (0)  
U(5)          1.303e-19
   UO2+            1.303e-19   1.131e-19   -18.885   -18.947    -0.062     (0)  
   UO2(CO3)3-5     3.191e-27   8.754e-29   -26.496   -28.058    -1.562     (0)  
U(6)          8.832e-11
   UO2(CO3)3-4     5.094e-11   5.104e-12   -10.293   -11.292    -0.999     (0)  
   UO2(CO3)2-2     3.540e-11   1.995e-11   -10.451   -10.700    -0.249     (0)  
   UO2(OH)2        1.383e-12   1.383e-12   -11.859   -11.859     0.000     (0)  
   UO2CO3          5.241e-13   5.241e-13   -12.281   -12.281     0.000     (0)  
   UO2(OH)3-       4.957e-14   4.301e-14   -13.305   -13.366    -0.062     (0)  
   UO2PO4-         1.251e-14   1.085e-14   -13.903   -13.964    -0.062     (0)  
   UO2OH+          4.303e-15   3.734e-15   -14.366   -14.428    -0.062     (0)  
   UO2HPO4         9.897e-16   9.897e-16   -15.004   -15.004     0.000     (0)  
   UO2SO4          1.320e-16   1.320e-16   -15.879   -15.879     0.000     (0)  
   UO2F+           1.192e-16   1.035e-16   -15.924   -15.985    -0.062     (0)  
   UO2+2           7.945e-17   4.528e-17   -16.100   -16.344    -0.244     (0)  
   (UO2)2CO3(OH)3-   1.541e-17   1.337e-17   -16.812   -16.874    -0.062     (0)  
   UO2F2           6.268e-18   6.268e-18   -17.203   -17.203     0.000     (0)  
   UO2(SO4)2-2     5.058e-18   2.850e-18   -17.296   -17.545    -0.249     (0)  
   UO2H2PO4+       7.749e-20   6.724e-20   -19.111   -19.172    -0.062     (0)  
   UO2(OH)4-2      2.987e-20   1.683e-20   -19.525   -19.774    -0.249     (0)  
   UO2F3-          2.544e-20   2.208e-20   -19.594   -19.656    -0.062     (0)  
   UO2Cl+          6.966e-21   6.044e-21   -20.157   -20.219    -0.062     (0)  
   UO2NO3+         1.834e-22   1.591e-22   -21.737   -21.798    -0.062     (0)  
   UO2F4-2         4.802e-24   2.706e-24   -23.319   -23.568    -0.249     (0)  
   (UO2)2(OH)2+2   3.001e-24   1.711e-24   -23.523   -23.767    -0.244     (0)  
   UO2(H2PO4)2     2.507e-24   2.507e-24   -23.601   -23.601     0.000     (0)  
   UO2Cl2          2.834e-26   2.834e-26   -25.548   -25.548     0.000     (0)  
   (UO2)3(CO3)6-6   1.151e-26   6.482e-29   -25.939   -28.188    -2.249     (0)  
   UO2H3PO4+2      2.050e-27   1.168e-27   -26.688   -26.932    -0.244     (0)  
   (UO2)2OH+3      3.501e-28   1.010e-28   -27.456   -27.996    -0.540     (0)  
   (UO2)3(OH)5+    6.391e-29   5.545e-29   -28.194   -28.256    -0.062     (0)  
   (UO2)3(OH)7-    5.989e-29   5.196e-29   -28.223   -28.284    -0.062     (0)  
   UO2(H2PO4)(H3PO4)+   1.177e-30   1.021e-30   -29.929   -29.991    -0.062     (0)  
   (UO2)3(OH)4+2   7.624e-32   4.345e-32   -31.118   -31.362    -0.244     (0)  
   (UO2)3(OH)5CO2+   2.799e-32   2.428e-32   -31.553   -31.615    -0.062     (0)  
   (UO2)3O(OH)2(HCO3)+   2.257e-32   1.959e-32   -31.646   -31.708    -0.062     (0)  
   (UO2)4(OH)7+    3.414e-36   2.962e-36   -35.467   -35.528    -0.062     (0)  
   (UO2)11(CO3)6(OH)12-2   0.000e+00   0.000e+00   -87.447   -87.696    -0.249     (0)  
   UO2ClO3+        0.000e+00   0.000e+00  -102.706  -102.768    -0.062     (0)  

------------------------------Saturation indices-------------------------------

  Phase               SI** log IAP   log K(287 K,   1 atm)

  (UO2)2As2O7    -115.84   -107.24    8.60  (UO2)2As2O7
  (UO2)2Cl3       -60.85    -47.28   13.57  (UO2)2Cl3
  (UO2)2P2O7      -32.77    -46.89  -14.11  (UO2)2P2O7
  (UO2)3(AsO4)2  -119.26   -108.78   10.47  (UO2)3(AsO4)2
  (UO2)3(PO4)2    -35.28    -48.43  -13.15  (UO2)3(PO4)2
  (UO2)3(PO4)2:4H2O -21.66    -48.43  -26.77  (UO2)3(PO4)2:4H2O
  Alstonite        -3.07     -0.49    2.58  BaCa(CO3)2
  Anhydrite        -1.38     -5.61   -4.23  CaSO4
  Antarcticite    -15.20    -11.11    4.09  CaCl2:6H2O
  Aphthitalite    -15.09    -18.97   -3.89  NaK3(SO4)2
  Aragonite        -0.41      1.72    2.14  CaCO3
  Arcanite         -8.49    -10.48   -1.99  K2SO4
  Arsenolite     -103.77   -124.16  -20.39  As2O3
  Artinite         -8.73     11.74   20.46  Mg2CO3(OH)2:3H2O
  As             -102.38    -57.95   44.43  As
  As2O5          -106.52   -104.15    2.36  As2O5
  As4O6(cubi)    -207.41   -248.31  -40.90  As4O6
  As4O6(mono)    -207.20   -248.31  -41.11  As4O6
  Autunite-H      -21.72    -46.89  -25.17  H2(UO2)2(PO4)2
  Ba             -135.90     10.50  146.40  Ba
  Ba(OH)2:8H2O    -17.12      7.75   24.87  Ba(OH)2:8H2O
  Ba2U2O7         -45.59     -7.60   38.00  Ba2U2O7
  Ba3UO6          -76.24     21.70   97.94  Ba3UO6
  BaCl2           -17.36    -15.04    2.31  BaCl2
  BaCl2:2H2O      -15.15    -15.04    0.11  BaCl2:2H2O
  BaCl2:H2O       -15.85    -15.04    0.81  BaCl2:H2O
  BaCrO4          -15.14    -25.26  -10.12  BaCrO4
  BaHPO4           -6.75    -14.15   -7.40  BaHPO4
  BaMnO4          -50.30    -60.39  -10.09  BaMnO4
  BaO             -41.76      7.75   49.51  BaO
  Barite            0.63     -9.55  -10.18  BaSO4
  Barytocalcite    -3.23     -0.49    2.74  BaCa(CO3)2
  Bassanite        -2.03     -5.61   -3.59  CaSO4:0.5H2O
  Bassetite       -21.38    -38.42  -17.03  Fe(UO2)2(PO4)2
  BaU2O7          -18.55      4.66   23.21  BaU2O7
  BaUO4           -12.84      6.20   19.05  BaUO4
  Birnessite      -75.30   -160.84  -85.55  Mn8O14:5H2O
  Bischofite      -16.34    -11.94    4.39  MgCl2:6H2O
  Bixbyite        -11.86    -11.61    0.25  Mn2O3
  Bloedite        -10.47    -12.95   -2.48  Na2Mg(SO4)2:4H2O
  Brucite          -6.14     10.85   16.99  Mg(OH)2
  Brushite        -16.76    -10.21    6.55  CaHPO4:2H2O
  Burkeite        -21.63    -12.15    9.49  Na6CO3(SO4)2
  C               -71.08     -4.46   66.62  C
  C(g)           -193.23     -4.46  188.77  C
  Ca             -130.60     14.44  145.04  Ca
  Ca(g)          -156.97     14.44  171.40  Ca
  Ca2Cl2(OH)2:H2O -25.71      0.58   26.29  Ca2Cl2(OH)2:H2O
  Ca3(AsO4)2      -87.84    -69.09   18.75  Ca3(AsO4)2
  Ca4Cl2(OH)6:13H2O -44.38     23.95   68.33  Ca4Cl2(OH)6:13H2O
  Calcite          -0.26      1.72    1.99  CaCO3
  Carnallite      -24.20    -19.93    4.27  KMgCl3:6H2O
  CaSO4:0.5H2O(beta)  -2.21     -5.61   -3.40  CaSO4:0.5H2O
  CaUO4            -6.63     10.14   16.77  CaUO4
  Celestite        -2.09     -7.78   -5.68  SrSO4
  Chloromagnesite -34.77    -11.94   22.82  MgCl2
  Chromite          8.65     25.51   16.86  FeCr2O4
  Cl2(g)          -28.87    -25.54    3.33  Cl2
  Claudetite     -103.84   -124.16  -20.32  As2O3
  CO2(g)           -2.20     -9.96   -7.76  CO2
  Cr              -90.19     12.65  102.84  Cr
  CrCl3           -44.75    -25.67   19.09  CrCl3
  CrF3            -19.69    -27.78   -8.09  CrF3
  CrF4            -58.83    -70.97  -12.14  CrF4
  CrO2             -2.88    -22.57  -19.69  CrO2
  CrO3            -29.49    -33.01   -3.52  CrO3
  Dolomite         -0.25      2.61    2.86  CaMg(CO3)2
  Dolomite-dis     -1.86      2.61    4.47  CaMg(CO3)2
  Dolomite-ord     -0.24      2.61    2.85  CaMg(CO3)2
  Epsomite         -4.49     -6.45   -1.96  MgSO4:7H2O
  Eskolaite       -48.75    -57.77   -9.03  Cr2O3
  F2(g)           -85.13    -26.95   58.18  F2
  Fe              -50.15     11.22   61.37  Fe
  Fe(OH)2          -6.03      8.47   14.50  Fe(OH)2
  Fe(OH)3           0.53      6.70    6.18  Fe(OH)3
  Fe2(SO4)3       -43.12    -38.49    4.63  Fe2(SO4)3
  FeF2            -13.64    -15.73   -2.09  FeF2
  FeF3            -10.41    -29.60  -19.19  FeF3
  FeO              -5.72      8.47   14.20  FeO
  Ferrite-Ca        1.92     25.10   23.18  CaFe2O4
  Ferrite-Dicalcium -23.03     36.78   59.81  Ca2Fe2O5
  Ferrite-Mg        1.46     24.26   22.80  MgFe2O4
  FeSO4           -11.90     -8.83    3.07  FeSO4
  Fluorapatite      5.21    -19.37  -24.57  Ca5(PO4)3F
  Fluorite         -2.37    -12.51  -10.14  CaF2
  Frankdicksonite -10.69    -16.45   -5.76  BaF2
  Gaylussite       -8.60      2.57   11.16  CaNa2(CO3)2:5H2O
  Glauberite       -6.64    -12.11   -5.47  Na2Ca(SO4)2
  Goethite          5.78      6.70    0.92  FeOOH
  Gypsum           -1.10     -5.61   -4.52  CaSO4:2H2O
  H2(g)           -23.05    -26.12   -3.07  H2
  H2O(g)           -1.87     -0.00    1.87  H2O
  Halite           -7.53     -5.99    1.54  NaCl
  Hausmannite     -14.75     -2.90   11.85  Mn3O4
  HCl(g)          -18.17    -11.40    6.77  HCl
  Hematite         12.51     13.41    0.90  Fe2O3
  Hexahydrite      -4.73     -6.45   -1.73  MgSO4:6H2O
  Huntite          -6.93      4.39   11.31  CaMg3(CO3)4
  Hydromagnesite  -18.27     14.40   32.66  Mg5(CO3)4(OH)2:4H2O
  Hydrophilite    -23.37    -11.11   12.26  CaCl2
  Hydroxylapatite  -5.26     -7.26   -2.00  Ca5(OH)(PO4)3
  Ice              -0.10     -0.00    0.10  H2O
  Jarosite         -2.86    -11.08   -8.22  KFe3(SO4)2(OH)6
  Jarosite-Na      -3.64     -9.09   -5.45  NaFe3(SO4)2(OH)6
  K               -68.67      4.78   73.46  K
  K(g)            -79.84      4.78   84.62  K
  K2CO3:1.5H2O    -16.52     -3.15   13.38  K2CO3:1.5H2O
  K2O             -79.92      6.82   86.74  K2O
  K2UO4           -29.71      5.27   34.98  K2UO4
  K3H(SO4)2       -20.75    -24.38   -3.62  K3H(SO4)2
  K8H4(CO3)6:3H2O -60.22    -32.51   27.71  K8H4(CO3)6:3H2O
  Kainite         -14.13    -14.44   -0.31  KMgClSO4:3H2O
  Kalicinite       -6.84     -6.55    0.28  KHCO3
  Kieserite        -6.18     -6.45   -0.27  MgSO4:H2O
  KMgCl3          -42.00    -19.93   22.07  KMgCl3
  KMgCl3:2H2O     -34.37    -19.93   14.44  KMgCl3:2H2O
  KNaCO3:6H2O     -11.41     -1.15   10.26  KNaCO3:6H2O
  KUO2AsO4        -46.04    -50.21   -4.17  KUO2AsO4
  Lansfordite      -3.95      0.89    4.84  MgCO3:5H2O
  Lawrencite      -23.91    -14.32    9.59  FeCl2
  Leonite         -12.82    -16.94   -4.11  K2Mg(SO4)2:4H2O
  Li              -72.21      3.20   75.41  Li
  Li(g)           -95.40      3.20   98.60  Li
  Li2UO4          -26.89      2.10   28.99  Li2UO4
  Lime            -22.11     11.69   33.80  CaO
  LiUO2AsO4       -51.01    -51.80   -0.79  LiUO2AsO4
  Lopezite        -41.21    -59.21  -18.00  K2Cr2O7
  Magnesiochromite   4.27     27.89   23.62  MgCr2O4
  Magnesite        -1.67      0.89    2.56  MgCO3
  Magnetite        10.09     21.88   11.79  Fe3O4
  Manganite        -5.64     -5.81   -0.16  MnO(OH)
  Manganosite      -9.97      8.72   18.69  MnO
  Melanterite      -6.37     -8.83   -2.46  FeSO4:7H2O
  Mercallite      -12.45    -13.89   -1.44  KHSO4
  Mg             -113.64     13.60  127.24  Mg
  Mg(g)          -134.29     13.60  147.89  Mg
  Mg1.25SO4(OH)0.5:0.5H2O  -9.55     -3.74    5.81  Mg1.25SO4(OH)0.5:0.5H2O
  Mg1.5SO4(OH)    -11.04     -1.03   10.01  Mg1.5SO4(OH)
  MgCl2:2H2O      -25.26    -11.94   13.32  MgCl2:2H2O
  MgCl2:4H2O      -19.53    -11.94    7.59  MgCl2:4H2O
  MgCl2:H2O       -28.77    -11.94   16.83  MgCl2:H2O
  MgOHCl          -17.19     -0.55   16.65  MgOHCl
  MgSO4           -11.86     -6.45    5.40  MgSO4
  MgUO4           -14.95      9.30   24.26  MgUO4
  Mirabilite       -4.86     -6.50   -1.64  Na2SO4:10H2O
  Misenite        -82.76    -93.84  -11.08  K8H6(SO4)7
  Mn              -74.63     11.47   86.10  Mn
  Mn(OH)2(am)      -7.21      8.71   15.93  Mn(OH)2
  Mn(OH)3         -12.15     -5.81    6.34  Mn(OH)3
  Mn3(PO4)2       -18.47    -17.65    0.82  Mn3(PO4)2
  MnCl2:2H2O      -18.29    -14.08    4.21  MnCl2:2H2O
  MnCl2:4H2O      -16.90    -14.08    2.82  MnCl2:4H2O
  MnCl2:H2O       -19.93    -14.08    5.86  MnCl2:H2O
  MnHPO4           -0.24    -13.18  -12.95  MnHPO4
  MnO2(gamma)     -13.59    -29.71  -16.13  MnO2
  MnSO4           -11.61     -8.59    3.02  MnSO4
  Molysite        -41.91    -27.48   14.43  FeCl3
  Monohydrocalcite  -1.08      1.72    2.81  CaCO3:H2O
  Na              -63.00      6.78   69.78  Na
  Na(g)           -77.17      6.78   83.95  Na
  Na2CO3          -10.58      0.84   11.42  Na2CO3
  Na2CO3:7H2O      -8.94      0.84    9.78  Na2CO3:7H2O
  Na2Cr2O7        -44.88    -55.22  -10.34  Na2Cr2O7
  Na2CrO4         -25.22    -22.21    3.01  Na2CrO4
  Na2O            -58.84     10.81   69.65  Na2O
  Na2U2O7         -15.97      7.72   23.69  Na2U2O7
  Na2UO4(alpha)   -21.86      9.26   31.12  Na2UO4
  Na3H(SO4)2      -17.50    -18.39   -0.89  Na3H(SO4)2
  Na3UO4          -53.45      4.66   58.11  Na3UO4
  Na4Ca(SO4)3:2H2O -12.71    -18.61   -5.89  Na4Ca(SO4)3:2H2O
  Na4UO2(CO3)3    -13.86     -9.82    4.04  Na4UO2(CO3)3
  NaFeO2           -8.81     12.11   20.92  NaFeO2
  Nahcolite        -4.32     -4.56   -0.24  NaHCO3
  Natron           -8.44      0.84    9.29  Na2CO3:10H2O
  NaUO3           -14.83     -6.14    8.69  NaUO3
  Nesquehonite     -4.73      0.89    5.62  MgCO3:3H2O
  NH3(g)           -8.34     -6.32    2.02  NH3
  Ningyoite       -17.15    -46.74  -29.59  CaUP2O8:2H2O
  Niter            -9.28     -9.73   -0.45  KNO3
  Nitrobarite     -15.77    -18.52   -2.75  Ba(NO3)2
  NO(g)           -13.64    -12.63    1.01  NO
  NO2(g)          -20.61    -11.76    8.85  NO2
  O2(g)            -2.69     -5.50   -2.81  O2
  Oxychloride-Mg  -15.53     10.30   25.83  Mg2Cl(OH)3:4H2O
  P              -152.43    -15.02  137.41  P
  Pentahydrite     -5.07     -6.45   -1.39  MgSO4:5H2O
  Periclase       -11.43     10.85   22.28  MgO
  Picromerite     -12.50    -16.94   -4.44  K2Mg(SO4)2:6H2O
  Pirssonite       -8.76      2.57   11.32  Na2Ca(CO3)2:2H2O
  Polyhalite      -13.85    -28.16  -14.31  K2MgCa2(SO4)4:2H2O
  Portlandite     -11.68     11.69   23.36  Ca(OH)2
  Pyrolusite      -11.53    -29.71  -18.18  MnO2
  Rhodochrosite    -1.17     -1.25   -0.08  MnCO3
  Rutherfordine    -7.51    -11.51   -4.00  UO2CO3
  Saleeite        -17.25    -36.04  -18.79  Mg(UO2)2(PO4)2
  Scacchite       -23.29    -14.08    9.21  MnCl2
  Schoepite        -6.70     -1.54    5.16  UO3:2H2O
  Schoepite-dehy(.393)  -8.71     -1.54    7.17  UO3:.393H2O
  Schoepite-dehy(.648)  -8.17     -1.54    6.63  UO3:.648H2O
  Schoepite-dehy(.85)  -7.00     -1.54    5.46  UO3:.85H2O
  Schoepite-dehy(.9)  -6.92     -1.54    5.37  UO3:.9H2O
  Schoepite-dehy(1.0)  -7.02     -1.54    5.47  UO3:H2O
  Sellaite         -3.99    -13.35   -9.36  MgF2
  Siderite         -1.48     -1.49   -0.01  FeCO3
  Sr             -134.75     12.28  147.03  Sr
  Sr(NO3)2        -17.79    -16.74    1.05  Sr(NO3)2
  Sr(NO3)2:4H2O   -17.13    -16.74    0.39  Sr(NO3)2:4H2O
  Sr(OH)2         -18.97      9.52   28.50  Sr(OH)2
  Sr3(AsO4)2      -97.15    -75.58   21.57  Sr3(AsO4)2
  SrCl2           -21.52    -13.27    8.25  SrCl2
  SrCl2:2H2O      -16.67    -13.27    3.40  SrCl2:2H2O
  SrCl2:6H2O      -14.61    -13.27    1.34  SrCl2:6H2O
  SrCl2:H2O       -18.21    -13.27    4.95  SrCl2:H2O
  SrCrO4          -19.59    -23.49   -3.90  SrCrO4
  SrF2             -6.14    -14.68   -8.54  SrF2
  SrHPO4           -6.24    -12.38   -6.14  SrHPO4
  SrO             -33.90      9.52   43.43  SrO
  SrUO4(alpha)    -12.14      7.98   20.12  SrUO4
  Starkeyite       -5.45     -6.45   -1.00  MgSO4:4H2O
  Strengite        -4.04    -15.20  -11.15  FePO4:2H2O
  Strontianite     -0.14     -0.44   -0.29  SrCO3
  Sylvite          -8.70     -7.99    0.72  KCl
  Syngenite        -8.50    -16.10   -7.60  K2Ca(SO4)2:H2O
  Tachyhydrite    -52.14    -34.99   17.14  Mg2CaCl6:12H2O
  Tarapacaite     -25.66    -26.20   -0.54  K2CrO4
  Thenardite       -6.16     -6.50   -0.34  Na2SO4
  Thermonatrite   -10.27      0.84   11.12  Na2CO3:H2O
  Todorokite      -57.16   -102.98  -45.82  Mn7O12:3H2O
  Trona-K         -19.29     -7.71   11.59  K2NaH(CO3)2:2H2O
  U              -214.20      6.71  220.91  U
  U(CO3)2         -43.15    -34.55    8.60  U(CO3)2
  U(g)           -303.13      6.71  309.83  U
  U(HPO4)2:4H2O   -25.40    -58.43  -33.03  U(HPO4)2:4H2O
  U(OH)2SO4       -28.85    -31.93   -3.07  U(OH)2SO4
  U(SO4)2         -38.31    -49.23  -10.92  U(SO4)2
  U(SO4)2:4H2O    -38.12    -49.23  -11.11  U(SO4)2:4H2O
  U(SO4)2:8H2O    -36.88    -49.23  -12.35  U(SO4)2:8H2O
  U2C3           -550.40    -77.42  472.98  U2C3
  U2Cl10(g)      -223.52   -137.05   86.46  U2Cl10
  U2Cl8(g)       -207.57   -120.42   87.15  U2Cl8
  U2F10(g)       -133.15   -144.10  -10.95  U2F10
  U2F9            -89.72   -135.08  -45.35  U2F9
  U2O2Cl5        -103.95    -83.15   20.80  U2O2Cl5
  U2O3F6          -74.31    -75.69   -1.39  U2O3F6
  U3As4          -835.13   -327.86  507.27  U3As4
  U3O5F8         -100.22   -101.44   -1.22  U3O5F8
  U3P4           -1016.91   -156.14  860.76  U3P4
  U4F17          -156.56   -261.13 -104.57  U4F17
  U5O12Cl         -50.41    -69.13  -18.72  U5O12Cl
  UAs            -244.96    -89.97  154.99  UAs
  UAs2           -344.63   -147.92  196.71  UAs2
  UC             -238.88    -36.48  202.40  UC
  UC1.94(alpha)  -307.81    -40.67  267.14  UC1.94
  UCl(g)         -247.85    -17.44  230.41  UCl
  UCl2(g)        -210.03    -18.83  191.20  UCl2
  UCl2F2          -58.86    -61.62   -2.76  UCl2F2
  UCl3            -84.10    -70.33   13.77  UCl3
  UCl3(g)        -131.78    -70.33   61.45  UCl3
  UCl3F           -72.33    -60.91   11.41  UCl3F
  UCl4            -83.65    -60.21   23.44  UCl4
  UCl4(g)        -109.35    -60.21   49.15  UCl4
  UCl5           -107.34    -68.53   38.81  UCl5
  UCl5(g)        -125.55    -68.53   57.02  UCl5
  UCl6           -129.84    -69.92   59.92  UCl6
  UCl6(g)        -136.22    -69.92   66.30  UCl6
  UClF3           -45.21    -62.32  -17.11  UClF3
  UF(g)          -232.58    -18.15  214.43  UF
  UF2(g)         -199.83    -20.24  179.58  UF2
  UF3             -52.94    -72.45  -19.50  UF3
  UF3(g)         -122.43    -72.45   49.98  UF3
  UF4             -33.89    -63.03  -29.14  UF4
  UF4(g)          -79.66    -63.03   16.63  UF4
  UF4:2.5H2O      -29.44    -63.03  -33.59  UF4:2.5H2O
  UF5(alpha)      -59.46    -72.05  -12.59  UF5
  UF5(beta)       -59.08    -72.05  -12.97  UF5
  UF5(g)          -79.73    -72.05    7.68  UF5
  UF6             -93.12    -74.15   18.97  UF6
  UF6(g)          -94.27    -74.15   20.12  UF6
  UH3(beta)      -235.26    -27.89  207.37  UH3
  UN              -86.01    -42.47   43.54  UN
  UN1.59(alpha)   -61.17    -21.28   39.89  UN1.59
  UN1.73(alpha)   -51.11    -22.74   28.36  UN1.73
  UO(g)          -216.06      3.96  220.02  UO
  UO2(am)         -14.73    -14.62    0.11  UO2
  UO2(AsO3)2     -113.30   -105.70    7.60  UO2(AsO3)2
  UO2(g)         -129.58      1.21  130.79  UO2
  UO2(NO3)2       -40.28    -27.81   12.47  UO2(NO3)2
  UO2(NO3)2:2H2O  -32.89    -27.81    5.07  UO2(NO3)2:2H2O
  UO2(NO3)2:3H2O  -31.56    -27.81    3.75  UO2(NO3)2:3H2O
  UO2(NO3)2:6H2O  -29.99    -27.81    2.17  UO2(NO3)2:6H2O
  UO2(NO3)2:H2O   -36.66    -27.81    8.85  UO2(NO3)2:H2O
  UO2(OH)2(beta)   -6.85     -1.54    5.31  UO2(OH)2
  UO2(PO3)2       -29.37    -45.34  -15.98  UO2(PO3)2
  UO2.25           -8.49    -13.09   -4.59  UO2.25
  UO2.25(beta)     -8.57    -13.09   -4.52  UO2.25
  UO2.3333(beta)   -3.67    -31.08  -27.41  (UO2.3333)2
  UO2.6667         10.99    -32.92  -43.90  (UO2.6667)2
  UO2Cl           -22.54    -22.94   -0.40  UO2Cl
  UO2Cl2          -37.14    -24.34   12.80  UO2Cl2
  UO2Cl2(g)       -74.69    -24.34   50.35  UO2Cl2
  UO2Cl2:3H2O     -30.24    -24.34    5.90  UO2Cl2:3H2O
  UO2Cl2:H2O      -33.12    -24.34    8.78  UO2Cl2:H2O
  UO2ClOH:2H2O    -15.46    -12.94    2.52  UO2ClOH:2H2O
  UO2CO3           -7.50    -11.51   -4.01  UO2CO3
  UO2F2           -18.71    -25.75   -7.04  UO2F2
  UO2F2(g)        -62.51    -25.75   36.77  UO2F2
  UO2F2:3H2O      -18.45    -25.75   -7.30  UO2F2:3H2O
  UO2FOH          -12.06    -13.65   -1.58  UO2FOH
  UO2FOH:2H2O     -11.12    -13.65   -2.52  UO2FOH:2H2O
  UO2FOH:H2O      -11.56    -13.65   -2.09  UO2FOH:H2O
  UO2HPO4         -10.77    -23.44  -12.68  UO2HPO4
  UO2HPO4:4H2O    -10.32    -23.44  -13.13  UO2HPO4:4H2O
  UO2SO4          -21.30    -18.85    2.46  UO2SO4
  UO2SO4:2.5H2O   -17.57    -18.85   -1.27  UO2SO4:2.5H2O
  UO2SO4:3.5H2O   -17.53    -18.85   -1.32  UO2SO4:3.5H2O
  UO2SO4:3H2O     -17.65    -18.85   -1.19  UO2SO4:3H2O
  UO2SO4:H2O      -13.03    -18.85   -5.82  UO2SO4:H2O
  UO3(alpha)      -10.74     -1.54    9.19  UO3
  UO3(beta)       -10.39     -1.54    8.85  UO3
  UO3(g)          -75.70     -1.54   74.15  UO3
  UO3(gamma)       -9.77     -1.54    8.22  UO3
  UO3:.9H2O(alpha)  -6.92     -1.54    5.38  UO3:.9H2O
  UO3:2H2O         -6.70     -1.54    5.16  UO3:2H2O
  UOCl            -58.60    -47.54   11.06  UOCl
  UOCl2           -43.74    -37.42    6.32  UOCl2
  UOCl3           -58.96    -45.73   13.22  UOCl3
  UOF2            -20.94    -38.83  -17.89  UOF2
  UOF2:H2O        -20.32    -38.83  -18.51  UOF2:H2O
  UOF4            -55.43    -49.95    5.49  UOF4
  UOF4(g)         -76.14    -49.95   26.19  UOF4
  UOFOH           -18.25    -26.73   -8.47  UOFOH
  UOFOH:.5H2O     -36.73    -10.89   25.83  UOFOH:.5H2O
  UP             -289.89    -47.04  242.85  UP
  UP2            -437.08    -62.06  375.01  UP2
  UP2O7           -25.59    -58.42  -32.83  UP2O7
  UP2O7:20H2O     -29.80    -58.43  -28.63  UP2O7:20H2O
  UPO5            -13.63    -33.45  -19.82  UPO5
  Uraninite       -10.29    -14.62   -4.34  UO2
  Uranocircite    -19.75    -39.14  -19.38  Ba(UO2)2(PO4)2
  Vivianite       -13.66    -18.39   -4.72  Fe3(PO4)2:8H2O
  Whitlockite      -5.16     -8.74   -3.58  Ca3(PO4)2
  Witherite         0.90     -2.21   -3.12  BaCO3
  Wustite          -5.22      7.84   13.05  Fe.947O

**For a gas, SI = log10(fugacity). Fugacity = pressure * phi / 1 atm.
  For ideal gases, phi = 1.

-----------------------------------------
Beginning of batch-reaction calculations.
-----------------------------------------

Reaction step 1.

Using solution 1.	GS-392400104150601
Using temperature 1.	
Using pressure 1.	

-----------------------------Solution composition------------------------------

	Elements           Molality       Moles

	As                1.336e-09   1.336e-09
	Ba                1.545e-07   1.545e-07
	C                 3.541e-03   3.541e-03
	Ca                1.666e-03   1.666e-03
	Cl                1.172e-04   1.172e-04
	Cr                3.453e-09   3.453e-09
	F                 2.319e-05   2.319e-05
	Fe                7.493e-06   7.493e-06
	K                 1.211e-04   1.211e-04
	Li                3.072e-06   3.072e-06
	Mg                2.595e-04   2.595e-04
	Mn                2.059e-06   2.059e-06
	N                 8.463e-05   8.463e-05
	Na                1.189e-02   1.189e-02
	P                 2.586e-07   2.586e-07
	S                 6.244e-03   6.244e-03
	Sr                1.257e-05   1.257e-05
	U                 8.832e-11   8.832e-11

----------------------------Description of solution----------------------------

                                       pH  =   7.367      Charge balance
                                       pe  =  -3.689      Adjusted to redox equilibrium
                        Activity of water  =   1.000
                 Ionic strength (mol/kgw)  =   2.185e-02
                       Mass of water (kg)  =   1.000e+00
                 Total alkalinity (eq/kg)  =   3.247e-03
                       Total CO2 (mol/kg)  =   3.541e-03
                         Temperature (°C)  =  14.60
                           Pressure (atm)  =  3.00
                  Electrical balance (eq)  =   9.288e-05
 Percent error, 100*(Cat-|An|)/(Cat+|An|)  =   0.31
                               Iterations  =  19
                                  Total H  = 1.110542e+02
                                  Total O  = 5.556066e+01

----------------------------Distribution of species----------------------------

                                               Log       Log       Log    mole V
   Species          Molality    Activity  Molality  Activity     Gamma   cm³/mol

   OH-             1.148e-07   9.929e-08    -6.940    -7.003    -0.063     (0)  
   H+              4.828e-08   4.293e-08    -7.316    -7.367    -0.051      0.00
   H2O             5.553e+01   9.996e-01     1.744    -0.000     0.000     18.03
As(-3)        0.000e+00
   AsH3            0.000e+00   0.000e+00   -64.477   -64.477     0.000     (0)  
As(3)         1.323e-37
   HAsO2           6.948e-38   6.948e-38   -37.158   -37.158     0.000     (0)  
   As(OH)3         6.152e-38   6.152e-38   -37.211   -37.211     0.000     (0)  
   H2AsO3-         6.710e-40   5.823e-40   -39.173   -39.235    -0.062     (0)  
   AsO2-           6.623e-40   5.747e-40   -39.179   -39.241    -0.062     (0)  
   HAsS2           0.000e+00   0.000e+00   -40.817   -40.817     0.000     (0)  
   AsO2OH-2        0.000e+00   0.000e+00   -42.803   -43.052    -0.249     (0)  
As(5)         1.336e-09
   AsO3F-2         1.309e-09   7.381e-10    -8.883    -9.132    -0.249     (0)  
   HAsO3F-         2.711e-11   2.353e-11   -10.567   -10.628    -0.062     (0)  
   HAsO4-2         0.000e+00   0.000e+00   -43.860   -44.109    -0.249     (0)  
   H2AsO4-         0.000e+00   0.000e+00   -44.614   -44.676    -0.062     (0)  
   AsO4-3          0.000e+00   0.000e+00   -47.897   -48.458    -0.561     (0)  
   H3AsO4          0.000e+00   0.000e+00   -49.841   -49.841     0.000     (0)  
Ba            1.545e-07
   Ba+2            1.545e-07   8.907e-08    -6.811    -7.050    -0.239     (0)  
   BaCO3           7.570e-11   7.570e-11   -10.121   -10.121     0.000     (0)  
   BaCl+           2.953e-12   2.562e-12   -11.530   -11.591    -0.062     (0)  
   BaF+            1.236e-12   1.072e-12   -11.908   -11.970    -0.062     (0)  
   BaOH+           8.110e-14   7.038e-14   -13.091   -13.153    -0.062     (0)  
   BaNO3+          0.000e+00   0.000e+00   -89.782   -89.844    -0.062     (0)  
C(-2)         0.000e+00
   C2H4            0.000e+00   0.000e+00   -60.904   -60.904     0.000     (0)  
C(-3)         6.124e-19
   C2H6            3.062e-19   3.062e-19   -18.514   -18.514     0.000     (0)  
C(-4)         1.505e-11
   CH4             1.505e-11   1.505e-11   -10.822   -10.822     0.000     (0)  
C(2)          6.548e-17
   CO              6.548e-17   6.548e-17   -16.184   -16.184     0.000     (0)  
C(4)          3.541e-03
   HCO3-           3.135e-03   2.721e-03    -2.504    -2.565    -0.062     (0)  
   CO2             3.144e-04   3.160e-04    -3.503    -3.500     0.002     (0)  
   NaHCO3          4.780e-05   4.780e-05    -4.321    -4.321     0.000     (0)  
   CaHCO3+         2.828e-05   2.454e-05    -4.549    -4.610    -0.062     (0)  
   MgHCO3+         3.991e-06   3.464e-06    -5.399    -5.460    -0.062     (0)  
   CO3-2           3.961e-06   2.259e-06    -5.402    -5.646    -0.244     (0)  
   CaCO3           3.159e-06   3.159e-06    -5.500    -5.500     0.000     (0)  
   FeHCO3+         3.073e-06   2.667e-06    -5.512    -5.574    -0.062     (0)  
   FeCO3           2.982e-07   2.982e-07    -6.526    -6.526     0.000     (0)  
   MgCO3           2.309e-07   2.309e-07    -6.637    -6.637     0.000     (0)  
   NaCO3-          1.198e-07   1.039e-07    -6.922    -6.983    -0.062     (0)  
   MnCO3           8.136e-08   8.136e-08    -7.090    -7.090     0.000     (0)  
   MnHCO3+         1.973e-08   1.712e-08    -7.705    -7.766    -0.062     (0)  
   SrCO3           7.302e-09   7.302e-09    -8.137    -8.137     0.000     (0)  
   BaCO3           7.570e-11   7.570e-11   -10.121   -10.121     0.000     (0)  
   UO2(CO3)3-4     6.595e-17   6.625e-18   -16.181   -17.179    -0.998     (0)  
   UO2(CO3)2-2     4.986e-17   2.811e-17   -16.302   -16.551    -0.249     (0)  
   FeCO3+          1.020e-18   8.851e-19   -17.991   -18.053    -0.062     (0)  
   UO2CO3          8.019e-19   8.019e-19   -18.096   -18.096     0.000     (0)  
   U(CO3)4-4       2.864e-21   2.877e-22   -20.543   -21.541    -0.998     (0)  
   UO2(CO3)3-5     2.016e-25   5.556e-27   -24.695   -26.255    -1.560     (0)  
   U(CO3)5-6       5.225e-27   2.962e-29   -26.282   -28.528    -2.247     (0)  
   (UO2)2CO3(OH)3-   3.137e-29   2.722e-29   -28.504   -28.565    -0.062     (0)  
   (UO2)3(CO3)6-6   0.000e+00   0.000e+00   -43.495   -45.741    -2.247     (0)  
   (UO2)3(OH)5CO2+   0.000e+00   0.000e+00   -49.023   -49.085    -0.062     (0)  
   (UO2)3O(OH)2(HCO3)+   0.000e+00   0.000e+00   -49.117   -49.179    -0.062     (0)  
   (UO2)11(CO3)6(OH)12-2   0.000e+00   0.000e+00  -151.622  -151.871    -0.249     (0)  
Ca            1.666e-03
   Ca+2            1.312e-03   7.721e-04    -2.882    -3.112    -0.230     (0)  
   CaSO4           3.229e-04   3.229e-04    -3.491    -3.491     0.000     (0)  
   CaHCO3+         2.828e-05   2.454e-05    -4.549    -4.610    -0.062     (0)  
   CaCO3           3.159e-06   3.159e-06    -5.500    -5.500     0.000     (0)  
   CaF+            8.333e-08   7.232e-08    -7.079    -7.141    -0.062     (0)  
   CaHPO4          3.300e-08   3.300e-08    -7.482    -7.482     0.000     (0)  
   CaCl+           1.853e-08   1.609e-08    -7.732    -7.794    -0.062     (0)  
   CaOH+           2.931e-09   2.543e-09    -8.533    -8.595    -0.062     (0)  
   CaPO4-          2.216e-09   1.923e-09    -8.655    -8.716    -0.062     (0)  
   CaCl2           2.138e-12   2.138e-12   -11.670   -11.670     0.000     (0)  
   CaP2O7-2        9.361e-15   5.278e-15   -14.029   -14.278    -0.249     (0)  
   CaH2PO4+        7.461e-17   6.475e-17   -16.127   -16.189    -0.062     (0)  
   CaNO3+          0.000e+00   0.000e+00   -86.044   -86.106    -0.062     (0)  
Cl(-1)        1.172e-04
   Cl-             1.170e-04   1.009e-04    -3.932    -3.996    -0.064     (0)  
   NaCl            1.650e-07   1.650e-07    -6.783    -6.783     0.000     (0)  
   CaCl+           1.853e-08   1.609e-08    -7.732    -7.794    -0.062     (0)  
   MgCl+           1.035e-08   8.981e-09    -7.985    -8.047    -0.062     (0)  
   SrCl+           3.290e-10   2.855e-10    -9.483    -9.544    -0.062     (0)  
   KCl             2.785e-10   2.785e-10    -9.555    -9.555     0.000     (0)  
   MnCl+           1.574e-10   1.366e-10    -9.803    -9.864    -0.062     (0)  
   FeCl+           1.519e-10   1.318e-10    -9.819    -9.880    -0.062     (0)  
   LiCl            8.133e-12   8.133e-12   -11.090   -11.090     0.000     (0)  
   BaCl+           2.953e-12   2.562e-12   -11.530   -11.591    -0.062     (0)  
   CaCl2           2.138e-12   2.138e-12   -11.670   -11.670     0.000     (0)  
   HCl             9.536e-13   9.536e-13   -12.021   -12.021     0.000     (0)  
   FeCl2           6.770e-17   6.770e-17   -16.169   -16.169     0.000     (0)  
   CrCl+2          3.054e-18   1.742e-18   -17.515   -17.759    -0.244     (0)  
   MnCl3-          4.553e-19   3.951e-19   -18.342   -18.403    -0.062     (0)  
   CrCl2+          2.430e-22   2.109e-22   -21.614   -21.676    -0.062     (0)  
   FeCl4-2         3.489e-24   1.967e-24   -23.457   -23.706    -0.249     (0)  
   UO2Cl+          1.157e-26   1.004e-26   -25.937   -25.998    -0.062     (0)  
   FeCl+2          4.497e-28   2.565e-28   -27.347   -27.591    -0.244     (0)  
   FeCl2+          4.120e-29   3.576e-29   -28.385   -28.447    -0.062     (0)  
   UO2Cl2          4.709e-32   4.709e-32   -31.327   -31.327     0.000     (0)  
   UCl+3           7.687e-37   2.222e-37   -36.114   -36.653    -0.539     (0)  
   FeCl4-          5.045e-40   4.378e-40   -39.297   -39.359    -0.062     (0)  
   CrO3Cl-         0.000e+00   0.000e+00   -52.601   -52.663    -0.062     (0)  
Cl(1)         0.000e+00
   HClO            0.000e+00   0.000e+00   -56.489   -56.489     0.000     (0)  
   ClO-            0.000e+00   0.000e+00   -56.630   -56.691    -0.062     (0)  
Cl(3)         0.000e+00
   ClO2-           0.000e+00   0.000e+00  -102.100  -102.161    -0.062     (0)  
   HClO2           0.000e+00   0.000e+00  -106.359  -106.359     0.000     (0)  
Cl(5)         0.000e+00
   ClO3-           0.000e+00   0.000e+00  -133.219  -133.281    -0.063     (0)  
   UO2ClO3+        0.000e+00   0.000e+00  -154.816  -154.877    -0.062     (0)  
Cl(7)         0.000e+00
   ClO4-           0.000e+00   0.000e+00  -168.719  -168.782    -0.063     (0)  
Cr(2)         1.188e-19
   Cr+2            1.188e-19   6.774e-20   -18.925   -19.169    -0.244     (0)  
Cr(3)         3.453e-09
   Cr(OH)2+        3.042e-09   2.640e-09    -8.517    -8.578    -0.062     (0)  
   Cr(OH)3         3.085e-10   3.085e-10    -9.511    -9.511     0.000     (0)  
   CrOH+2          9.947e-11   5.673e-11   -10.002   -10.246    -0.244     (0)  
   Cr(OH)4-        3.300e-12   2.864e-12   -11.481   -11.543    -0.062     (0)  
   Cr+3            7.118e-14   2.433e-14   -13.148   -13.614    -0.466     (0)  
   Cr2(OH)2+4      2.445e-17   2.803e-18   -16.612   -17.552    -0.941     (0)  
   CrCl+2          3.054e-18   1.742e-18   -17.515   -17.759    -0.244     (0)  
   Cr3(OH)4+5      8.355e-19   3.014e-20   -18.078   -19.521    -1.443     (0)  
   CrCl2+          2.430e-22   2.109e-22   -21.614   -21.676    -0.062     (0)  
Cr(5)         1.845e-35
   CrO4-3          1.845e-35   5.070e-36   -34.734   -35.295    -0.561     (0)  
Cr(6)         0.000e+00
   CrO4-2          0.000e+00   0.000e+00   -41.225   -41.474    -0.249     (0)  
   HCrO4-          0.000e+00   0.000e+00   -42.272   -42.333    -0.062     (0)  
   H2CrO4          0.000e+00   0.000e+00   -51.289   -51.289     0.000     (0)  
   CrO3Cl-         0.000e+00   0.000e+00   -52.601   -52.663    -0.062     (0)  
   Cr2O7-2         0.000e+00   0.000e+00   -82.775   -83.024    -0.249     (0)  
F             2.319e-05
   F-              2.302e-05   1.992e-05    -4.638    -4.701    -0.063     (0)  
   CaF+            8.333e-08   7.232e-08    -7.079    -7.141    -0.062     (0)  
   MgF+            6.035e-08   5.237e-08    -7.219    -7.281    -0.062     (0)  
   NaF             1.919e-08   1.919e-08    -7.717    -7.717     0.000     (0)  
   AsO3F-2         1.309e-09   7.381e-10    -8.883    -9.132    -0.249     (0)  
   HF              1.072e-09   1.072e-09    -8.970    -8.970     0.000     (0)  
   FeF+            9.819e-10   8.521e-10    -9.008    -9.069    -0.062     (0)  
   MnF+            5.105e-10   4.431e-10    -9.292    -9.354    -0.062     (0)  
   SrF+            1.665e-10   1.445e-10    -9.779    -9.840    -0.062     (0)  
   HAsO3F-         2.711e-11   2.353e-11   -10.567   -10.628    -0.062     (0)  
   PO3F-2          1.864e-12   1.051e-12   -11.730   -11.978    -0.249     (0)  
   BaF+            1.236e-12   1.072e-12   -11.908   -11.970    -0.062     (0)  
   HF2-            5.346e-15   4.639e-15   -14.272   -14.334    -0.062     (0)  
   HPO3F-          6.537e-16   5.673e-16   -15.185   -15.246    -0.062     (0)  
   H2F2            4.285e-18   4.285e-18   -17.368   -17.368     0.000     (0)  
   UO2F+           1.981e-22   1.719e-22   -21.703   -21.765    -0.062     (0)  
   H2PO3F          1.558e-22   1.558e-22   -21.807   -21.807     0.000     (0)  
   FeF+2           1.106e-23   6.308e-24   -22.956   -23.200    -0.244     (0)  
   UO2F2           1.042e-23   1.042e-23   -22.982   -22.982     0.000     (0)  
   FeF2+           2.030e-24   1.762e-24   -23.692   -23.754    -0.062     (0)  
   UO2F3-          4.227e-26   3.669e-26   -25.374   -25.435    -0.062     (0)  
   UF3+            9.896e-28   8.588e-28   -27.005   -27.066    -0.062     (0)  
   UF2+2           3.577e-28   2.040e-28   -27.446   -27.690    -0.244     (0)  
   UF4             1.702e-28   1.702e-28   -27.769   -27.769     0.000     (0)  
   UO2F4-2         7.977e-30   4.497e-30   -29.098   -29.347    -0.249     (0)  
   UF+3            4.349e-30   1.257e-30   -29.362   -29.901    -0.539     (0)  
   UF5-            7.467e-32   6.480e-32   -31.127   -31.188    -0.062     (0)  
   UF6-2           2.454e-34   1.384e-34   -33.610   -33.859    -0.249     (0)  
Fe(2)         7.493e-06
   Fe+2            3.173e-06   1.868e-06    -5.499    -5.729    -0.230     (0)  
   FeHCO3+         3.073e-06   2.667e-06    -5.512    -5.574    -0.062     (0)  
   FeSO4           9.316e-07   9.316e-07    -6.031    -6.031     0.000     (0)  
   FeCO3           2.982e-07   2.982e-07    -6.526    -6.526     0.000     (0)  
   FeOH+           1.587e-08   1.377e-08    -7.799    -7.861    -0.062     (0)  
   FeF+            9.819e-10   8.521e-10    -9.008    -9.069    -0.062     (0)  
   FeHPO4          5.782e-10   5.782e-10    -9.238    -9.238     0.000     (0)  
   FePO4-          1.581e-10   1.372e-10    -9.801    -9.863    -0.062     (0)  
   FeCl+           1.519e-10   1.318e-10    -9.819    -9.880    -0.062     (0)  
   Fe(OH)2         2.551e-12   2.551e-12   -11.593   -11.593     0.000     (0)  
   Fe(OH)3-        2.729e-15   2.368e-15   -14.564   -14.626    -0.062     (0)  
   FeCl2           6.770e-17   6.770e-17   -16.169   -16.169     0.000     (0)  
   FeH2PO4+        3.601e-18   3.125e-18   -17.444   -17.505    -0.062     (0)  
   Fe(OH)4-2       9.796e-23   5.523e-23   -22.009   -22.258    -0.249     (0)  
   FeCl4-2         3.489e-24   1.967e-24   -23.457   -23.706    -0.249     (0)  
Fe(3)         3.672e-13
   Fe(OH)3         3.301e-13   3.301e-13   -12.481   -12.481     0.000     (0)  
   Fe(OH)2+        3.487e-14   3.026e-14   -13.458   -13.519    -0.062     (0)  
   Fe(OH)4-        2.228e-15   1.934e-15   -14.652   -14.714    -0.062     (0)  
   FeOH+2          6.872e-18   3.919e-18   -17.163   -17.407    -0.244     (0)  
   FeCO3+          1.020e-18   8.851e-19   -17.991   -18.053    -0.062     (0)  
   FeHPO4+         3.530e-20   3.064e-20   -19.452   -19.514    -0.062     (0)  
   Fe+3            7.617e-23   2.603e-23   -22.118   -22.585    -0.466     (0)  
   FeF+2           1.106e-23   6.308e-24   -22.956   -23.200    -0.244     (0)  
   FeSO4+          6.158e-24   5.344e-24   -23.211   -23.272    -0.062     (0)  
   FeF2+           2.030e-24   1.762e-24   -23.692   -23.754    -0.062     (0)  
   Fe(SO4)2-       4.859e-25   4.217e-25   -24.313   -24.375    -0.062     (0)  
   FeCl+2          4.497e-28   2.565e-28   -27.347   -27.591    -0.244     (0)  
   FeCl2+          4.120e-29   3.576e-29   -28.385   -28.447    -0.062     (0)  
   Fe2(OH)2+4      3.607e-33   4.134e-34   -32.443   -33.384    -0.941     (0)  
   FeH2PO4+2       2.254e-33   1.285e-33   -32.647   -32.891    -0.244     (0)  
   FeCl4-          5.045e-40   4.378e-40   -39.297   -39.359    -0.062     (0)  
   Fe3(OH)4+5      0.000e+00   0.000e+00   -43.140   -44.583    -1.443     (0)  
   FeNO2+2         0.000e+00   0.000e+00   -81.558   -81.802    -0.244     (0)  
   FeNO3+2         0.000e+00   0.000e+00  -105.034  -105.278    -0.244     (0)  
H(0)          4.220e-11
   H2              2.110e-11   2.121e-11   -10.676   -10.673     0.002     (0)  
K             1.211e-04
   K+              1.183e-04   1.020e-04    -3.927    -3.991    -0.064     (0)  
   KSO4-           2.860e-06   2.482e-06    -5.544    -5.605    -0.062     (0)  
   KCl             2.785e-10   2.785e-10    -9.555    -9.555     0.000     (0)  
   KHPO4-          5.507e-11   4.780e-11   -10.259   -10.321    -0.062     (0)  
   KOH             8.248e-12   8.248e-12   -11.084   -11.084     0.000     (0)  
   KHSO4           6.376e-14   6.376e-14   -13.195   -13.195     0.000     (0)  
   KP2O7-3         5.764e-20   1.584e-20   -19.239   -19.800    -0.561     (0)  
Li            3.072e-06
   Li+             3.016e-06   2.645e-06    -5.521    -5.578    -0.057     (0)  
   LiSO4-          5.649e-08   4.903e-08    -7.248    -7.310    -0.062     (0)  
   LiCl            8.133e-12   8.133e-12   -11.090   -11.090     0.000     (0)  
   LiOH            1.413e-12   1.413e-12   -11.850   -11.850     0.000     (0)  
Mg            2.595e-04
   Mg+2            1.836e-04   1.121e-04    -3.736    -3.950    -0.214     (0)  
   MgSO4           7.164e-05   7.164e-05    -4.145    -4.145     0.000     (0)  
   MgHCO3+         3.991e-06   3.464e-06    -5.399    -5.460    -0.062     (0)  
   MgCO3           2.309e-07   2.309e-07    -6.637    -6.637     0.000     (0)  
   MgF+            6.035e-08   5.237e-08    -7.219    -7.281    -0.062     (0)  
   MgCl+           1.035e-08   8.981e-09    -7.985    -8.047    -0.062     (0)  
   MgHPO4          7.088e-09   7.088e-09    -8.149    -8.149     0.000     (0)  
   MgPO4-          4.331e-10   3.758e-10    -9.363    -9.425    -0.062     (0)  
   MgP2O7-2        2.234e-15   1.260e-15   -14.651   -14.900    -0.249     (0)  
   MgH2PO4+        1.972e-17   1.711e-17   -16.705   -16.767    -0.062     (0)  
   Mg4(OH)4+4      7.256e-26   8.317e-27   -25.139   -26.080    -0.941     (0)  
Mn(2)         2.059e-06
   Mn+2            1.404e-06   8.265e-07    -5.853    -6.083    -0.230     (0)  
   MnSO4           5.526e-07   5.526e-07    -6.258    -6.258     0.000     (0)  
   MnCO3           8.136e-08   8.136e-08    -7.090    -7.090     0.000     (0)  
   MnHCO3+         1.973e-08   1.712e-08    -7.705    -7.766    -0.062     (0)  
   MnOH+           5.709e-10   4.954e-10    -9.243    -9.305    -0.062     (0)  
   MnF+            5.105e-10   4.431e-10    -9.292    -9.354    -0.062     (0)  
   MnHPO4          2.443e-10   2.443e-10    -9.612    -9.612     0.000     (0)  
   MnCl+           1.574e-10   1.366e-10    -9.803    -9.864    -0.062     (0)  
   MnPO4-          1.274e-11   1.105e-11   -10.895   -10.957    -0.062     (0)  
   MnH2PO4+        1.142e-12   9.912e-13   -11.942   -12.004    -0.062     (0)  
   Mn(OH)2         2.836e-14   2.836e-14   -13.547   -13.547     0.000     (0)  
   Mn2(OH)3+       1.257e-14   1.091e-14   -13.901   -13.962    -0.062     (0)  
   Mn2OH+3         1.518e-15   4.387e-16   -14.819   -15.358    -0.539     (0)  
   Mn(OH)3-        7.148e-19   6.203e-19   -18.146   -18.207    -0.062     (0)  
   MnCl3-          4.553e-19   3.951e-19   -18.342   -18.403    -0.062     (0)  
   Mn(OH)4-2       2.173e-25   1.225e-25   -24.663   -24.912    -0.249     (0)  
   MnNO3+          0.000e+00   0.000e+00   -89.515   -89.576    -0.062     (0)  
   Mn(NO3)2        0.000e+00   0.000e+00  -172.869  -172.869     0.000     (0)  
Mn(3)         7.000e-36
   Mn+3            7.000e-36   2.023e-36   -35.155   -35.694    -0.539     (0)  
Mn(6)         0.000e+00
   MnO4-2          0.000e+00   0.000e+00   -84.105   -84.353    -0.249     (0)  
Mn(7)         0.000e+00
   MnO4-           0.000e+00   0.000e+00   -97.925   -97.988    -0.063     (0)  
N(-03)        0.000e+00
   N3-             0.000e+00   0.000e+00   -61.235   -61.296    -0.062     (0)  
   HN3             0.000e+00   0.000e+00   -63.865   -63.865     0.000     (0)  
   UO2N3+          0.000e+00   0.000e+00   -80.778   -80.840    -0.062     (0)  
   UO2(N3)2        0.000e+00   0.000e+00  -140.386  -140.386     0.000     (0)  
   UO2(N3)3-       0.000e+00   0.000e+00  -200.211  -200.272    -0.062     (0)  
   UO2(N3)4-2      0.000e+00   0.000e+00  -262.140  -262.389    -0.249     (0)  
N(-3)         2.281e-05
   NH4+            2.268e-05   1.950e-05    -4.644    -4.710    -0.066     (0)  
   NH3             1.229e-07   1.229e-07    -6.910    -6.910     0.000     (0)  
   NH4SO4-         1.667e-16   1.446e-16   -15.778   -15.840    -0.062     (0)  
N(0)          6.182e-05
   N2              3.091e-05   3.091e-05    -4.510    -4.510     0.000     (0)  
N(3)          0.000e+00
   NO2-            0.000e+00   0.000e+00   -62.303   -62.367    -0.064     (0)  
   HNO2            0.000e+00   0.000e+00   -66.405   -66.405     0.000     (0)  
   FeNO2+2         0.000e+00   0.000e+00   -81.558   -81.802    -0.244     (0)  
N(5)          0.000e+00
   NO3-            0.000e+00   0.000e+00   -83.629   -83.693    -0.064     (0)  
   CaNO3+          0.000e+00   0.000e+00   -86.044   -86.106    -0.062     (0)  
   SrNO3+          0.000e+00   0.000e+00   -88.106   -88.168    -0.062     (0)  
   MnNO3+          0.000e+00   0.000e+00   -89.515   -89.576    -0.062     (0)  
   BaNO3+          0.000e+00   0.000e+00   -89.782   -89.844    -0.062     (0)  
   HNO3            0.000e+00   0.000e+00   -92.451   -92.451     0.000     (0)  
   FeNO3+2         0.000e+00   0.000e+00  -105.034  -105.278    -0.244     (0)  
   UO2NO3+         0.000e+00   0.000e+00  -105.475  -105.536    -0.062     (0)  
   UNO3+3          0.000e+00   0.000e+00  -116.199  -116.738    -0.539     (0)  
   Mn(NO3)2        0.000e+00   0.000e+00  -172.869  -172.869     0.000     (0)  
   U(NO3)2+2       0.000e+00   0.000e+00  -199.377  -199.621    -0.244     (0)  
Na            1.189e-02
   Na+             1.160e-02   1.007e-02    -1.936    -1.997    -0.062     (0)  
   NaSO4-          2.412e-04   2.093e-04    -3.618    -3.679    -0.062     (0)  
   NaHCO3          4.780e-05   4.780e-05    -4.321    -4.321     0.000     (0)  
   NaCl            1.650e-07   1.650e-07    -6.783    -6.783     0.000     (0)  
   NaCO3-          1.198e-07   1.039e-07    -6.922    -6.983    -0.062     (0)  
   NaF             1.919e-08   1.919e-08    -7.717    -7.717     0.000     (0)  
   NaHPO4-         7.502e-09   6.511e-09    -8.125    -8.186    -0.062     (0)  
   NaOH            1.769e-10   1.769e-10    -9.752    -9.752     0.000     (0)  
   NaHP2O7-2       3.276e-17   1.847e-17   -16.485   -16.734    -0.249     (0)  
   NaP2O7-3        7.738e-18   2.126e-18   -17.111   -17.672    -0.561     (0)  
   Na2P2O7-2       3.015e-18   1.700e-18   -17.521   -17.770    -0.249     (0)  
O(0)          0.000e+00
   O2              0.000e+00   0.000e+00   -74.331   -74.328     0.002     (0)  
P(-3)         0.000e+00
   PH4+            0.000e+00   0.000e+00   -93.233   -93.295    -0.062     (0)  
P(5)          2.586e-07
   HPO4-2          1.379e-07   7.776e-08    -6.860    -7.109    -0.249     (0)  
   H2PO4-          6.931e-08   6.015e-08    -7.159    -7.221    -0.062     (0)  
   CaHPO4          3.300e-08   3.300e-08    -7.482    -7.482     0.000     (0)  
   NaHPO4-         7.502e-09   6.511e-09    -8.125    -8.186    -0.062     (0)  
   MgHPO4          7.088e-09   7.088e-09    -8.149    -8.149     0.000     (0)  
   CaPO4-          2.216e-09   1.923e-09    -8.655    -8.716    -0.062     (0)  
   FeHPO4          5.782e-10   5.782e-10    -9.238    -9.238     0.000     (0)  
   MgPO4-          4.331e-10   3.758e-10    -9.363    -9.425    -0.062     (0)  
   MnHPO4          2.443e-10   2.443e-10    -9.612    -9.612     0.000     (0)  
   FePO4-          1.581e-10   1.372e-10    -9.801    -9.863    -0.062     (0)  
   KHPO4-          5.507e-11   4.780e-11   -10.259   -10.321    -0.062     (0)  
   SrHPO4          4.747e-11   4.747e-11   -10.324   -10.324     0.000     (0)  
   MnPO4-          1.274e-11   1.105e-11   -10.895   -10.957    -0.062     (0)  
   PO4-3           2.418e-12   6.644e-13   -11.617   -12.178    -0.561     (0)  
   PO3F-2          1.864e-12   1.051e-12   -11.730   -11.978    -0.249     (0)  
   MnH2PO4+        1.142e-12   9.912e-13   -11.942   -12.004    -0.062     (0)  
   H3PO4           3.521e-13   3.521e-13   -12.453   -12.453     0.000     (0)  
   CaP2O7-2        9.361e-15   5.278e-15   -14.029   -14.278    -0.249     (0)  
   MgP2O7-2        2.234e-15   1.260e-15   -14.651   -14.900    -0.249     (0)  
   HPO3F-          6.537e-16   5.673e-16   -15.185   -15.246    -0.062     (0)  
   HP2O7-3         2.115e-16   5.812e-17   -15.675   -16.236    -0.561     (0)  
   CaH2PO4+        7.461e-17   6.475e-17   -16.127   -16.189    -0.062     (0)  
   NaHP2O7-2       3.276e-17   1.847e-17   -16.485   -16.734    -0.249     (0)  
   MgH2PO4+        1.972e-17   1.711e-17   -16.705   -16.767    -0.062     (0)  
   H2P2O7-2        1.932e-17   1.090e-17   -16.714   -16.963    -0.249     (0)  
   P2O7-4          7.767e-18   7.803e-19   -17.110   -18.108    -0.998     (0)  
   NaP2O7-3        7.738e-18   2.126e-18   -17.111   -17.672    -0.561     (0)  
   FeH2PO4+        3.601e-18   3.125e-18   -17.444   -17.505    -0.062     (0)  
   Na2P2O7-2       3.015e-18   1.700e-18   -17.521   -17.770    -0.249     (0)  
   SrP2O7-2        2.566e-18   1.447e-18   -17.591   -17.840    -0.249     (0)  
   SrH2PO4+        1.098e-19   9.533e-20   -18.959   -19.021    -0.062     (0)  
   KP2O7-3         5.764e-20   1.584e-20   -19.239   -19.800    -0.561     (0)  
   FeHPO4+         3.530e-20   3.064e-20   -19.452   -19.514    -0.062     (0)  
   UO2PO4-         1.887e-20   1.637e-20   -19.724   -19.786    -0.062     (0)  
   UO2HPO4         1.610e-21   1.610e-21   -20.793   -20.793     0.000     (0)  
   H2PO3F          1.558e-22   1.558e-22   -21.807   -21.807     0.000     (0)  
   H3P2O7-         1.211e-22   1.051e-22   -21.917   -21.978    -0.062     (0)  
   UO2H2PO4+       1.359e-25   1.180e-25   -24.867   -24.928    -0.062     (0)  
   H4P2O7          1.222e-28   1.222e-28   -27.913   -27.913     0.000     (0)  
   UO2(H2PO4)2     4.646e-30   4.646e-30   -29.333   -29.333     0.000     (0)  
   UO2H3PO4+2      3.876e-33   2.211e-33   -32.412   -32.655    -0.244     (0)  
   FeH2PO4+2       2.254e-33   1.285e-33   -32.647   -32.891    -0.244     (0)  
   UO2(H2PO4)(H3PO4)+   2.352e-36   2.041e-36   -35.629   -35.690    -0.062     (0)  
S(-2)         1.856e-05
   HS-             1.211e-05   1.047e-05    -4.917    -4.980    -0.063     (0)  
   H2S             6.453e-06   6.453e-06    -5.190    -5.190     0.000     (0)  
   S-2             2.439e-11   1.407e-11   -10.613   -10.852    -0.239     (0)  
   S2-2            5.700e-13   3.214e-13   -12.244   -12.493    -0.249     (0)  
   S3-2            1.197e-14   6.750e-15   -13.922   -14.171    -0.249     (0)  
   S4-2            1.476e-16   8.324e-17   -15.831   -16.080    -0.249     (0)  
   S5-2            1.081e-18   6.095e-19   -17.966   -18.215    -0.249     (0)  
   HAsS2           0.000e+00   0.000e+00   -40.817   -40.817     0.000     (0)  
S(2)          3.816e-10
   S2O3-2          1.908e-10   1.076e-10    -9.719    -9.968    -0.249     (0)  
   HS2O3-          5.495e-17   4.769e-17   -16.260   -16.322    -0.062     (0)  
   UO2S2O3         1.355e-30   1.355e-30   -29.868   -29.868     0.000     (0)  
S(3)          1.567e-31
   S2O4-2          7.834e-32   4.517e-32   -31.106   -31.345    -0.239     (0)  
S(4)          5.572e-14
   SO3-2           3.914e-14   2.232e-14   -13.407   -13.651    -0.244     (0)  
   HSO3-           1.658e-14   1.439e-14   -13.781   -13.842    -0.062     (0)  
   H2SO3           6.722e-20   6.722e-20   -19.173   -19.173     0.000     (0)  
   SO2             3.698e-20   3.698e-20   -19.432   -19.432     0.000     (0)  
   S4O6-2          8.199e-29   4.623e-29   -28.086   -28.335    -0.249     (0)  
   UO2SO3          9.512e-30   9.512e-30   -29.022   -29.022     0.000     (0)  
   S2O6-2          1.125e-36   6.340e-37   -35.949   -36.198    -0.249     (0)  
   S3O6-2          0.000e+00   0.000e+00   -40.158   -40.407    -0.249     (0)  
   UO2(SO3)2-2     0.000e+00   0.000e+00   -41.267   -41.516    -0.249     (0)  
   S5O6-2          0.000e+00   0.000e+00   -45.546   -45.795    -0.249     (0)  
S(5)          1.139e-32
   S2O5-2          5.694e-33   3.210e-33   -32.245   -32.493    -0.249     (0)  
S(6)          6.225e-03
   SO4-2           5.582e-03   3.147e-03    -2.253    -2.502    -0.249     (0)  
   CaSO4           3.229e-04   3.229e-04    -3.491    -3.491     0.000     (0)  
   NaSO4-          2.412e-04   2.093e-04    -3.618    -3.679    -0.062     (0)  
   MgSO4           7.164e-05   7.164e-05    -4.145    -4.145     0.000     (0)  
   SrSO4           3.339e-06   3.339e-06    -5.476    -5.476     0.000     (0)  
   KSO4-           2.860e-06   2.482e-06    -5.544    -5.605    -0.062     (0)  
   FeSO4           9.316e-07   9.316e-07    -6.031    -6.031     0.000     (0)  
   MnSO4           5.526e-07   5.526e-07    -6.258    -6.258     0.000     (0)  
   LiSO4-          5.649e-08   4.903e-08    -7.248    -7.310    -0.062     (0)  
   HSO4-           1.174e-08   1.019e-08    -7.930    -7.992    -0.062     (0)  
   KHSO4           6.376e-14   6.376e-14   -13.195   -13.195     0.000     (0)  
   NH4SO4-         1.667e-16   1.446e-16   -15.778   -15.840    -0.062     (0)  
   H2SO4           5.528e-19   5.528e-19   -18.257   -18.257     0.000     (0)  
   UO2SO4          2.187e-22   2.187e-22   -21.660   -21.660     0.000     (0)  
   UO2(SO4)2-2     8.354e-24   4.710e-24   -23.078   -23.327    -0.249     (0)  
   FeSO4+          6.158e-24   5.344e-24   -23.211   -23.272    -0.062     (0)  
   Fe(SO4)2-       4.859e-25   4.217e-25   -24.313   -24.375    -0.062     (0)  
   U(SO4)2         4.765e-30   4.765e-30   -29.322   -29.322     0.000     (0)  
   USO4+2          5.345e-31   3.048e-31   -30.272   -30.516    -0.244     (0)  
S(7)          0.000e+00
   S2O8-2          0.000e+00   0.000e+00   -80.341   -80.590    -0.249     (0)  
S(8)          0.000e+00
   HSO5-           0.000e+00   0.000e+00   -65.117   -65.179    -0.062     (0)  
Sr            1.257e-05
   Sr+2            9.221e-06   5.317e-06    -5.035    -5.274    -0.239     (0)  
   SrSO4           3.339e-06   3.339e-06    -5.476    -5.476     0.000     (0)  
   SrCO3           7.302e-09   7.302e-09    -8.137    -8.137     0.000     (0)  
   SrCl+           3.290e-10   2.855e-10    -9.483    -9.544    -0.062     (0)  
   SrF+            1.665e-10   1.445e-10    -9.779    -9.840    -0.062     (0)  
   SrHPO4          4.747e-11   4.747e-11   -10.324   -10.324     0.000     (0)  
   SrOH+           7.328e-12   6.359e-12   -11.135   -11.197    -0.062     (0)  
   SrP2O7-2        2.566e-18   1.447e-18   -17.591   -17.840    -0.249     (0)  
   SrH2PO4+        1.098e-19   9.533e-20   -18.959   -19.021    -0.062     (0)  
   SrNO3+          0.000e+00   0.000e+00   -88.106   -88.168    -0.062     (0)  
U(3)          0.000e+00
   U+3             0.000e+00   0.000e+00   -40.387   -40.926    -0.539     (0)  
U(4)          8.832e-11
   U(OH)4          8.832e-11   8.832e-11   -10.054   -10.054     0.000     (0)  
   U(CO3)4-4       2.864e-21   2.877e-22   -20.543   -21.541    -0.998     (0)  
   U(CO3)5-6       5.225e-27   2.962e-29   -26.282   -28.528    -2.247     (0)  
   UF3+            9.896e-28   8.588e-28   -27.005   -27.066    -0.062     (0)  
   UOH+3           3.673e-28   1.061e-28   -27.435   -27.974    -0.539     (0)  
   UF2+2           3.577e-28   2.040e-28   -27.446   -27.690    -0.244     (0)  
   UF4             1.702e-28   1.702e-28   -27.769   -27.769     0.000     (0)  
   U(SO4)2         4.765e-30   4.765e-30   -29.322   -29.322     0.000     (0)  
   UF+3            4.349e-30   1.257e-30   -29.362   -29.901    -0.539     (0)  
   USO4+2          5.345e-31   3.048e-31   -30.272   -30.516    -0.244     (0)  
   UF5-            7.467e-32   6.480e-32   -31.127   -31.188    -0.062     (0)  
   U+4             2.787e-34   3.195e-35   -33.555   -34.496    -0.941     (0)  
   UF6-2           2.454e-34   1.384e-34   -33.610   -33.859    -0.249     (0)  
   UCl+3           7.687e-37   2.222e-37   -36.114   -36.653    -0.539     (0)  
   UNO3+3          0.000e+00   0.000e+00  -116.199  -116.738    -0.539     (0)  
   U(NO3)2+2       0.000e+00   0.000e+00  -199.377  -199.621    -0.244     (0)  
U(5)          1.058e-17
   UO2+            1.058e-17   9.182e-18   -16.975   -17.037    -0.062     (0)  
   UO2(CO3)3-5     2.016e-25   5.556e-27   -24.695   -26.255    -1.560     (0)  
U(6)          1.187e-16
   UO2(CO3)3-4     6.595e-17   6.625e-18   -16.181   -17.179    -0.998     (0)  
   UO2(CO3)2-2     4.986e-17   2.811e-17   -16.302   -16.551    -0.249     (0)  
   UO2(OH)2        1.982e-18   1.982e-18   -17.703   -17.703     0.000     (0)  
   UO2CO3          8.019e-19   8.019e-19   -18.096   -18.096     0.000     (0)  
   UO2(OH)3-       6.596e-20   5.724e-20   -19.181   -19.242    -0.062     (0)  
   UO2PO4-         1.887e-20   1.637e-20   -19.724   -19.786    -0.062     (0)  
   UO2OH+          6.638e-21   5.761e-21   -20.178   -20.240    -0.062     (0)  
   UO2HPO4         1.610e-21   1.610e-21   -20.793   -20.793     0.000     (0)  
   UO2SO4          2.187e-22   2.187e-22   -21.660   -21.660     0.000     (0)  
   UO2F+           1.981e-22   1.719e-22   -21.703   -21.765    -0.062     (0)  
   UO2+2           1.319e-22   7.522e-23   -21.880   -22.124    -0.244     (0)  
   UO2F2           1.042e-23   1.042e-23   -22.982   -22.982     0.000     (0)  
   UO2(SO4)2-2     8.354e-24   4.710e-24   -23.078   -23.327    -0.249     (0)  
   UO2H2PO4+       1.359e-25   1.180e-25   -24.867   -24.928    -0.062     (0)  
   UO2F3-          4.227e-26   3.669e-26   -25.374   -25.435    -0.062     (0)  
   UO2(OH)4-2      3.690e-26   2.080e-26   -25.433   -25.682    -0.249     (0)  
   UO2Cl+          1.157e-26   1.004e-26   -25.937   -25.998    -0.062     (0)  
   (UO2)2CO3(OH)3-   3.137e-29   2.722e-29   -28.504   -28.565    -0.062     (0)  
   UO2SO3          9.512e-30   9.512e-30   -29.022   -29.022     0.000     (0)  
   UO2F4-2         7.977e-30   4.497e-30   -29.098   -29.347    -0.249     (0)  
   UO2(H2PO4)2     4.646e-30   4.646e-30   -29.333   -29.333     0.000     (0)  
   UO2S2O3         1.355e-30   1.355e-30   -29.868   -29.868     0.000     (0)  
   UO2Cl2          4.709e-32   4.709e-32   -31.327   -31.327     0.000     (0)  
   UO2H3PO4+2      3.876e-33   2.211e-33   -32.412   -32.655    -0.244     (0)  
   (UO2)2(OH)2+2   7.140e-36   4.072e-36   -35.146   -35.390    -0.244     (0)  
   UO2(H2PO4)(H3PO4)+   2.352e-36   2.041e-36   -35.629   -35.690    -0.062     (0)  
   (UO2)2OH+3      8.959e-40   2.589e-40   -39.048   -39.587    -0.539     (0)  
   UO2(SO3)2-2     0.000e+00   0.000e+00   -41.267   -41.516    -0.249     (0)  
   (UO2)3(CO3)6-6   0.000e+00   0.000e+00   -43.495   -45.741    -2.247     (0)  
   (UO2)3(OH)5+    0.000e+00   0.000e+00   -45.694   -45.755    -0.062     (0)  
   (UO2)3(OH)7-    0.000e+00   0.000e+00   -45.786   -45.848    -0.062     (0)  
   (UO2)3(OH)4+2   0.000e+00   0.000e+00   -48.585   -48.829    -0.244     (0)  
   (UO2)3(OH)5CO2+   0.000e+00   0.000e+00   -49.023   -49.085    -0.062     (0)  
   (UO2)3O(OH)2(HCO3)+   0.000e+00   0.000e+00   -49.117   -49.179    -0.062     (0)  
   (UO2)4(OH)7+    0.000e+00   0.000e+00   -58.810   -58.871    -0.062     (0)  
   UO2N3+          0.000e+00   0.000e+00   -80.778   -80.840    -0.062     (0)  
   UO2NO3+         0.000e+00   0.000e+00  -105.475  -105.536    -0.062     (0)  
   UO2(N3)2        0.000e+00   0.000e+00  -140.386  -140.386     0.000     (0)  
   (UO2)11(CO3)6(OH)12-2   0.000e+00   0.000e+00  -151.622  -151.871    -0.249     (0)  
   UO2ClO3+        0.000e+00   0.000e+00  -154.816  -154.877    -0.062     (0)  
   UO2(N3)3-       0.000e+00   0.000e+00  -200.211  -200.272    -0.062     (0)  
   UO2(N3)4-2      0.000e+00   0.000e+00  -262.140  -262.389    -0.249     (0)  

------------------------------Saturation indices-------------------------------

  Phase               SI** log IAP   log K(287 K,   3 atm)

  (UO2)2As2O7    -127.46   -118.86    8.60  (UO2)2As2O7
  (UO2)2Cl3       -64.72    -51.15   13.57  (UO2)2Cl3
  (UO2)2P2O7      -44.35    -58.47  -14.11  (UO2)2P2O7
  (UO2)3(AsO4)2  -136.73   -126.25   10.47  (UO2)3(AsO4)2
  (UO2)3(PO4)2    -52.70    -65.85  -13.15  (UO2)3(PO4)2
  (UO2)3(PO4)2:4H2O -39.08    -65.86  -26.77  (UO2)3(PO4)2:4H2O
  Alabandite       -3.43     -3.70   -0.27  MnS
  Alstonite        -3.14     -0.56    2.58  BaCa(CO3)2
  Anhydrite        -1.38     -5.61   -4.23  CaSO4
  Antarcticite    -15.19    -11.11    4.09  CaCl2:6H2O
  Aphthitalite    -15.09    -18.98   -3.89  NaK3(SO4)2
  Aragonite        -0.45      1.69    2.14  CaCO3
  Arcanite         -8.49    -10.48   -1.99  K2SO4
  Arsenolite      -72.82    -93.20  -20.38  As2O3
  Arsenopyrite    -44.26    -58.88  -14.62  FeAsS
  Artinite         -8.82     11.64   20.46  Mg2CO3(OH)2:3H2O
  As              -35.29      9.14   44.43  As
  As2O5          -106.45   -104.09    2.37  As2O5
  As4O6(cubi)    -145.51   -186.41  -40.90  As4O6
  As4O6(mono)    -145.30   -186.41  -41.11  As4O6
  Autunite-H      -33.30    -58.47  -25.17  H2(UO2)2(PO4)2
  Ba             -101.55     44.85  146.40  Ba
  Ba(OH)2:8H2O    -17.18      7.68   24.86  Ba(OH)2:8H2O
  Ba2U2O7         -41.97     -3.97   38.00  Ba2U2O7
  Ba3UO6          -82.28     15.66   97.94  Ba3UO6
  BaCl2           -17.35    -15.04    2.31  BaCl2
  BaCl2:2H2O      -15.15    -15.04    0.10  BaCl2:2H2O
  BaCl2:H2O       -15.85    -15.04    0.81  BaCl2:H2O
  BaCrO4          -38.41    -48.52  -10.12  BaCrO4
  BaHPO4           -6.76    -14.16   -7.40  BaHPO4
  BaMnO4          -81.31    -91.40  -10.09  BaMnO4
  BaO             -41.82      7.68   49.51  BaO
  Barite            0.63     -9.55  -10.18  BaSO4
  Barytocalcite    -3.30     -0.56    2.74  BaCa(CO3)2
  BaS             -21.49     -4.66   16.83  BaS
  Bassanite        -2.03     -5.61   -3.59  CaSO4:0.5H2O
  Bassetite       -32.43    -49.46  -17.03  Fe(UO2)2(PO4)2
  BaU2O7          -30.30     -7.09   23.20  BaU2O7
  BaUO4           -18.75      0.29   19.05  BaUO4
  Birnessite     -168.46   -254.01  -85.55  Mn8O14:5H2O
  Bischofite      -16.33    -11.94    4.39  MgCl2:6H2O
  Bixbyite        -27.43    -27.19    0.25  Mn2O3
  Bloedite        -10.47    -12.95   -2.48  Na2Mg(SO4)2:4H2O
  Brezinaite      -40.99    -36.85    4.14  Cr3S4
  Brucite          -6.21     10.78   16.99  Mg(OH)2
  Brushite        -16.77    -10.22    6.55  CaHPO4:2H2O
  Burkeite        -21.67    -12.19    9.49  Na6CO3(SO4)2
  C                -2.23     64.40   66.62  C
  C(g)           -124.38     64.40  188.77  C
  Ca              -96.25     48.79  145.04  Ca
  Ca(g)          -122.62     48.79  171.40  Ca
  Ca2Cl2(OH)2:H2O -25.77      0.52   26.29  Ca2Cl2(OH)2:H2O
  Ca3(AsO4)2      -87.97    -69.22   18.75  Ca3(AsO4)2
  Ca4Cl2(OH)6:13H2O -44.56     23.76   68.32  Ca4Cl2(OH)6:13H2O
  Calcite          -0.30      1.69    1.99  CaCO3
  Carnallite      -24.20    -19.93    4.27  KMgCl3:6H2O
  CaSO4:0.5H2O(beta)  -2.21     -5.61   -3.40  CaSO4:0.5H2O
  CaUO4           -12.54      4.23   16.77  CaUO4
  Celestite        -2.09     -7.78   -5.68  SrSO4
  CH4(g)           -8.07    -10.82   -2.75  CH4
  Chloromagnesite -34.77    -11.94   22.82  MgCl2
  Chromite          9.12     25.98   16.86  FeCr2O4
  Cl2(g)          -63.22    -59.89    3.33  Cl2
  Claudetite      -72.89    -93.20  -20.32  As2O3
  CO(g)           -13.26    -16.18   -2.92  CO
  CO2(g)           -2.17     -9.93   -7.76  CO2
  Cr              -38.60     64.23  102.84  Cr
  CrCl3           -44.69    -25.60   19.09  CrCl3
  CrF3            -19.63    -27.72   -8.09  CrF3
  CrF4            -66.45    -78.59  -12.14  CrF4
  CrO2            -10.64    -30.32  -19.69  CrO2
  CrO3            -52.68    -56.21   -3.52  CrO3
  CrS             -16.30    -16.78   -0.48  CrS
  Dolomite         -0.32      2.54    2.86  CaMg(CO3)2
  Dolomite-dis     -1.93      2.54    4.47  CaMg(CO3)2
  Dolomite-ord     -0.31      2.54    2.85  CaMg(CO3)2
  Epsomite         -4.49     -6.45   -1.97  MgSO4:7H2O
  Eskolaite         8.10     -0.92   -9.02  Cr2O3
  F2(g)          -119.48    -61.30   58.18  F2
  Fe              -15.20     46.17   61.37  Fe
  Fe(OH)2          -5.49      9.01   14.50  Fe(OH)2
  Fe(OH)3          -6.66     -0.48    6.17  Fe(OH)3
  Fe2(SO4)3       -57.31    -52.68    4.63  Fe2(SO4)3
  FeF2            -13.04    -15.13   -2.09  FeF2
  FeF3            -17.50    -36.69  -19.19  FeF3
  FeO              -5.19      9.01   14.20  FeO
  Ferrite-Ca      -12.52     10.66   23.17  CaFe2O4
  Ferrite-Dicalcium -37.53     22.28   59.81  Ca2Fe2O5
  Ferrite-Mg      -12.98      9.82   22.79  MgFe2O4
  FeSO4           -11.30     -8.23    3.07  FeSO4
  Fluorapatite      5.09    -19.49  -24.57  Ca5(PO4)3F
  Fluorite         -2.37    -12.51  -10.14  CaF2
  Frankdicksonite -10.69    -16.45   -5.76  BaF2
  Gaylussite       -8.66      2.50   11.16  CaNa2(CO3)2:5H2O
  Glauberite       -6.64    -12.11   -5.47  Na2Ca(SO4)2
  Goethite         -1.40     -0.48    0.92  FeOOH
  Gypsum           -1.10     -5.61   -4.52  CaSO4:2H2O
  H2(g)            -7.60    -10.67   -3.07  H2
  H2O(g)           -1.87     -0.00    1.86  H2O
  H2S(g)           -4.33    -12.35   -8.02  H2S
  Halite           -7.53     -5.99    1.54  NaCl
  Hausmannite     -30.38    -18.53   11.85  Mn3O4
  HCl(g)          -18.13    -11.36    6.77  HCl
  Hematite         -1.86     -0.97    0.89  Fe2O3
  Hexahydrite      -4.72     -6.45   -1.73  MgSO4:6H2O
  Huntite          -7.07      4.24   11.31  CaMg3(CO3)4
  Hydromagnesite  -18.47     14.19   32.66  Mg5(CO3)4(OH)2:4H2O
  Hydrophilite    -23.37    -11.10   12.26  CaCl2
  Hydroxylapatite  -5.42     -7.42   -2.00  Ca5(OH)(PO4)3
  Ice              -0.10     -0.00    0.10  H2O
  Jarosite        -24.32    -32.55   -8.22  KFe3(SO4)2(OH)6
  Jarosite-Na     -25.10    -30.55   -5.45  NaFe3(SO4)2(OH)6
  K               -51.50     21.96   73.46  K
  K(g)            -62.66     21.96   84.62  K
  K2CO3:1.5H2O    -16.56     -3.18   13.38  K2CO3:1.5H2O
  K2O             -79.99      6.75   86.74  K2O
  K2UO4           -35.62     -0.64   34.98  K2UO4
  K3H(SO4)2       -20.72    -24.35   -3.62  K3H(SO4)2
  K8H4(CO3)6:3H2O -60.30    -32.59   27.71  K8H4(CO3)6:3H2O
  Kainite         -14.13    -14.44   -0.31  KMgClSO4:3H2O
  Kalicinite       -6.84     -6.56    0.28  KHCO3
  Kieserite        -6.18     -6.45   -0.27  MgSO4:H2O
  KMgCl3          -42.00    -19.93   22.07  KMgCl3
  KMgCl3:2H2O     -34.37    -19.93   14.44  KMgCl3:2H2O
  KNaCO3:6H2O     -11.44     -1.19   10.26  KNaCO3:6H2O
  KUO2AsO4        -51.88    -56.06   -4.17  KUO2AsO4
  Lansfordite      -3.99      0.85    4.84  MgCO3:5H2O
  Lawrencite      -23.31    -13.72    9.59  FeCl2
  Leonite         -12.82    -16.94   -4.11  K2Mg(SO4)2:4H2O
  Li              -55.04     20.37   75.41  Li
  Li(g)           -78.23     20.37   98.60  Li
  Li2UO4          -32.80     -3.81   28.99  Li2UO4
  Lime            -22.18     11.62   33.80  CaO
  LiUO2AsO4       -56.86    -57.64   -0.79  LiUO2AsO4
  Lopezite        -87.67   -105.66  -18.00  K2Cr2O7
  Magnesiochromite   4.14     27.76   23.62  MgCr2O4
  Magnesite        -1.71      0.85    2.56  MgCO3
  Magnetite        -3.75      8.04   11.79  Fe3O4
  Manganite       -13.43    -13.59   -0.17  MnO(OH)
  Manganosite     -10.03      8.65   18.69  MnO
  Melanterite      -5.76     -8.23   -2.47  FeSO4:7H2O
  Mercallite      -12.42    -13.86   -1.44  KHSO4
  Mg              -79.29     47.95  127.24  Mg
  Mg(g)           -99.95     47.95  147.89  Mg
  Mg1.25SO4(OH)0.5:0.5H2O  -9.57     -3.76    5.81  Mg1.25SO4(OH)0.5:0.5H2O
  Mg1.5SO4(OH)    -11.07     -1.06   10.01  Mg1.5SO4(OH)
  MgCl2:2H2O      -25.26    -11.94   13.32  MgCl2:2H2O
  MgCl2:4H2O      -19.53    -11.94    7.59  MgCl2:4H2O
  MgCl2:H2O       -28.77    -11.94   16.83  MgCl2:H2O
  MgOHCl          -17.23     -0.58   16.65  MgOHCl
  MgSO4           -11.86     -6.45    5.40  MgSO4
  MgUO4           -20.86      3.39   24.26  MgUO4
  Mirabilite       -4.85     -6.50   -1.64  Na2SO4:10H2O
  Misenite        -82.57    -93.65  -11.08  K8H6(SO4)7
  Mn              -40.28     45.82   86.10  Mn
  Mn(OH)2(am)      -7.28      8.65   15.93  Mn(OH)2
  Mn(OH)3         -19.93    -13.59    6.34  Mn(OH)3
  Mn3(PO4)2       -18.55    -17.73    0.82  Mn3(PO4)2
  MnCl2:2H2O      -18.29    -14.08    4.21  MnCl2:2H2O
  MnCl2:4H2O      -16.89    -14.08    2.82  MnCl2:4H2O
  MnCl2:H2O       -19.93    -14.08    5.86  MnCl2:H2O
  MnHPO4           -0.24    -13.19  -12.95  MnHPO4
  MnO2(gamma)     -29.09    -45.22  -16.13  MnO2
  MnSO4           -11.61     -8.58    3.02  MnSO4
  Molysite        -49.00    -34.57   14.43  FeCl3
  Monohydrocalcite  -1.12      1.69    2.81  CaCO3:H2O
  N2(g)            -1.40     -4.51   -3.11  N2
  Na              -45.83     23.95   69.78  Na
  Na(g)           -59.99     23.95   83.95  Na
  Na2CO3          -10.61      0.81   11.42  Na2CO3
  Na2CO3:7H2O      -8.97      0.81    9.78  Na2CO3:7H2O
  Na2Cr2O7        -91.34   -101.68  -10.34  Na2Cr2O7
  Na2CrO4         -48.48    -45.47    3.01  Na2CrO4
  Na2O            -58.91     10.74   69.65  Na2O
  Na2U2O7         -27.72     -4.04   23.68  Na2U2O7
  Na2UO4(alpha)   -27.77      3.35   31.12  Na2UO4
  Na3H(SO4)2      -17.47    -18.36   -0.89  Na3H(SO4)2
  Na3UO4          -51.67      6.44   58.11  Na3UO4
  Na4Ca(SO4)3:2H2O -12.71    -18.61   -5.90  Na4Ca(SO4)3:2H2O
  Na4UO2(CO3)3    -19.75    -15.71    4.04  Na4UO2(CO3)3
  NaFeO2          -16.03      4.89   20.92  NaFeO2
  Nahcolite        -4.32     -4.56   -0.24  NaHCO3
  Natron           -8.47      0.81    9.28  Na2CO3:10H2O
  NaUO3           -12.99     -4.30    8.69  NaUO3
  Nesquehonite     -4.77      0.85    5.62  MgCO3:3H2O
  NH3(g)           -8.93     -6.91    2.02  NH3
  Ningyoite        -7.50    -37.09  -29.59  CaUP2O8:2H2O
  Niter           -87.24    -87.68   -0.45  KNO3
  Nitrobarite    -171.69   -174.44   -2.75  Ba(NO3)2
  NO(g)           -52.16    -51.15    1.01  NO
  NO2(g)          -81.33    -72.48    8.85  NO2
  O2(g)           -71.52    -74.33   -2.81  O2
  Orpiment        -48.19   -130.24  -82.06  As2S3
  Oxychloride-Mg  -15.62     10.20   25.83  Mg2Cl(OH)3:4H2O
  P               -66.35     71.07  137.41  P
  Pentahydrite     -5.06     -6.45   -1.39  MgSO4:5H2O
  Periclase       -11.49     10.78   22.28  MgO
  Picromerite     -12.49    -16.94   -4.44  K2Mg(SO4)2:6H2O
  Pirssonite       -8.82      2.50   11.32  Na2Ca(CO3)2:2H2O
  Polyhalite      -13.85    -28.17  -14.31  K2MgCa2(SO4)4:2H2O
  Portlandite     -11.74     11.62   23.36  Ca(OH)2
  Pyrite            8.48    -16.91  -25.39  FeS2
  Pyrolusite      -27.03    -45.22  -18.18  MnO2
  Pyrrhotite        0.35     -3.34   -3.69  FeS
  Realgar         -27.24    -87.52  -60.28  AsS
  Rhodochrosite    -1.20     -1.28   -0.08  MnCO3
  Rutherfordine   -13.33    -17.32   -4.00  UO2CO3
  S                -2.73    -49.51  -46.78  S
  S2(g)           -20.18    -27.14   -6.96  S2
  Saleeite        -28.89    -47.68  -18.79  Mg(UO2)2(PO4)2
  Scacchite       -23.28    -14.07    9.21  MnCl2
  Schoepite       -12.55     -7.39    5.16  UO3:2H2O
  Schoepite-dehy(.393) -14.56     -7.39    7.17  UO3:.393H2O
  Schoepite-dehy(.648) -14.01     -7.39    6.63  UO3:.648H2O
  Schoepite-dehy(.85) -12.85     -7.39    5.46  UO3:.85H2O
  Schoepite-dehy(.9) -12.76     -7.39    5.37  UO3:.9H2O
  Schoepite-dehy(1.0) -12.86     -7.39    5.47  UO3:H2O
  Sellaite         -3.99    -13.35   -9.36  MgF2
  Siderite         -0.92     -0.93   -0.01  FeCO3
  SO2(g)          -19.78    -19.43    0.35  SO2
  Sr             -100.40     46.62  147.03  Sr
  Sr(NO3)2       -173.71   -172.66    1.05  Sr(NO3)2
  Sr(NO3)2:4H2O  -173.05   -172.66    0.39  Sr(NO3)2:4H2O
  Sr(OH)2         -19.04      9.46   28.50  Sr(OH)2
  Sr3(AsO4)2      -97.28    -75.71   21.57  Sr3(AsO4)2
  SrCl2           -21.52    -13.27    8.25  SrCl2
  SrCl2:2H2O      -16.67    -13.27    3.40  SrCl2:2H2O
  SrCl2:6H2O      -14.61    -13.27    1.34  SrCl2:6H2O
  SrCl2:H2O       -18.21    -13.27    4.95  SrCl2:H2O
  SrCrO4          -42.85    -46.75   -3.90  SrCrO4
  SrF2             -6.14    -14.68   -8.54  SrF2
  SrHPO4           -6.25    -12.38   -6.14  SrHPO4
  SrO             -33.97      9.46   43.43  SrO
  SrS             -18.18     -2.89   15.29  SrS
  SrUO4(alpha)    -18.05      2.07   20.12  SrUO4
  Starkeyite       -5.45     -6.45   -1.00  MgSO4:4H2O
  Strengite       -11.17    -22.33  -11.16  FePO4:2H2O
  Strontianite     -0.18     -0.47   -0.29  SrCO3
  Sylvite          -8.70     -7.99    0.72  KCl
  Syngenite        -8.50    -16.10   -7.60  K2Ca(SO4)2:H2O
  Tachyhydrite    -52.13    -34.99   17.14  Mg2CaCl6:12H2O
  Tarapacaite     -48.92    -49.46   -0.54  K2CrO4
  Thenardite       -6.16     -6.50   -0.34  Na2SO4
  Thermonatrite   -10.31      0.81   11.12  Na2CO3:H2O
  Todorokite     -134.81   -180.64  -45.83  Mn7O12:3H2O
  Troilite          0.45     -3.34   -3.80  FeS
  Trona-K         -19.33     -7.74   11.59  K2NaH(CO3)2:2H2O
  U              -116.80    104.10  220.91  U
  U(CO3)2         -33.49    -24.89    8.60  U(CO3)2
  U(g)           -205.73    104.10  309.83  U
  U(HPO4)2:4H2O   -15.69    -48.71  -33.03  U(HPO4)2:4H2O
  U(OH)2SO4       -19.19    -22.26   -3.07  U(OH)2SO4
  U(SO3)2         -24.88    -61.80  -36.92  U(SO3)2
  U(SO4)2         -28.58    -39.50  -10.92  U(SO4)2
  U(SO4)2:4H2O    -28.39    -39.50  -11.11  U(SO4)2:4H2O
  U(SO4)2:8H2O    -27.15    -39.50  -12.35  U(SO4)2:8H2O
  U2C3           -205.95    267.03  472.98  U2C3
  U2Cl10(g)      -219.44   -132.97   86.46  U2Cl10
  U2Cl8(g)       -188.11   -100.96   87.15  U2Cl8
  U2F10(g)       -129.07   -140.02  -10.95  U2F10
  U2F9            -77.96   -123.31  -45.35  U2F9
  U2O2Cl5         -92.31    -71.51   20.80  U2O2Cl5
  U2O3F6          -85.80    -87.19   -1.39  U2O3F6
  U2S3            -82.11    -74.69    7.42  U2S3
  U3As4          -359.93    147.34  507.27  U3As4
  U3O5F8         -117.49   -118.71   -1.22  U3O5F8
  U3P4           -465.73    395.03  860.76  U3P4
  U3S5           -105.41   -104.41    1.00  U3S5
  U4F17          -125.34   -229.91 -104.57  U4F17
  U5O12Cl         -40.99    -59.71  -18.72  U5O12Cl
  UAs            -108.93     46.07  154.99  UAs
  UAs2           -141.50     55.21  196.71  UAs2
  UC             -101.08    101.32  202.40  UC
  UC1.94(alpha)  -105.29    161.85  267.14  UC1.94
  UCl(g)         -177.11     53.30  230.41  UCl
  UCl2(g)        -146.99     44.21  191.20  UCl2
  UCl2F2          -49.13    -51.89   -2.76  UCl2F2
  UCl3            -66.69    -52.91   13.77  UCl3
  UCl3(g)        -114.37    -52.91   61.45  UCl3
  UCl3F           -62.60    -51.18   11.41  UCl3F
  UCl4            -73.92    -50.48   23.44  UCl4
  UCl4(g)         -99.63    -50.48   49.15  UCl4
  UCl5           -105.30    -66.49   38.81  UCl5
  UCl5(g)        -123.51    -66.49   57.02  UCl5
  UCl6           -135.49    -75.57   59.92  UCl6
  UCl6(g)        -141.87    -75.57   66.30  UCl6
  UClF3           -35.48    -52.59  -17.11  UClF3
  UF(g)          -161.84     52.59  214.43  UF
  UF2(g)         -136.78     42.80  179.58  UF2
  UF3             -35.53    -55.03  -19.50  UF3
  UF3(g)         -105.01    -55.03   49.98  UF3
  UF4             -24.16    -53.30  -29.14  UF4
  UF4(g)          -69.93    -53.30   16.63  UF4
  UF4:2.5H2O      -19.71    -53.30  -33.59  UF4:2.5H2O
  UF5(alpha)      -57.42    -70.01  -12.59  UF5
  UF5(beta)       -57.04    -70.01  -12.97  UF5
  UF5(g)          -77.69    -70.01    7.68  UF5
  UF6             -98.77    -79.80   18.97  UF6
  UF6(g)          -99.92    -79.80   20.12  UF6
  UH3(beta)      -114.70     92.67  207.37  UH3
  UN              -69.28    -25.74   43.54  UN
  UN1.59(alpha)   -56.27    -16.38   39.89  UN1.59
  UN1.73(alpha)   -53.52    -25.16   28.37  UN1.73
  UO(g)          -153.08     66.94  220.02  UO
  UO2(am)          -5.13     -5.03    0.11  UO2
  UO2(AsO3)2     -119.08   -111.47    7.60  UO2(AsO3)2
  UO2(g)         -101.01     29.77  130.79  UO2
  UO2(NO3)2      -201.98   -189.51   12.47  UO2(NO3)2
  UO2(NO3)2:2H2O -194.58   -189.51    5.07  UO2(NO3)2:2H2O
  UO2(NO3)2:3H2O -193.26   -189.51    3.75  UO2(NO3)2:3H2O
  UO2(NO3)2:6H2O -191.68   -189.51    2.17  UO2(NO3)2:6H2O
  UO2(NO3)2:H2O  -198.36   -189.51    8.85  UO2(NO3)2:H2O
  UO2(OH)2(beta)  -12.70     -7.39    5.31  UO2(OH)2
  UO2(PO3)2       -35.10    -51.08  -15.98  UO2(PO3)2
  UO2.25           -2.75     -7.35   -4.60  UO2.25
  UO2.25(beta)     -2.83     -7.35   -4.52  UO2.25
  UO2.3333(beta)   -7.41    -34.83  -27.42  (UO2.3333)2
  UO2.6667        -15.70    -59.61  -43.91  (UO2.6667)2
  UO2Cl           -20.63    -21.03   -0.40  UO2Cl
  UO2Cl2          -42.92    -30.12   12.80  UO2Cl2
  UO2Cl2(g)       -80.47    -30.12   50.35  UO2Cl2
  UO2Cl2:3H2O     -36.02    -30.12    5.90  UO2Cl2:3H2O
  UO2Cl2:H2O      -38.89    -30.12    8.78  UO2Cl2:H2O
  UO2ClOH:2H2O    -21.27    -18.75    2.52  UO2ClOH:2H2O
  UO2CO3          -13.31    -17.32   -4.01  UO2CO3
  UO2F2           -24.49    -31.53   -7.04  UO2F2
  UO2F2(g)        -68.29    -31.53   36.77  UO2F2
  UO2F2:3H2O      -24.23    -31.53   -7.30  UO2F2:3H2O
  UO2FOH          -17.87    -19.46   -1.58  UO2FOH
  UO2FOH:2H2O     -16.93    -19.46   -2.53  UO2FOH:2H2O
  UO2FOH:H2O      -17.37    -19.46   -2.09  UO2FOH:H2O
  UO2HPO4         -16.55    -29.23  -12.68  UO2HPO4
  UO2HPO4:4H2O    -16.11    -29.23  -13.13  UO2HPO4:4H2O
  UO2SO3          -19.73    -35.77  -16.04  UO2SO3
  UO2SO4          -27.08    -24.63    2.46  UO2SO4
  UO2SO4:2.5H2O   -23.35    -24.63   -1.28  UO2SO4:2.5H2O
  UO2SO4:3.5H2O   -23.31    -24.63   -1.32  UO2SO4:3.5H2O
  UO2SO4:3H2O     -23.43    -24.63   -1.20  UO2SO4:3H2O
  UO2SO4:H2O      -18.81    -24.63   -5.82  UO2SO4:H2O
  UO3(alpha)      -16.58     -7.39    9.19  UO3
  UO3(beta)       -16.24     -7.39    8.85  UO3
  UO3(g)          -81.54     -7.39   74.15  UO3
  UO3(gamma)      -15.61     -7.39    8.22  UO3
  UO3:.9H2O(alpha) -12.77     -7.39    5.38  UO3:.9H2O
  UO3:2H2O        -12.55     -7.39    5.16  UO3:2H2O
  UOCl            -41.24    -30.19   11.06  UOCl
  UOCl2           -34.08    -27.75    6.32  UOCl2
  UOCl3           -56.98    -43.76   13.22  UOCl3
  UOF2            -11.28    -29.16  -17.89  UOF2
  UOF2:H2O        -10.65    -29.16  -18.51  UOF2:H2O
  UOF4            -61.15    -55.66    5.49  UOF4
  UOF4(g)         -81.85    -55.66   26.19  UOF4
  UOFOH            -8.62    -17.09   -8.47  UOFOH
  UOFOH:.5H2O      -8.12     17.71   25.83  UOFOH:.5H2O
  UP             -134.86    107.99  242.85  UP
  UP2            -195.96    179.06  375.02  UP2
  UP2O7           -15.88    -48.71  -32.83  UP2O7
  UP2O7:20H2O     -20.07    -48.72  -28.64  UP2O7:20H2O
  UPO5            -11.69    -31.51  -19.82  UPO5
  Uraninite        -0.69     -5.03   -4.34  UO2
  Uranocircite    -31.40    -50.78  -19.38  Ba(UO2)2(PO4)2
  US              -61.28    -12.59   48.69  US
  US1.9           -29.52    -31.25   -1.73  US1.9
  US2             -28.01    -29.72   -1.71  US2
  US3             -27.46    -44.43  -16.97  US3
  Vivianite       -11.94    -16.67   -4.73  Fe3(PO4)2:8H2O
  Whitlockite      -5.24     -8.82   -3.58  Ca3(PO4)2
  Witherite         0.87     -2.25   -3.12  BaCO3
  Wustite          -5.53      7.52   13.05  Fe.947O

**For a gas, SI = log10(fugacity). Fugacity = pressure * phi / 1 atm.
  For ideal gases, phi = 1.

------------------
End of simulation.
------------------

------------------------------------
Reading input data for simulation 4.
------------------------------------

	            Solution	2 GS-385646104504601
	            units		mg/L
	            redox       pe
	            temp		13.327272727272728
	            pH		    7.568939393939393
	            O(0)        8 
	            Na		    34.07741935483871
	            Ca		    44.91973684210526
	            Mg		    9.723684210526315
	            K           3.7077419354838708
	            Alkalinity	83.64516129032258	as CaCO3
	            S(6)		72.99354838709677
	            Cl		    39.20967741935484
	            F		    0.6829032258064517
	            Mn		    0.042124387755102036
	            N(5)        0.8441095890410958	as N
	            N(-3)       0.3222222222222222	as N
	            water       1
	            USE EQUILIBRIUM_PHASES 2
	            USE REACTION_TEMPERATURE 2
	            USE REACTION_PRESSURE 2
	            SAVE Solution 2
	            END
-------------------------------------------
Beginning of initial solution calculations.
-------------------------------------------

Initial solution 2.	GS-385646104504601

WARNING: Equivalent wt for alkalinity should be Ca.5(CO3).5. Using 50.0355 g/eq.
-----------------------------Solution composition------------------------------

	Elements           Molality       Moles

	Alkalinity        1.672e-03   1.672e-03
	Ca                1.121e-03   1.121e-03
	Cl                1.106e-03   1.106e-03
	F                 3.596e-05   3.596e-05
	K                 9.486e-05   9.486e-05
	Mg                4.002e-04   4.002e-04
	Mn                7.670e-07   7.670e-07
	N(-3)             2.301e-05   2.301e-05
	N(5)              6.028e-05   6.028e-05
	Na                1.483e-03   1.483e-03
	O(0)              5.003e-04   5.003e-04
	S(6)              7.602e-04   7.602e-04

----------------------------Description of solution----------------------------

                                       pH  =   7.569    
                                       pe  =   4.000    
                        Activity of water  =   1.000
                 Ionic strength (mol/kgw)  =   6.441e-03
                       Mass of water (kg)  =   1.000e+00
                    Total carbon (mol/kg)  =   1.778e-03
                       Total CO2 (mol/kg)  =   1.778e-03
                         Temperature (°C)  =  13.33
                  Electrical balance (eq)  =   2.496e-04
 Percent error, 100*(Cat-|An|)/(Cat+|An|)  =   2.88
                               Iterations  =   3
                                  Total H  = 1.110524e+02
                                  Total O  = 5.553427e+01

---------------------------------Redox couples---------------------------------

	Redox couple             pe  Eh (volts)

	N(-3)/N(5)           6.0479      0.3438
	O(-2)/O(0)          13.8881      0.7894

----------------------------Distribution of species----------------------------

                                               Log       Log       Log    mole V
   Species          Molality    Activity  Molality  Activity     Gamma   cm³/mol

   OH-             1.546e-07   1.420e-07    -6.811    -6.848    -0.037     (0)  
   H+              2.907e-08   2.698e-08    -7.537    -7.569    -0.032      0.00
   H2O             5.553e+01   9.999e-01     1.744    -0.000     0.000     18.03
C(4)          1.778e-03
   HCO3-           1.637e-03   1.506e-03    -2.786    -2.822    -0.036     (0)  
   CO2             1.124e-04   1.125e-04    -3.949    -3.949     0.001     (0)  
   CaHCO3+         1.463e-05   1.346e-05    -4.835    -4.871    -0.036     (0)  
   MgHCO3+         5.031e-06   4.628e-06    -5.298    -5.335    -0.036     (0)  
   NaHCO3          3.653e-06   3.653e-06    -5.437    -5.437     0.000     (0)  
   CO3-2           2.692e-06   1.931e-06    -5.570    -5.714    -0.144     (0)  
   CaCO3           2.594e-06   2.594e-06    -5.586    -5.586     0.000     (0)  
   MgCO3           4.681e-07   4.681e-07    -6.330    -6.330     0.000     (0)  
   MnCO3           4.201e-08   4.201e-08    -7.377    -7.377     0.000     (0)  
   NaCO3-          1.341e-08   1.234e-08    -7.873    -7.909    -0.036     (0)  
   MnHCO3+         6.041e-09   5.556e-09    -8.219    -8.255    -0.036     (0)  
Ca            1.121e-03
   Ca+2            1.055e-03   7.652e-04    -2.977    -3.116    -0.139     (0)  
   CaSO4           4.883e-05   4.883e-05    -4.311    -4.311     0.000     (0)  
   CaHCO3+         1.463e-05   1.346e-05    -4.835    -4.871    -0.036     (0)  
   CaCO3           2.594e-06   2.594e-06    -5.586    -5.586     0.000     (0)  
   CaNO3+          2.298e-07   2.114e-07    -6.639    -6.675    -0.036     (0)  
   CaCl+           1.739e-07   1.600e-07    -6.760    -6.796    -0.036     (0)  
   CaF+            1.269e-07   1.167e-07    -6.897    -6.933    -0.036     (0)  
   CaOH+           4.355e-09   4.005e-09    -8.361    -8.397    -0.036     (0)  
   CaCl2           2.172e-10   2.172e-10    -9.663    -9.663     0.000     (0)  
Cl(-1)        1.106e-03
   Cl-             1.106e-03   1.015e-03    -2.956    -2.994    -0.037     (0)  
   MgCl+           2.383e-07   2.192e-07    -6.623    -6.659    -0.036     (0)  
   NaCl            2.213e-07   2.213e-07    -6.655    -6.655     0.000     (0)  
   CaCl+           1.739e-07   1.600e-07    -6.760    -6.796    -0.036     (0)  
   KCl             2.317e-09   2.317e-09    -8.635    -8.635     0.000     (0)  
   MnCl+           8.486e-10   7.805e-10    -9.071    -9.108    -0.036     (0)  
   CaCl2           2.172e-10   2.172e-10    -9.663    -9.663     0.000     (0)  
   HCl             6.002e-12   6.002e-12   -11.222   -11.222     0.000     (0)  
   MnCl3-          2.562e-16   2.357e-16   -15.591   -15.628    -0.036     (0)  
Cl(1)         0.000e+00
   ClO-            0.000e+00   0.000e+00   -40.119   -40.155    -0.036     (0)  
   HClO            0.000e+00   0.000e+00   -40.155   -40.155     0.000     (0)  
Cl(3)         0.000e+00
   ClO2-           0.000e+00   0.000e+00   -70.040   -70.077    -0.036     (0)  
   HClO2           0.000e+00   0.000e+00   -74.476   -74.476     0.000     (0)  
Cl(5)         0.000e+00
   ClO3-           0.000e+00   0.000e+00   -85.548   -85.584    -0.037     (0)  
Cl(7)         0.000e+00
   ClO4-           0.000e+00   0.000e+00  -105.446  -105.482    -0.037     (0)  
F             3.596e-05
   F-              3.560e-05   3.271e-05    -4.449    -4.485    -0.037     (0)  
   MgF+            2.256e-07   2.075e-07    -6.647    -6.683    -0.036     (0)  
   CaF+            1.269e-07   1.167e-07    -6.897    -6.933    -0.036     (0)  
   NaF             4.187e-09   4.187e-09    -8.378    -8.378     0.000     (0)  
   HF              1.079e-09   1.079e-09    -8.967    -8.967     0.000     (0)  
   MnF+            4.639e-10   4.267e-10    -9.334    -9.370    -0.036     (0)  
   HF2-            8.217e-15   7.558e-15   -14.085   -14.122    -0.036     (0)  
   H2F2            4.566e-18   4.566e-18   -17.341   -17.341     0.000     (0)  
H(0)          6.579e-27
   H2              3.289e-27   3.295e-27   -26.483   -26.482     0.001     (0)  
K             9.486e-05
   K+              9.450e-05   8.675e-05    -4.025    -4.062    -0.037     (0)  
   KSO4-           3.529e-07   3.246e-07    -6.452    -6.489    -0.036     (0)  
   KCl             2.317e-09   2.317e-09    -8.635    -8.635     0.000     (0)  
   KOH             1.115e-11   1.115e-11   -10.953   -10.953     0.000     (0)  
   KHSO4           4.994e-15   4.994e-15   -14.302   -14.302     0.000     (0)  
Mg            4.002e-04
   Mg+2            3.684e-04   2.710e-04    -3.434    -3.567    -0.133     (0)  
   MgSO4           2.586e-05   2.586e-05    -4.587    -4.587     0.000     (0)  
   MgHCO3+         5.031e-06   4.628e-06    -5.298    -5.335    -0.036     (0)  
   MgCO3           4.681e-07   4.681e-07    -6.330    -6.330     0.000     (0)  
   MgCl+           2.383e-07   2.192e-07    -6.623    -6.659    -0.036     (0)  
   MgF+            2.256e-07   2.075e-07    -6.647    -6.683    -0.036     (0)  
   Mg4(OH)4+4      6.638e-24   1.810e-24   -23.178   -23.742    -0.564     (0)  
Mn(2)         7.670e-07
   Mn+2            6.680e-07   4.847e-07    -6.175    -6.315    -0.139     (0)  
   MnSO4           4.911e-08   4.911e-08    -7.309    -7.309     0.000     (0)  
   MnCO3           4.201e-08   4.201e-08    -7.377    -7.377     0.000     (0)  
   MnHCO3+         6.041e-09   5.556e-09    -8.219    -8.255    -0.036     (0)  
   MnCl+           8.486e-10   7.805e-10    -9.071    -9.108    -0.036     (0)  
   MnOH+           5.019e-10   4.617e-10    -9.299    -9.336    -0.036     (0)  
   MnF+            4.639e-10   4.267e-10    -9.334    -9.370    -0.036     (0)  
   MnNO3+          4.604e-11   4.234e-11   -10.337   -10.373    -0.036     (0)  
   Mn(OH)2         4.200e-14   4.200e-14   -13.377   -13.377     0.000     (0)  
   Mn2(OH)3+       1.636e-14   1.505e-14   -13.786   -13.822    -0.036     (0)  
   Mn(NO3)2        5.863e-15   5.863e-15   -14.232   -14.232     0.000     (0)  
   Mn2OH+3         5.022e-16   2.398e-16   -15.299   -15.620    -0.321     (0)  
   MnCl3-          2.562e-16   2.357e-16   -15.591   -15.628    -0.036     (0)  
   Mn(OH)3-        1.587e-18   1.460e-18   -17.799   -17.836    -0.036     (0)  
   Mn(OH)4-2       6.411e-25   4.581e-25   -24.193   -24.339    -0.146     (0)  
Mn(3)         1.097e-28
   Mn+3            1.097e-28   5.239e-29   -27.960   -28.281    -0.321     (0)  
Mn(6)         0.000e+00
   MnO4-2          0.000e+00   0.000e+00   -52.583   -52.729    -0.146     (0)  
Mn(7)         0.000e+00
   MnO4-           0.000e+00   0.000e+00   -58.712   -58.749    -0.037     (0)  
N(-3)         2.301e-05
   NH4+            2.282e-05   2.093e-05    -4.642    -4.679    -0.038     (0)  
   NH3             1.906e-07   1.906e-07    -6.720    -6.720     0.000     (0)  
   NH4SO4-         2.368e-17   2.178e-17   -16.626   -16.662    -0.036     (0)  
N(5)          6.028e-05
   NO3-            6.005e-05   5.512e-05    -4.221    -4.259    -0.037     (0)  
   CaNO3+          2.298e-07   2.114e-07    -6.639    -6.675    -0.036     (0)  
   MnNO3+          4.604e-11   4.234e-11   -10.337   -10.373    -0.036     (0)  
   HNO3            5.872e-14   5.872e-14   -13.231   -13.231     0.000     (0)  
   Mn(NO3)2        5.863e-15   5.863e-15   -14.232   -14.232     0.000     (0)  
Na            1.483e-03
   Na+             1.474e-03   1.356e-03    -2.831    -2.868    -0.036     (0)  
   NaSO4-          4.735e-06   4.356e-06    -5.325    -5.361    -0.036     (0)  
   NaHCO3          3.653e-06   3.653e-06    -5.437    -5.437     0.000     (0)  
   NaCl            2.213e-07   2.213e-07    -6.655    -6.655     0.000     (0)  
   NaCO3-          1.341e-08   1.234e-08    -7.873    -7.909    -0.036     (0)  
   NaF             4.187e-09   4.187e-09    -8.378    -8.378     0.000     (0)  
   NaOH            3.423e-11   3.423e-11   -10.466   -10.466     0.000     (0)  
O(0)          5.003e-04
   O2              2.502e-04   2.506e-04    -3.602    -3.601     0.001     (0)  
S(6)          7.602e-04
   SO4-2           6.804e-04   4.862e-04    -3.167    -3.313    -0.146     (0)  
   CaSO4           4.883e-05   4.883e-05    -4.311    -4.311     0.000     (0)  
   MgSO4           2.586e-05   2.586e-05    -4.587    -4.587     0.000     (0)  
   NaSO4-          4.735e-06   4.356e-06    -5.325    -5.361    -0.036     (0)  
   KSO4-           3.529e-07   3.246e-07    -6.452    -6.489    -0.036     (0)  
   MnSO4           4.911e-08   4.911e-08    -7.309    -7.309     0.000     (0)  
   HSO4-           1.038e-09   9.547e-10    -8.984    -9.020    -0.036     (0)  
   KHSO4           4.994e-15   4.994e-15   -14.302   -14.302     0.000     (0)  
   NH4SO4-         2.368e-17   2.178e-17   -16.626   -16.662    -0.036     (0)  
   H2SO4           3.373e-20   3.373e-20   -19.472   -19.472     0.000     (0)  

------------------------------Saturation indices-------------------------------

  Phase               SI** log IAP   log K(286 K,   1 atm)

  Anhydrite        -2.21     -6.43   -4.22  CaSO4
  Antarcticite    -13.20     -9.10    4.09  CaCl2:6H2O
  Aphthitalite    -17.79    -21.68   -3.89  NaK3(SO4)2
  Aragonite        -0.53      1.63    2.16  CaCO3
  Arcanite         -9.42    -11.44   -2.01  K2SO4
  Artinite         -7.82     12.75   20.57  Mg2CO3(OH)2:3H2O
  Bassanite        -2.86     -6.43   -3.57  CaSO4:0.5H2O
  Birnessite      -73.94   -159.48  -85.55  Mn8O14:5H2O
  Bischofite      -13.95     -9.55    4.39  MgCl2:6H2O
  Bixbyite        -11.55    -11.15    0.41  Mn2O3
  Bloedite        -13.45    -15.93   -2.48  Na2Mg(SO4)2:4H2O
  Brucite          -5.51     11.57   17.08  Mg(OH)2
  Burkeite        -28.57    -19.09    9.49  Na6CO3(SO4)2
  C               -73.73     -6.79   66.94  C
  C(g)           -196.45     -6.79  189.66  C
  Ca             -131.88     13.82  145.70  Ca
  Ca(g)          -158.39     13.82  172.21  Ca
  Ca2Cl2(OH)2:H2O -23.37      2.92   26.29  Ca2Cl2(OH)2:H2O
  Ca4Cl2(OH)6:13H2O -41.37     26.96   68.33  Ca4Cl2(OH)6:13H2O
  Calcite          -0.38      1.63    2.01  CaCO3
  Carnallite      -20.88    -16.61    4.27  KMgCl3:6H2O
  CaSO4:0.5H2O(beta)  -3.04     -6.43   -3.39  CaSO4:0.5H2O
  Chloromagnesite -32.50     -9.55   22.95  MgCl2
  Cl2(g)          -26.30    -22.93    3.37  Cl2
  CO2(g)           -2.64    -10.39   -7.75  CO2
  Dolomite         -0.10      2.81    2.91  CaMg(CO3)2
  Dolomite-dis     -1.72      2.81    4.53  CaMg(CO3)2
  Dolomite-ord     -0.09      2.81    2.90  CaMg(CO3)2
  Epsomite         -4.92     -6.88   -1.96  MgSO4:7H2O
  F2(g)           -84.40    -25.91   58.49  F2
  Fluorite         -1.93    -12.09  -10.15  CaF2
  Gaylussite      -10.52      0.64   11.16  CaNa2(CO3)2:5H2O
  Glauberite      -10.01    -15.48   -5.47  Na2Ca(SO4)2
  Gypsum           -1.91     -6.43   -4.52  CaSO4:2H2O
  H2(g)           -23.42    -26.48   -3.07  H2
  H2O(g)           -1.90     -0.00    1.90  H2O
  Halite           -7.40     -5.86    1.54  NaCl
  Hausmannite     -14.40     -2.32   12.07  Mn3O4
  HCl(g)          -17.39    -10.56    6.83  HCl
  Hexahydrite      -5.15     -6.88   -1.73  MgSO4:6H2O
  Huntite          -6.28      5.17   11.45  CaMg3(CO3)4
  Hydromagnesite  -16.62     16.29   32.91  Mg5(CO3)4(OH)2:4H2O
  Hydrophilite    -21.43     -9.10   12.33  CaCl2
  Ice              -0.09     -0.00    0.09  H2O
  K               -69.37      4.41   73.77  K
  K(g)            -80.60      4.41   85.01  K
  K2CO3:1.5H2O    -16.76     -3.38   13.38  K2CO3:1.5H2O
  K2O             -80.07      7.01   87.08  K2O
  K3H(SO4)2       -22.76    -26.38   -3.62  K3H(SO4)2
  K8H4(CO3)6:3H2O -62.00    -34.29   27.71  K8H4(CO3)6:3H2O
  Kainite         -13.62    -13.94   -0.31  KMgClSO4:3H2O
  Kalicinite       -7.17     -6.88    0.28  KHCO3
  Kieserite        -6.61     -6.88   -0.27  MgSO4:H2O
  KMgCl3          -38.79    -16.61   22.18  KMgCl3
  KMgCl3:2H2O     -31.11    -16.61   14.50  KMgCl3:2H2O
  KNaCO3:6H2O     -12.44     -2.18   10.26  KNaCO3:6H2O
  Lansfordite      -3.66      1.18    4.84  MgCO3:5H2O
  Leonite         -14.20    -18.32   -4.11  K2Mg(SO4)2:4H2O
  Lime            -21.93     12.02   33.95  CaO
  Magnesite        -1.41      1.18    2.59  MgCO3
  Manganite        -5.41     -5.57   -0.16  MnO(OH)
  Manganosite      -9.96      8.82   18.78  MnO
  Mercallite      -13.50    -14.94   -1.44  KHSO4
  Mg             -114.47     13.37  127.84  Mg
  Mg(g)          -135.24     13.37  148.61  Mg
  Mg1.25SO4(OH)0.5:0.5H2O  -9.88     -3.99    5.89  Mg1.25SO4(OH)0.5:0.5H2O
  Mg1.5SO4(OH)    -11.21     -1.09   10.11  Mg1.5SO4(OH)
  MgCl2:2H2O      -22.95     -9.55   13.39  MgCl2:2H2O
  MgCl2:4H2O      -17.18     -9.55    7.63  MgCl2:4H2O
  MgCl2:H2O       -26.48     -9.55   16.93  MgCl2:H2O
  MgOHCl          -15.73      1.01   16.74  MgOHCl
  MgSO4           -12.36     -6.88    5.48  MgSO4
  Mirabilite       -7.35     -9.05   -1.70  Na2SO4:10H2O
  Misenite        -90.02   -101.10  -11.08  K8H6(SO4)7
  Mn              -75.88     10.62   86.50  Mn
  Mn(OH)2(am)      -7.18      8.82   16.01  Mn(OH)2
  Mn(OH)3         -11.92     -5.57    6.34  Mn(OH)3
  MnCl2:2H2O      -16.54    -12.30    4.24  MnCl2:2H2O
  MnCl2:4H2O      -15.13    -12.30    2.83  MnCl2:4H2O
  MnCl2:H2O       -18.20    -12.30    5.90  MnCl2:H2O
  MnO2(gamma)     -13.40    -29.52  -16.13  MnO2
  MnSO4           -12.70     -9.63    3.07  MnSO4
  Monohydrocalcite  -1.19      1.63    2.83  CaCO3:H2O
  Na              -64.48      5.60   70.09  Na
  Na(g)           -78.74      5.60   84.34  Na
  Na2CO3          -12.44     -0.99   11.45  Na2CO3
  Na2CO3:7H2O     -10.75     -0.99    9.77  Na2CO3:7H2O
  Na2O            -60.53      9.40   69.93  Na2O
  Na3H(SO4)2      -21.91    -22.80   -0.89  Na3H(SO4)2
  Na4Ca(SO4)3:2H2O -18.63    -24.53   -5.89  Na4Ca(SO4)3:2H2O
  Nahcolite        -5.44     -5.69   -0.25  NaHCO3
  Natron          -10.24     -0.99    9.25  Na2CO3:10H2O
  Nesquehonite     -4.49      1.18    5.67  MgCO3:3H2O
  NH3(g)           -8.77     -6.72    2.05  NH3
  Niter            -7.84     -8.32   -0.48  KNO3
  NO2(g)          -19.83    -10.93    8.90  NO2
  O2(g)            -0.80     -3.60   -2.80  O2
  Oxychloride-Mg  -13.25     12.58   25.83  Mg2Cl(OH)3:4H2O
  Pentahydrite     -5.49     -6.88   -1.39  MgSO4:5H2O
  Periclase       -10.83     11.57   22.40  MgO
  Picromerite     -13.88    -18.32   -4.44  K2Mg(SO4)2:6H2O
  Pirssonite      -10.68      0.64   11.32  Na2Ca(CO3)2:2H2O
  Polyhalite      -16.86    -31.18  -14.31  K2MgCa2(SO4)4:2H2O
  Portlandite     -11.45     12.02   23.47  Ca(OH)2
  Pyrolusite      -11.27    -29.52  -18.25  MnO2
  Rhodochrosite    -1.50     -1.57   -0.06  MnCO3
  Scacchite       -21.57    -12.30    9.27  MnCl2
  Sellaite         -3.19    -12.54   -9.35  MgF2
  Starkeyite       -5.88     -6.88   -1.00  MgSO4:4H2O
  Sylvite          -7.76     -7.06    0.70  KCl
  Syngenite       -10.27    -17.87   -7.60  K2Ca(SO4)2:H2O
  Tachyhydrite    -45.36    -28.21   17.14  Mg2CaCl6:12H2O
  Thenardite       -8.71     -9.05   -0.34  Na2SO4
  Thermonatrite   -12.13     -0.99   11.14  Na2CO3:H2O
  Todorokite      -55.49   -101.31  -45.82  Mn7O12:3H2O
  Trona-K         -20.66     -9.07   11.59  K2NaH(CO3)2:2H2O

**For a gas, SI = log10(fugacity). Fugacity = pressure * phi / 1 atm.
  For ideal gases, phi = 1.

-----------------------------------------
Beginning of batch-reaction calculations.
-----------------------------------------

Reaction step 1.

Using solution 2.	GS-385646104504601
Using pure phase assemblage 2.	
Using temperature 2.	
Using pressure 2.	

-------------------------------Phase assemblage--------------------------------

                                                      Moles in assemblage
Phase               SI  log IAP  log K(T, P)   Initial       Final       Delta

CO2(g)           -3.50   -11.25     -7.75    1.000e+00   1.000e+00   1.749e-04
O2(g)            -0.76    -3.56     -2.80    1.000e+00   9.999e-01  -7.277e-05

-----------------------------Solution composition------------------------------

	Elements           Molality       Moles

	C                 1.604e-03   1.604e-03
	Ca                1.121e-03   1.121e-03
	Cl                1.106e-03   1.106e-03
	F                 3.596e-05   3.596e-05
	K                 9.486e-05   9.486e-05
	Mg                4.002e-04   4.002e-04
	Mn                7.670e-07   7.670e-07
	N                 8.329e-05   8.329e-05
	Na                1.483e-03   1.483e-03
	S                 7.602e-04   7.602e-04

----------------------------Description of solution----------------------------

                                       pH  =   8.401      Charge balance
                                       pe  =  13.067      Adjusted to redox equilibrium
                        Activity of water  =   1.000
                 Ionic strength (mol/kgw)  =   6.388e-03
                       Mass of water (kg)  =   1.000e+00
                 Total alkalinity (eq/kg)  =   1.626e-03
                       Total CO2 (mol/kg)  =   1.604e-03
                         Temperature (°C)  =  13.33
                           Pressure (atm)  =  0.82
                  Electrical balance (eq)  =   2.496e-04
 Percent error, 100*(Cat-|An|)/(Cat+|An|)  =   2.91
                               Iterations  =  17
                                  Total H  = 1.110524e+02
                                  Total O  = 5.553407e+01

----------------------------Distribution of species----------------------------

                                               Log       Log       Log    mole V
   Species          Molality    Activity  Molality  Activity     Gamma   cm³/mol

   OH-             1.051e-06   9.659e-07    -5.978    -6.015    -0.037     (0)  
   H+              4.274e-09   3.968e-09    -8.369    -8.401    -0.032      0.00
   H2O             5.553e+01   9.999e-01     1.744    -0.000     0.000     18.03
C(-2)         0.000e+00
   C2H4            0.000e+00   0.000e+00  -277.078  -277.078     0.000     (0)  
C(-3)         0.000e+00
   C2H6            0.000e+00   0.000e+00  -269.962  -269.962     0.000     (0)  
C(-4)         0.000e+00
   CH4             0.000e+00   0.000e+00  -154.379  -154.379     0.000     (0)  
C(2)          0.000e+00
   CO              0.000e+00   0.000e+00   -53.110   -53.110     0.000     (0)  
C(4)          1.604e-03
   HCO3-           1.530e-03   1.408e-03    -2.815    -2.852    -0.036     (0)  
   CO3-2           1.709e-05   1.228e-05    -4.767    -4.911    -0.144     (0)  
   CaCO3           1.632e-05   1.632e-05    -4.787    -4.787     0.000     (0)  
   CO2             1.545e-05   1.547e-05    -4.811    -4.810     0.001     (0)  
   CaHCO3+         1.353e-05   1.245e-05    -4.869    -4.905    -0.036     (0)  
   MgHCO3+         4.680e-06   4.306e-06    -5.330    -5.366    -0.036     (0)  
   NaHCO3          3.417e-06   3.417e-06    -5.466    -5.466     0.000     (0)  
   MgCO3           2.962e-06   2.962e-06    -5.528    -5.528     0.000     (0)  
   MnCO3           1.729e-07   1.729e-07    -6.762    -6.762     0.000     (0)  
   NaCO3-          8.526e-08   7.845e-08    -7.069    -7.105    -0.036     (0)  
   MnHCO3+         3.654e-09   3.362e-09    -8.437    -8.473    -0.036     (0)  
Ca            1.121e-03
   Ca+2            1.042e-03   7.571e-04    -2.982    -3.121    -0.139     (0)  
   CaSO4           4.841e-05   4.841e-05    -4.315    -4.315     0.000     (0)  
   CaCO3           1.632e-05   1.632e-05    -4.787    -4.787     0.000     (0)  
   CaHCO3+         1.353e-05   1.245e-05    -4.869    -4.905    -0.036     (0)  
   CaNO3+          3.142e-07   2.891e-07    -6.503    -6.539    -0.036     (0)  
   CaCl+           1.721e-07   1.584e-07    -6.764    -6.800    -0.036     (0)  
   CaF+            1.256e-07   1.155e-07    -6.901    -6.937    -0.036     (0)  
   CaOH+           2.929e-08   2.695e-08    -7.533    -7.569    -0.036     (0)  
   CaCl2           2.150e-10   2.150e-10    -9.668    -9.668     0.000     (0)  
Cl(-1)        1.106e-03
   Cl-             1.106e-03   1.015e-03    -2.956    -2.993    -0.037     (0)  
   MgCl+           2.372e-07   2.182e-07    -6.625    -6.661    -0.036     (0)  
   NaCl            2.215e-07   2.215e-07    -6.655    -6.655     0.000     (0)  
   CaCl+           1.721e-07   1.584e-07    -6.764    -6.800    -0.036     (0)  
   KCl             2.318e-09   2.318e-09    -8.635    -8.635     0.000     (0)  
   MnCl+           5.493e-10   5.054e-10    -9.260    -9.296    -0.036     (0)  
   CaCl2           2.150e-10   2.150e-10    -9.668    -9.668     0.000     (0)  
   HCl             8.830e-13   8.830e-13   -12.054   -12.054     0.000     (0)  
   MnCl3-          1.660e-16   1.527e-16   -15.780   -15.816    -0.036     (0)  
Cl(1)         5.424e-21
   ClO-            4.777e-21   4.395e-21   -20.321   -20.357    -0.036     (0)  
   HClO            6.467e-22   6.467e-22   -21.189   -21.189     0.000     (0)  
Cl(3)         3.597e-31
   ClO2-           3.597e-31   3.309e-31   -30.444   -30.480    -0.036     (0)  
   HClO2           1.941e-36   1.941e-36   -35.712   -35.712     0.000     (0)  
Cl(5)         7.031e-27
   ClO3-           7.031e-27   6.463e-27   -26.153   -26.190    -0.037     (0)  
Cl(7)         5.585e-27
   ClO4-           5.585e-27   5.133e-27   -26.253   -26.290    -0.037     (0)  
F             3.596e-05
   F-              3.560e-05   3.272e-05    -4.449    -4.485    -0.037     (0)  
   MgF+            2.245e-07   2.066e-07    -6.649    -6.685    -0.036     (0)  
   CaF+            1.256e-07   1.155e-07    -6.901    -6.937    -0.036     (0)  
   NaF             4.190e-09   4.190e-09    -8.378    -8.378     0.000     (0)  
   MnF+            3.003e-10   2.763e-10    -9.522    -9.559    -0.036     (0)  
   HF              1.587e-10   1.587e-10    -9.799    -9.799     0.000     (0)  
   HF2-            1.209e-15   1.112e-15   -14.918   -14.954    -0.036     (0)  
   H2F2            9.881e-20   9.881e-20   -19.005   -19.005     0.000     (0)  
H(0)          0.000e+00
   H2              0.000e+00   0.000e+00   -46.281   -46.280     0.001     (0)  
K             9.486e-05
   K+              9.450e-05   8.678e-05    -4.025    -4.062    -0.037     (0)  
   KSO4-           3.536e-07   3.253e-07    -6.452    -6.488    -0.036     (0)  
   KCl             2.318e-09   2.318e-09    -8.635    -8.635     0.000     (0)  
   KOH             7.583e-11   7.583e-11   -10.120   -10.120     0.000     (0)  
   KHSO4           7.360e-16   7.360e-16   -15.133   -15.133     0.000     (0)  
Mg            4.002e-04
   Mg+2            3.663e-04   2.698e-04    -3.436    -3.569    -0.133     (0)  
   MgSO4           2.579e-05   2.579e-05    -4.588    -4.588     0.000     (0)  
   MgHCO3+         4.680e-06   4.306e-06    -5.330    -5.366    -0.036     (0)  
   MgCO3           2.962e-06   2.962e-06    -5.528    -5.528     0.000     (0)  
   MgCl+           2.372e-07   2.182e-07    -6.625    -6.661    -0.036     (0)  
   MgF+            2.245e-07   2.066e-07    -6.649    -6.685    -0.036     (0)  
   Mg4(OH)4+4      1.387e-20   3.800e-21   -19.858   -20.420    -0.562     (0)  
Mn(2)         6.434e-07
   Mn+2            4.319e-07   3.137e-07    -6.365    -6.503    -0.139     (0)  
   MnCO3           1.729e-07   1.729e-07    -6.762    -6.762     0.000     (0)  
   MnSO4           3.185e-08   3.185e-08    -7.497    -7.497     0.000     (0)  
   MnHCO3+         3.654e-09   3.362e-09    -8.437    -8.473    -0.036     (0)  
   MnOH+           2.209e-09   2.032e-09    -8.656    -8.692    -0.036     (0)  
   MnCl+           5.493e-10   5.054e-10    -9.260    -9.296    -0.036     (0)  
   MnF+            3.003e-10   2.763e-10    -9.522    -9.559    -0.036     (0)  
   MnNO3+          4.118e-11   3.789e-11   -10.385   -10.422    -0.036     (0)  
   Mn2(OH)3+       2.155e-12   1.983e-12   -11.666   -11.703    -0.036     (0)  
   Mn(OH)2         1.257e-12   1.257e-12   -11.901   -11.901     0.000     (0)  
   Mn(NO3)2        7.251e-15   7.251e-15   -14.140   -14.140     0.000     (0)  
   Mn2OH+3         1.427e-15   6.832e-16   -14.846   -15.165    -0.320     (0)  
   Mn(OH)3-        3.230e-16   2.972e-16   -15.491   -15.527    -0.036     (0)  
   MnCl3-          1.660e-16   1.527e-16   -15.780   -15.816    -0.036     (0)  
   Mn(OH)4-2       8.864e-22   6.342e-22   -21.052   -21.198    -0.145     (0)  
Mn(3)         8.256e-20
   Mn+3            8.256e-20   3.953e-20   -19.083   -19.403    -0.320     (0)  
Mn(6)         1.426e-10
   MnO4-2          1.426e-10   1.020e-10    -9.846    -9.991    -0.145     (0)  
Mn(7)         1.235e-07
   MnO4-           1.235e-07   1.135e-07    -6.908    -6.945    -0.037     (0)  
N(-03)        0.000e+00
   N3-             0.000e+00   0.000e+00  -108.135  -108.171    -0.036     (0)  
   HN3             0.000e+00   0.000e+00  -111.761  -111.761     0.000     (0)  
N(-3)         0.000e+00
   NH4+            0.000e+00   0.000e+00   -68.976   -69.013    -0.038     (0)  
   NH3             0.000e+00   0.000e+00   -70.221   -70.221     0.000     (0)  
   NH4SO4-         0.000e+00   0.000e+00   -80.959   -80.995    -0.036     (0)  
N(0)          7.606e-25
   N2              3.803e-25   3.803e-25   -24.420   -24.420     0.000     (0)  
N(3)          6.065e-19
   NO2-            6.065e-19   5.569e-19   -18.217   -18.254    -0.037     (0)  
   HNO2            4.853e-24   4.853e-24   -23.314   -23.314     0.000     (0)  
N(5)          8.329e-05
   NO3-            8.298e-05   7.620e-05    -4.081    -4.118    -0.037     (0)  
   CaNO3+          3.142e-07   2.891e-07    -6.503    -6.539    -0.036     (0)  
   MnNO3+          4.118e-11   3.789e-11   -10.385   -10.422    -0.036     (0)  
   HNO3            1.193e-14   1.193e-14   -13.923   -13.923     0.000     (0)  
   Mn(NO3)2        7.251e-15   7.251e-15   -14.140   -14.140     0.000     (0)  
Na            1.483e-03
   Na+             1.474e-03   1.356e-03    -2.831    -2.868    -0.036     (0)  
   NaSO4-          4.745e-06   4.366e-06    -5.324    -5.360    -0.036     (0)  
   NaHCO3          3.417e-06   3.417e-06    -5.466    -5.466     0.000     (0)  
   NaCl            2.215e-07   2.215e-07    -6.655    -6.655     0.000     (0)  
   NaCO3-          8.526e-08   7.845e-08    -7.069    -7.105    -0.036     (0)  
   NaF             4.190e-09   4.190e-09    -8.378    -8.378     0.000     (0)  
   NaOH            2.329e-10   2.329e-10    -9.633    -9.633     0.000     (0)  
O(0)          5.535e-04
   O2              2.768e-04   2.772e-04    -3.558    -3.557     0.001     (0)  
S(-2)         0.000e+00
   HS-             0.000e+00   0.000e+00  -149.027  -149.063    -0.037     (0)  
   H2S             0.000e+00   0.000e+00  -150.288  -150.288     0.000     (0)  
   S-2             0.000e+00   0.000e+00  -153.799  -153.941    -0.142     (0)  
   S2-2            0.000e+00   0.000e+00  -264.953  -265.099    -0.145     (0)  
   S3-2            0.000e+00   0.000e+00  -376.147  -376.292    -0.145     (0)  
   S4-2            0.000e+00   0.000e+00  -487.572  -487.718    -0.145     (0)  
   S5-2            0.000e+00   0.000e+00  -599.225  -599.370    -0.145     (0)  
S(2)          0.000e+00
   S2O3-2          0.000e+00   0.000e+00  -155.741  -155.886    -0.145     (0)  
   HS2O3-          0.000e+00   0.000e+00  -163.237  -163.274    -0.036     (0)  
S(3)          0.000e+00
   S2O4-2          0.000e+00   0.000e+00  -141.643  -141.785    -0.142     (0)  
S(4)          0.000e+00
   SO3-2           0.000e+00   0.000e+00   -49.919   -50.063    -0.144     (0)  
   HSO3-           0.000e+00   0.000e+00   -51.258   -51.294    -0.036     (0)  
   H2SO3           0.000e+00   0.000e+00   -57.653   -57.653     0.000     (0)  
   SO2             0.000e+00   0.000e+00   -57.930   -57.930     0.000     (0)  
   S2O6-2          0.000e+00   0.000e+00   -75.412   -75.558    -0.145     (0)  
   S3O6-2          0.000e+00   0.000e+00  -189.143  -189.289    -0.145     (0)  
   S4O6-2          0.000e+00   0.000e+00  -286.546  -286.691    -0.145     (0)  
   S5O6-2          0.000e+00   0.000e+00  -413.564  -413.709    -0.145     (0)  
S(5)          0.000e+00
   S2O5-2          0.000e+00   0.000e+00  -107.249  -107.395    -0.145     (0)  
S(6)          7.602e-04
   SO4-2           6.809e-04   4.872e-04    -3.167    -3.312    -0.145     (0)  
   CaSO4           4.841e-05   4.841e-05    -4.315    -4.315     0.000     (0)  
   MgSO4           2.579e-05   2.579e-05    -4.588    -4.588     0.000     (0)  
   NaSO4-          4.745e-06   4.366e-06    -5.324    -5.360    -0.036     (0)  
   KSO4-           3.536e-07   3.253e-07    -6.452    -6.488    -0.036     (0)  
   MnSO4           3.185e-08   3.185e-08    -7.497    -7.497     0.000     (0)  
   HSO4-           1.529e-10   1.407e-10    -9.816    -9.852    -0.036     (0)  
   KHSO4           7.360e-16   7.360e-16   -15.133   -15.133     0.000     (0)  
   H2SO4           7.309e-22   7.309e-22   -21.136   -21.136     0.000     (0)  
   NH4SO4-         0.000e+00   0.000e+00   -80.959   -80.995    -0.036     (0)  
S(7)          0.000e+00
   S2O8-2          0.000e+00   0.000e+00   -48.903   -49.049    -0.145     (0)  
S(8)          1.935e-32
   HSO5-           1.935e-32   1.781e-32   -31.713   -31.749    -0.036     (0)  

------------------------------Saturation indices-------------------------------

  Phase               SI** log IAP   log K(286 K,   1 atm)

  Alabandite     -146.91   -147.17   -0.25  MnS
  Anhydrite        -2.21     -6.43   -4.22  CaSO4
  Antarcticite    -13.20     -9.11    4.09  CaCl2:6H2O
  Aphthitalite    -17.79    -21.68   -3.89  NaK3(SO4)2
  Aragonite         0.27      2.43    2.16  CaCO3
  Arcanite         -9.42    -11.44   -2.01  K2SO4
  Artinite         -5.35     15.21   20.57  Mg2CO3(OH)2:3H2O
  Bassanite        -2.86     -6.43   -3.57  CaSO4:0.5H2O
  Birnessite       56.66    -28.89  -85.55  Mn8O14:5H2O
  Bischofite      -13.95     -9.56    4.39  MgCl2:6H2O
  Bixbyite         11.20     11.60    0.41  Mn2O3
  Bloedite        -13.45    -15.93   -2.48  Na2Mg(SO4)2:4H2O
  Brucite          -3.85     13.23   17.08  Mg(OH)2
  Burkeite        -27.77    -18.28    9.49  Na6CO3(SO4)2
  C               -74.63     -7.70   66.94  C
  C(g)           -197.36     -7.70  189.66  C
  Ca             -130.24     15.46  145.70  Ca
  Ca(g)          -156.75     15.46  172.21  Ca
  Ca2Cl2(OH)2:H2O -21.72      4.57   26.29  Ca2Cl2(OH)2:H2O
  Ca4Cl2(OH)6:13H2O -36.39     31.94   68.33  Ca4Cl2(OH)6:13H2O
  Calcite           0.42      2.43    2.01  CaCO3
  Carnallite      -20.88    -16.61    4.27  KMgCl3:6H2O
  CaSO4:0.5H2O(beta)  -3.05     -6.43   -3.39  CaSO4:0.5H2O
  CH4(g)         -151.64   -154.38   -2.74  CH4
  Chloromagnesite -32.51     -9.56   22.95  MgCl2
  Cl2(g)          -27.94    -24.57    3.37  Cl2
  CO(g)           -50.20    -53.11   -2.91  CO
  CO2(g)           -3.50    -11.25   -7.75  CO2
  Dolomite          1.50      4.41    2.91  CaMg(CO3)2
  Dolomite-dis     -0.12      4.41    4.53  CaMg(CO3)2
  Dolomite-ord      1.51      4.41    2.90  CaMg(CO3)2
  Epsomite         -4.92     -6.88   -1.96  MgSO4:7H2O
  F2(g)           -86.04    -27.55   58.49  F2
  Fluorite         -1.94    -12.09  -10.15  CaF2
  Gaylussite       -8.92      2.24   11.16  CaNa2(CO3)2:5H2O
  Glauberite      -10.01    -15.48   -5.47  Na2Ca(SO4)2
  Gypsum           -1.92     -6.43   -4.52  CaSO4:2H2O
  H2(g)           -43.21    -46.28   -3.07  H2
  H2O(g)           -1.90     -0.00    1.90  H2O
  H2S(g)         -149.44   -157.46   -8.02  H2S
  Halite           -7.40     -5.86    1.54  NaCl
  Hausmannite       9.83     21.90   12.07  Mn3O4
  HCl(g)          -18.23    -11.39    6.83  HCl
  Hexahydrite      -5.15     -6.88   -1.73  MgSO4:6H2O
  Huntite          -3.08      8.37   11.45  CaMg3(CO3)4
  Hydromagnesite  -11.75     21.16   32.91  Mg5(CO3)4(OH)2:4H2O
  Hydrophilite    -21.44     -9.11   12.33  CaCl2
  Ice              -0.09     -0.00    0.09  H2O
  K               -68.55      5.23   73.77  K
  K(g)            -79.78      5.23   85.01  K
  K2CO3:1.5H2O    -15.95     -2.57   13.38  K2CO3:1.5H2O
  K2O             -78.40      8.68   87.08  K2O
  K3H(SO4)2       -23.59    -27.21   -3.62  K3H(SO4)2
  K8H4(CO3)6:3H2O -60.51    -32.80   27.71  K8H4(CO3)6:3H2O
  Kainite         -13.63    -13.94   -0.31  KMgClSO4:3H2O
  Kalicinite       -7.20     -6.91    0.28  KHCO3
  Kieserite        -6.61     -6.88   -0.27  MgSO4:H2O
  KMgCl3          -38.79    -16.61   22.18  KMgCl3
  KMgCl3:2H2O     -31.11    -16.61   14.50  KMgCl3:2H2O
  KNaCO3:6H2O     -11.64     -1.38   10.26  KNaCO3:6H2O
  Lansfordite      -2.86      1.98    4.84  MgCO3:5H2O
  Leonite         -14.20    -18.32   -4.11  K2Mg(SO4)2:4H2O
  Lime            -20.27     13.68   33.95  CaO
  Magnesite        -0.61      1.98    2.59  MgCO3
  Manganite         5.97      5.80   -0.16  MnO(OH)
  Manganosite      -8.48     10.30   18.78  MnO
  Mercallite      -14.34    -15.78   -1.44  KHSO4
  Mg             -112.83     15.01  127.84  Mg
  Mg(g)          -133.60     15.01  148.61  Mg
  Mg1.25SO4(OH)0.5:0.5H2O  -9.46     -3.57    5.89  Mg1.25SO4(OH)0.5:0.5H2O
  Mg1.5SO4(OH)    -10.37     -0.26   10.11  Mg1.5SO4(OH)
  MgCl2:2H2O      -22.95     -9.56   13.39  MgCl2:2H2O
  MgCl2:4H2O      -17.18     -9.56    7.63  MgCl2:4H2O
  MgCl2:H2O       -26.48     -9.56   16.93  MgCl2:H2O
  MgOHCl          -14.90      1.84   16.74  MgOHCl
  MgSO4           -12.36     -6.88    5.48  MgSO4
  Mirabilite       -7.35     -9.05   -1.70  Na2SO4:10H2O
  Misenite        -95.01   -106.09  -11.08  K8H6(SO4)7
  Mn              -74.43     12.08   86.50  Mn
  Mn(OH)2(am)      -5.71     10.30   16.01  Mn(OH)2
  Mn(OH)3          -0.54      5.80    6.34  Mn(OH)3
  MnCl2:2H2O      -16.73    -12.49    4.24  MnCl2:2H2O
  MnCl2:4H2O      -15.32    -12.49    2.83  MnCl2:4H2O
  MnCl2:H2O       -18.39    -12.49    5.90  MnCl2:H2O
  MnO2(gamma)       7.88     -8.25  -16.13  MnO2
  MnSO4           -12.89     -9.82    3.07  MnSO4
  Monohydrocalcite  -0.40      2.43    2.83  CaCO3:H2O
  N2(g)           -21.32    -24.42   -3.10  N2
  Na              -63.66      6.42   70.09  Na
  Na(g)           -77.92      6.42   84.34  Na
  Na2CO3          -11.64     -0.19   11.45  Na2CO3
  Na2CO3:7H2O      -9.95     -0.19    9.77  Na2CO3:7H2O
  Na2O            -58.86     11.07   69.93  Na2O
  Na3H(SO4)2      -22.74    -23.63   -0.89  Na3H(SO4)2
  Na4Ca(SO4)3:2H2O -18.63    -24.53   -5.89  Na4Ca(SO4)3:2H2O
  Nahcolite        -5.47     -5.72   -0.25  NaHCO3
  Natron           -9.43     -0.19    9.25  Na2CO3:10H2O
  Nesquehonite     -3.69      1.98    5.67  MgCO3:3H2O
  NH3(g)          -72.27    -70.22    2.05  NH3
  Niter            -7.70     -8.18   -0.48  KNO3
  NO(g)           -26.80    -25.77    1.04  NO
  NO2(g)          -20.53    -11.63    8.90  NO2
  O2(g)            -0.76     -3.56   -2.80  O2
  Oxychloride-Mg  -10.76     15.07   25.83  Mg2Cl(OH)3:4H2O
  Pentahydrite     -5.49     -6.88   -1.39  MgSO4:5H2O
  Periclase        -9.17     13.23   22.40  MgO
  Picromerite     -13.88    -18.32   -4.44  K2Mg(SO4)2:6H2O
  Pirssonite       -9.08      2.24   11.32  Na2Ca(CO3)2:2H2O
  Polyhalite      -16.87    -31.18  -14.31  K2MgCa2(SO4)4:2H2O
  Portlandite      -9.79     13.68   23.47  Ca(OH)2
  Pyrolusite       10.00     -8.25  -18.25  MnO2
  Rhodochrosite    -0.89     -0.95   -0.06  MnCO3
  S              -112.25   -159.24  -46.99  S
  S2(g)          -239.32   -246.25   -6.94  S2
  Scacchite       -21.76    -12.49    9.27  MnCl2
  Sellaite         -3.19    -12.54   -9.35  MgF2
  SO2(g)          -58.30    -57.93    0.37  SO2
  Starkeyite       -5.88     -6.88   -1.00  MgSO4:4H2O
  Sylvite          -7.76     -7.06    0.70  KCl
  Syngenite       -10.27    -17.87   -7.60  K2Ca(SO4)2:H2O
  Tachyhydrite    -45.36    -28.22   17.14  Mg2CaCl6:12H2O
  Thenardite       -8.71     -9.05   -0.34  Na2SO4
  Thermonatrite   -11.33     -0.19   11.14  Na2CO3:H2O
  Todorokite       53.84      8.01  -45.82  Mn7O12:3H2O
  Trona-K         -19.88     -8.29   11.59  K2NaH(CO3)2:2H2O

**For a gas, SI = log10(fugacity). Fugacity = pressure * phi / 1 atm.
  For ideal gases, phi = 1.

------------------
End of simulation.
------------------

------------------------------------
Reading input data for simulation 5.
------------------------------------

	            TITLE Mixing Model, groundwater : recharge source water 1
	            MIX 1
	            1 0.5
	            2 0.5
	            SAVE solution 3   
	            END
-----
TITLE
-----

 Mixing Model, groundwater : recharge source water 1

-----------------------------------------
Beginning of batch-reaction calculations.
-----------------------------------------

Reaction step 1.

Using mix 1.	

Mixture 1.	

	  5.000e-01 Solution 1	Solution after simulation 3.                           
	  5.000e-01 Solution 2	Solution after simulation 4.                           

-----------------------------Solution composition------------------------------

	Elements           Molality       Moles

	As                6.681e-10   6.681e-10
	Ba                7.727e-08   7.727e-08
	C                 2.572e-03   2.572e-03
	Ca                1.394e-03   1.394e-03
	Cl                6.117e-04   6.117e-04
	Cr                1.726e-09   1.726e-09
	F                 2.957e-05   2.957e-05
	Fe                3.747e-06   3.747e-06
	K                 1.080e-04   1.080e-04
	Li                1.536e-06   1.536e-06
	Mg                3.298e-04   3.298e-04
	Mn                1.413e-06   1.413e-06
	N                 8.396e-05   8.396e-05
	Na                6.685e-03   6.685e-03
	P                 1.293e-07   1.293e-07
	S                 3.502e-03   3.502e-03
	Sr                6.284e-06   6.284e-06
	U                 4.416e-11   4.416e-11

----------------------------Description of solution----------------------------

                                       pH  =   7.402      Charge balance
                                       pe  =  13.847      Adjusted to redox equilibrium
                        Activity of water  =   1.000
                 Ionic strength (mol/kgw)  =   1.410e-02
                       Mass of water (kg)  =   1.000e+00
                 Total alkalinity (eq/kg)  =   2.361e-03
                       Total CO2 (mol/kg)  =   2.572e-03
                         Temperature (°C)  =  13.96
                           Pressure (atm)  =  1.91
                  Electrical balance (eq)  =   1.712e-04
 Percent error, 100*(Cat-|An|)/(Cat+|An|)  =   0.90
                               Iterations  =  22
                                  Total H  = 1.110533e+02
                                  Total O  = 5.554736e+01

----------------------------Distribution of species----------------------------

                                               Log       Log       Log    mole V
   Species          Molality    Activity  Molality  Activity     Gamma   cm³/mol

   OH-             1.150e-07   1.020e-07    -6.939    -6.992    -0.052     (0)  
   H+              4.384e-08   3.964e-08    -7.358    -7.402    -0.044      0.00
   H2O             5.553e+01   9.997e-01     1.744    -0.000     0.000     18.03
As(-3)        0.000e+00
   AsH3            0.000e+00   0.000e+00  -205.440  -205.440     0.000     (0)  
As(3)         0.000e+00
   HAsO2           0.000e+00   0.000e+00   -72.677   -72.677     0.000     (0)  
   As(OH)3         0.000e+00   0.000e+00   -72.730   -72.730     0.000     (0)  
   H2AsO3-         0.000e+00   0.000e+00   -74.679   -74.730    -0.051     (0)  
   AsO2-           0.000e+00   0.000e+00   -74.684   -74.735    -0.051     (0)  
   AsO2OH-2        0.000e+00   0.000e+00   -78.317   -78.524    -0.207     (0)  
   HAsS2           0.000e+00   0.000e+00  -357.950  -357.950     0.000     (0)  
As(5)         6.681e-10
   AsO3F-2         6.546e-10   4.069e-10    -9.184    -9.391    -0.207     (0)  
   HAsO3F-         1.348e-11   1.198e-11   -10.870   -10.922    -0.051     (0)  
   HAsO4-2         0.000e+00   0.000e+00   -44.244   -44.451    -0.207     (0)  
   H2AsO4-         0.000e+00   0.000e+00   -44.999   -45.051    -0.051     (0)  
   AsO4-3          0.000e+00   0.000e+00   -48.309   -48.774    -0.465     (0)  
   H3AsO4          0.000e+00   0.000e+00   -50.254   -50.254     0.000     (0)  
Ba            7.727e-08
   Ba+2            7.720e-08   4.874e-08    -7.112    -7.312    -0.200     (0)  
   BaCO3           3.266e-11   3.266e-11   -10.486   -10.486     0.000     (0)  
   BaNO3+          3.225e-11   2.866e-11   -10.492   -10.543    -0.051     (0)  
   BaCl+           8.371e-12   7.440e-12   -11.077   -11.128    -0.051     (0)  
   BaF+            8.557e-13   7.605e-13   -12.068   -12.119    -0.051     (0)  
   BaOH+           4.689e-14   4.168e-14   -13.329   -13.380    -0.051     (0)  
C(-2)         0.000e+00
   C2H4            0.000e+00   0.000e+00  -272.099  -272.099     0.000     (0)  
C(-3)         0.000e+00
   C2H6            0.000e+00   0.000e+00  -264.699  -264.699     0.000     (0)  
C(-4)         0.000e+00
   CH4             0.000e+00   0.000e+00  -151.507  -151.507     0.000     (0)  
C(2)          0.000e+00
   CO              0.000e+00   0.000e+00   -51.497   -51.497     0.000     (0)  
C(4)          2.572e-03
   HCO3-           2.300e-03   2.044e-03    -2.638    -2.690    -0.051     (0)  
   CO2             2.210e-04   2.218e-04    -3.656    -3.654     0.001     (0)  
   NaHCO3          2.112e-05   2.112e-05    -4.675    -4.675     0.000     (0)  
   CaHCO3+         2.023e-05   1.798e-05    -4.694    -4.745    -0.051     (0)  
   MgHCO3+         4.435e-06   3.942e-06    -5.353    -5.404    -0.051     (0)  
   CO3-2           2.890e-06   1.811e-06    -5.539    -5.742    -0.203     (0)  
   CaCO3           2.431e-06   2.431e-06    -5.614    -5.614     0.000     (0)  
   MgCO3           2.779e-07   2.779e-07    -6.556    -6.556     0.000     (0)  
   NaCO3-          5.528e-08   4.913e-08    -7.257    -7.309    -0.051     (0)  
   MnCO3           5.456e-08   5.456e-08    -7.263    -7.263     0.000     (0)  
   MnHCO3+         1.193e-08   1.060e-08    -7.923    -7.975    -0.051     (0)  
   SrCO3           3.436e-09   3.436e-09    -8.464    -8.464     0.000     (0)  
   BaCO3           3.266e-11   3.266e-11   -10.486   -10.486     0.000     (0)  
   UO2(CO3)2-2     2.276e-11   1.414e-11   -10.643   -10.849    -0.207     (0)  
   UO2(CO3)3-4     1.897e-11   2.821e-12   -10.722   -11.550    -0.828     (0)  
   FeCO3+          6.905e-12   6.137e-12   -11.161   -11.212    -0.051     (0)  
   UO2CO3          5.099e-13   5.099e-13   -12.293   -12.293     0.000     (0)  
   FeHCO3+         5.443e-17   4.838e-17   -16.264   -16.315    -0.051     (0)  
   (UO2)2CO3(OH)3-   1.999e-17   1.776e-17   -16.699   -16.751    -0.051     (0)  
   FeCO3           5.857e-18   5.857e-18   -17.232   -17.232     0.000     (0)  
   (UO2)3(CO3)6-6   1.888e-27   2.587e-29   -26.724   -28.587    -1.863     (0)  
   (UO2)3(OH)5CO2+   4.801e-32   4.267e-32   -31.319   -31.370    -0.051     (0)  
   (UO2)3O(OH)2(HCO3)+   3.870e-32   3.439e-32   -31.412   -31.464    -0.051     (0)  
   UO2(CO3)3-5     1.344e-37   6.838e-39   -36.871   -38.165    -1.294     (0)  
   U(CO3)4-4       0.000e+00   0.000e+00   -50.339   -51.167    -0.828     (0)  
   U(CO3)5-6       0.000e+00   0.000e+00   -56.403   -58.266    -1.863     (0)  
   (UO2)11(CO3)6(OH)12-2   0.000e+00   0.000e+00   -86.883   -87.090    -0.207     (0)  
Ca            1.394e-03
   Ca+2            1.176e-03   7.530e-04    -2.930    -3.123    -0.193     (0)  
   CaSO4           1.948e-04   1.948e-04    -3.710    -3.710     0.000     (0)  
   CaHCO3+         2.023e-05   1.798e-05    -4.694    -4.745    -0.051     (0)  
   CaCO3           2.431e-06   2.431e-06    -5.614    -5.614     0.000     (0)  
   CaNO3+          3.144e-07   2.794e-07    -6.503    -6.554    -0.051     (0)  
   CaF+            1.032e-07   9.174e-08    -6.986    -7.037    -0.051     (0)  
   CaCl+           9.449e-08   8.398e-08    -7.025    -7.076    -0.051     (0)  
   CaHPO4          1.746e-08   1.746e-08    -7.758    -7.758     0.000     (0)  
   CaOH+           3.020e-09   2.684e-09    -8.520    -8.571    -0.051     (0)  
   CaPO4-          1.239e-09   1.101e-09    -8.907    -8.958    -0.051     (0)  
   CaCl2           6.028e-11   6.028e-11   -10.220   -10.220     0.000     (0)  
   CaP2O7-2        2.438e-15   1.516e-15   -14.613   -14.819    -0.207     (0)  
   CaH2PO4+        3.559e-17   3.163e-17   -16.449   -16.500    -0.051     (0)  
Cl(-1)        6.117e-04
   Cl-             6.111e-04   5.408e-04    -3.214    -3.267    -0.053     (0)  
   NaCl            5.111e-07   5.111e-07    -6.292    -6.292     0.000     (0)  
   CaCl+           9.449e-08   8.398e-08    -7.025    -7.076    -0.051     (0)  
   MgCl+           8.225e-08   7.310e-08    -7.085    -7.136    -0.051     (0)  
   KCl             1.359e-09   1.359e-09    -8.867    -8.867     0.000     (0)  
   SrCl+           1.022e-09   9.088e-10    -8.990    -9.042    -0.051     (0)  
   MnCl+           6.684e-10   5.941e-10    -9.175    -9.226    -0.051     (0)  
   CaCl2           6.028e-11   6.028e-11   -10.220   -10.220     0.000     (0)  
   LiCl            2.230e-11   2.230e-11   -10.652   -10.652     0.000     (0)  
   BaCl+           8.371e-12   7.440e-12   -11.077   -11.128    -0.051     (0)  
   HCl             4.710e-12   4.710e-12   -11.327   -11.327     0.000     (0)  
   MnCl3-          5.641e-17   5.014e-17   -16.249   -16.300    -0.051     (0)  
   UO2Cl+          4.783e-20   4.251e-20   -19.320   -19.371    -0.051     (0)  
   CrO3Cl-         3.261e-20   2.898e-20   -19.487   -19.538    -0.051     (0)  
   FeCl+           1.915e-20   1.702e-20   -19.718   -19.769    -0.051     (0)  
   FeCl+2          1.724e-20   1.080e-20   -19.764   -19.967    -0.203     (0)  
   FeCl2+          9.386e-21   8.342e-21   -20.028   -20.079    -0.051     (0)  
   UO2Cl2          1.062e-24   1.062e-24   -23.974   -23.974     0.000     (0)  
   FeCl2           4.673e-26   4.673e-26   -25.330   -25.330     0.000     (0)  
   FeCl4-          3.301e-30   2.933e-30   -29.481   -29.533    -0.051     (0)  
   FeCl4-2         6.283e-32   3.905e-32   -31.202   -31.408    -0.207     (0)  
   CrCl+2          8.608e-38   5.393e-38   -37.065   -37.268    -0.203     (0)  
   CrCl2+          0.000e+00   0.000e+00   -40.421   -40.473    -0.051     (0)  
   UCl+3           0.000e+00   0.000e+00   -64.733   -65.183    -0.450     (0)  
Cl(1)         2.952e-21
   HClO            1.672e-21   1.672e-21   -20.777   -20.777     0.000     (0)  
   ClO-            1.280e-21   1.137e-21   -20.893   -20.944    -0.051     (0)  
Cl(3)         4.597e-32
   ClO2-           4.596e-32   4.085e-32   -31.338   -31.389    -0.051     (0)  
   HClO2           2.394e-36   2.394e-36   -35.621   -35.621     0.000     (0)  
Cl(5)         3.988e-28
   ClO3-           3.988e-28   3.537e-28   -27.399   -27.451    -0.052     (0)  
   UO2ClO3+        0.000e+00   0.000e+00   -43.094   -43.145    -0.051     (0)  
Cl(7)         1.421e-28
   ClO4-           1.421e-28   1.260e-28   -27.847   -27.900    -0.052     (0)  
Cr(2)         0.000e+00
   Cr+2            0.000e+00   0.000e+00   -56.787   -56.990    -0.203     (0)  
Cr(3)         2.294e-29
   Cr(OH)2+        2.009e-29   1.786e-29   -28.697   -28.748    -0.051     (0)  
   Cr(OH)3         2.259e-30   2.259e-30   -29.646   -29.646     0.000     (0)  
   CrOH+2          5.661e-31   3.547e-31   -30.247   -30.450    -0.203     (0)  
   Cr(OH)4-        2.554e-32   2.270e-32   -31.593   -31.644    -0.051     (0)  
   Cr+3            3.516e-34   1.405e-34   -33.454   -33.852    -0.398     (0)  
   CrCl+2          8.608e-38   5.393e-38   -37.065   -37.268    -0.203     (0)  
   CrCl2+          0.000e+00   0.000e+00   -40.421   -40.473    -0.051     (0)  
   Cr2(OH)2+4      0.000e+00   0.000e+00   -57.172   -57.960    -0.788     (0)  
   Cr3(OH)4+5      0.000e+00   0.000e+00   -78.887   -80.099    -1.212     (0)  
Cr(5)         1.411e-20
   CrO4-3          1.411e-20   4.834e-21   -19.850   -20.316    -0.465     (0)  
Cr(6)         1.726e-09
   CrO4-2          1.585e-09   9.853e-10    -8.800    -9.006    -0.207     (0)  
   HCrO4-          1.413e-10   1.256e-10    -9.850    -9.901    -0.051     (0)  
   Cr2O7-2         1.134e-18   7.046e-19   -17.946   -18.152    -0.207     (0)  
   H2CrO4          1.239e-19   1.239e-19   -18.907   -18.907     0.000     (0)  
   CrO3Cl-         3.261e-20   2.898e-20   -19.487   -19.538    -0.051     (0)  
F             2.957e-05
   F-              2.933e-05   2.602e-05    -4.533    -4.585    -0.052     (0)  
   MgF+            1.166e-07   1.036e-07    -6.933    -6.985    -0.051     (0)  
   CaF+            1.032e-07   9.174e-08    -6.986    -7.037    -0.051     (0)  
   NaF             1.446e-08   1.446e-08    -7.840    -7.840     0.000     (0)  
   HF              1.277e-09   1.277e-09    -8.894    -8.894     0.000     (0)  
   AsO3F-2         6.546e-10   4.069e-10    -9.184    -9.391    -0.207     (0)  
   MnF+            5.368e-10   4.771e-10    -9.270    -9.321    -0.051     (0)  
   SrF+            1.265e-10   1.124e-10    -9.898    -9.949    -0.051     (0)  
   HAsO3F-         1.348e-11   1.198e-11   -10.870   -10.922    -0.051     (0)  
   PO3F-2          1.107e-12   6.881e-13   -11.956   -12.162    -0.207     (0)  
   BaF+            8.557e-13   7.605e-13   -12.068   -12.119    -0.051     (0)  
   HF2-            8.063e-15   7.166e-15   -14.093   -14.145    -0.051     (0)  
   HPO3F-          3.859e-16   3.430e-16   -15.413   -15.465    -0.051     (0)  
   UO2F+           2.007e-16   1.784e-16   -15.697   -15.749    -0.051     (0)  
   FeF+2           1.055e-16   6.609e-17   -15.977   -16.180    -0.203     (0)  
   FeF2+           2.689e-17   2.390e-17   -16.570   -16.622    -0.051     (0)  
   UO2F2           1.414e-17   1.414e-17   -16.850   -16.850     0.000     (0)  
   H2F2            6.235e-18   6.235e-18   -17.205   -17.205     0.000     (0)  
   UO2F3-          7.291e-20   6.480e-20   -19.137   -19.188    -0.051     (0)  
   FeF+            3.025e-20   2.688e-20   -19.519   -19.571    -0.051     (0)  
   H2PO3F          8.696e-23   8.696e-23   -22.061   -22.061     0.000     (0)  
   UO2F4-2         1.674e-23   1.041e-23   -22.776   -22.983    -0.207     (0)  
   UF3+            0.000e+00   0.000e+00   -55.934   -55.985    -0.051     (0)  
   UF2+2           0.000e+00   0.000e+00   -56.521   -56.724    -0.203     (0)  
   UF4             0.000e+00   0.000e+00   -56.568   -56.568     0.000     (0)  
   UF+3            0.000e+00   0.000e+00   -58.599   -59.050    -0.450     (0)  
   UF5-            0.000e+00   0.000e+00   -59.824   -59.875    -0.051     (0)  
   UF6-2           0.000e+00   0.000e+00   -62.223   -62.430    -0.207     (0)  
Fe(2)         1.452e-16
   Fe+2            7.041e-17   4.510e-17   -16.152   -16.346    -0.193     (0)  
   FeHCO3+         5.443e-17   4.838e-17   -16.264   -16.315    -0.051     (0)  
   FeSO4           1.401e-17   1.401e-17   -16.854   -16.854     0.000     (0)  
   FeCO3           5.857e-18   5.857e-18   -17.232   -17.232     0.000     (0)  
   FeOH+           4.050e-19   3.600e-19   -18.393   -18.444    -0.051     (0)  
   FeF+            3.025e-20   2.688e-20   -19.519   -19.571    -0.051     (0)  
   FeCl+           1.915e-20   1.702e-20   -19.718   -19.769    -0.051     (0)  
   FeHPO4          7.574e-21   7.574e-21   -20.121   -20.121     0.000     (0)  
   FePO4-          2.191e-21   1.947e-21   -20.659   -20.711    -0.051     (0)  
   Fe(OH)2         7.216e-23   7.216e-23   -22.142   -22.142     0.000     (0)  
   Fe(OH)3-        8.157e-26   7.250e-26   -25.088   -25.140    -0.051     (0)  
   FeCl2           4.673e-26   4.673e-26   -25.330   -25.330     0.000     (0)  
   FeH2PO4+        4.253e-29   3.780e-29   -28.371   -28.423    -0.051     (0)  
   FeCl4-2         6.283e-32   3.905e-32   -31.202   -31.408    -0.207     (0)  
   Fe(OH)4-2       2.944e-33   1.830e-33   -32.531   -32.738    -0.207     (0)  
Fe(3)         3.747e-06
   Fe(OH)3         3.398e-06   3.398e-06    -5.469    -5.469     0.000     (0)  
   Fe(OH)2+        3.239e-07   2.879e-07    -6.490    -6.541    -0.051     (0)  
   Fe(OH)4-        2.424e-08   2.154e-08    -7.615    -7.667    -0.051     (0)  
   FeOH+2          5.499e-11   3.445e-11   -10.260   -10.463    -0.203     (0)  
   FeCO3+          6.905e-12   6.137e-12   -11.161   -11.212    -0.051     (0)  
   FeHPO4+         1.519e-13   1.350e-13   -12.819   -12.870    -0.051     (0)  
   Fe+3            5.289e-16   2.114e-16   -15.277   -15.675    -0.398     (0)  
   FeF+2           1.055e-16   6.609e-17   -15.977   -16.180    -0.203     (0)  
   FeSO4+          2.969e-17   2.639e-17   -16.527   -16.579    -0.051     (0)  
   FeF2+           2.689e-17   2.390e-17   -16.570   -16.622    -0.051     (0)  
   Fe(SO4)2-       1.494e-18   1.328e-18   -17.826   -17.877    -0.051     (0)  
   FeNO3+2         2.498e-19   1.565e-19   -18.602   -18.805    -0.203     (0)  
   Fe2(OH)2+4      1.960e-19   3.194e-20   -18.708   -19.496    -0.788     (0)  
   FeCl+2          1.724e-20   1.080e-20   -19.764   -19.967    -0.203     (0)  
   FeCl2+          9.386e-21   8.342e-21   -20.028   -20.079    -0.051     (0)  
   Fe3(OH)4+5      3.130e-23   1.921e-24   -22.504   -23.716    -1.212     (0)  
   FeH2PO4+2       8.346e-27   5.229e-27   -26.079   -26.282    -0.203     (0)  
   FeCl4-          3.301e-30   2.933e-30   -29.481   -29.533    -0.051     (0)  
   FeNO2+2         6.175e-31   3.868e-31   -30.209   -30.412    -0.203     (0)  
H(0)          0.000e+00
   H2              0.000e+00   0.000e+00   -45.830   -45.829     0.001     (0)  
K             1.080e-04
   K+              1.064e-04   9.416e-05    -3.973    -4.026    -0.053     (0)  
   KSO4-           1.601e-06   1.423e-06    -5.796    -5.847    -0.051     (0)  
   KCl             1.359e-09   1.359e-09    -8.867    -8.867     0.000     (0)  
   KHPO4-          2.693e-11   2.393e-11   -10.570   -10.621    -0.051     (0)  
   KOH             8.240e-12   8.240e-12   -11.084   -11.084     0.000     (0)  
   KHSO4           3.295e-14   3.295e-14   -13.482   -13.482     0.000     (0)  
   KP2O7-3         1.218e-20   4.173e-21   -19.914   -20.380    -0.465     (0)  
Li            1.536e-06
   Li+             1.518e-06   1.360e-06    -5.819    -5.867    -0.048     (0)  
   LiSO4-          1.765e-08   1.569e-08    -7.753    -7.804    -0.051     (0)  
   LiCl            2.230e-11   2.230e-11   -10.652   -10.652     0.000     (0)  
   LiOH            7.861e-13   7.861e-13   -12.105   -12.105     0.000     (0)  
Mg            3.298e-04
   Mg+2            2.584e-04   1.700e-04    -3.588    -3.770    -0.182     (0)  
   MgSO4           6.648e-05   6.648e-05    -4.177    -4.177     0.000     (0)  
   MgHCO3+         4.435e-06   3.942e-06    -5.353    -5.404    -0.051     (0)  
   MgCO3           2.779e-07   2.779e-07    -6.556    -6.556     0.000     (0)  
   MgF+            1.166e-07   1.036e-07    -6.933    -6.985    -0.051     (0)  
   MgCl+           8.225e-08   7.310e-08    -7.085    -7.136    -0.051     (0)  
   MgHPO4          5.828e-09   5.828e-09    -8.234    -8.234     0.000     (0)  
   MgPO4-          3.765e-10   3.347e-10    -9.424    -9.475    -0.051     (0)  
   MgP2O7-2        8.706e-16   5.411e-16   -15.060   -15.267    -0.207     (0)  
   MgH2PO4+        1.462e-17   1.299e-17   -16.835   -16.886    -0.051     (0)  
   Mg4(OH)4+4      3.696e-25   6.024e-26   -24.432   -25.220    -0.788     (0)  
Mn(2)         1.413e-06
   Mn+2            1.064e-06   6.813e-07    -5.973    -6.167    -0.193     (0)  
   MnSO4           2.809e-07   2.809e-07    -6.551    -6.551     0.000     (0)  
   MnCO3           5.456e-08   5.456e-08    -7.263    -7.263     0.000     (0)  
   MnHCO3+         1.193e-08   1.060e-08    -7.923    -7.975    -0.051     (0)  
   MnCl+           6.684e-10   5.941e-10    -9.175    -9.226    -0.051     (0)  
   MnF+            5.368e-10   4.771e-10    -9.270    -9.321    -0.051     (0)  
   MnOH+           4.973e-10   4.420e-10    -9.303    -9.355    -0.051     (0)  
   MnHPO4          1.093e-10   1.093e-10    -9.962    -9.962     0.000     (0)  
   MnNO3+          8.995e-11   7.994e-11   -10.046   -10.097    -0.051     (0)  
   MnPO4-          6.022e-12   5.352e-12   -11.220   -11.271    -0.051     (0)  
   MnH2PO4+        4.605e-13   4.093e-13   -12.337   -12.388    -0.051     (0)  
   Mn(OH)2         2.738e-14   2.738e-14   -13.563   -13.563     0.000     (0)  
   Mn(NO3)2        1.487e-14   1.487e-14   -13.828   -13.828     0.000     (0)  
   Mn2(OH)3+       1.057e-14   9.395e-15   -13.976   -14.027    -0.051     (0)  
   Mn2OH+3         9.098e-16   3.227e-16   -15.041   -15.491    -0.450     (0)  
   MnCl3-          5.641e-17   5.014e-17   -16.249   -16.300    -0.051     (0)  
   Mn(OH)3-        7.293e-19   6.482e-19   -18.137   -18.188    -0.051     (0)  
   Mn(OH)4-2       2.229e-25   1.385e-25   -24.652   -24.858    -0.207     (0)  
Mn(3)         1.537e-18
   Mn+3            1.537e-18   5.450e-19   -17.813   -18.264    -0.450     (0)  
Mn(6)         8.608e-15
   MnO4-2          8.608e-15   5.350e-15   -14.065   -14.272    -0.207     (0)  
Mn(7)         4.413e-11
   MnO4-           4.413e-11   3.914e-11   -10.355   -10.407    -0.052     (0)  
N(-03)        0.000e+00
   N3-             0.000e+00   0.000e+00  -103.208  -103.259    -0.051     (0)  
   HN3             0.000e+00   0.000e+00  -105.856  -105.856     0.000     (0)  
   UO2N3+          0.000e+00   0.000e+00  -116.851  -116.902    -0.051     (0)  
   UO2(N3)2        0.000e+00   0.000e+00  -218.412  -218.412     0.000     (0)  
   UO2(N3)3-       0.000e+00   0.000e+00  -320.210  -320.261    -0.051     (0)  
   UO2(N3)4-2      0.000e+00   0.000e+00  -424.134  -424.340    -0.207     (0)  
N(-3)         0.000e+00
   NH4+            0.000e+00   0.000e+00   -65.476   -65.530    -0.054     (0)  
   NH3             0.000e+00   0.000e+00   -67.716   -67.716     0.000     (0)  
   NH4SO4-         0.000e+00   0.000e+00   -76.835   -76.886    -0.051     (0)  
N(0)          3.900e-21
   N2              1.950e-21   1.950e-21   -20.710   -20.710     0.000     (0)  
N(3)          1.464e-18
   NO2-            1.464e-18   1.295e-18   -17.835   -17.888    -0.053     (0)  
   HNO2            1.112e-22   1.112e-22   -21.954   -21.954     0.000     (0)  
   FeNO2+2         6.175e-31   3.868e-31   -30.209   -30.412    -0.203     (0)  
N(5)          8.396e-05
   NO3-            8.364e-05   7.403e-05    -4.078    -4.131    -0.053     (0)  
   CaNO3+          3.144e-07   2.794e-07    -6.503    -6.554    -0.051     (0)  
   SrNO3+          1.671e-09   1.485e-09    -8.777    -8.828    -0.051     (0)  
   MnNO3+          8.995e-11   7.994e-11   -10.046   -10.097    -0.051     (0)  
   BaNO3+          3.225e-11   2.866e-11   -10.492   -10.543    -0.051     (0)  
   HNO3            1.177e-13   1.177e-13   -12.929   -12.929     0.000     (0)  
   Mn(NO3)2        1.487e-14   1.487e-14   -13.828   -13.828     0.000     (0)  
   FeNO3+2         2.498e-19   1.565e-19   -18.602   -18.805    -0.203     (0)  
   UO2NO3+         9.508e-21   8.451e-21   -20.022   -20.073    -0.051     (0)  
   UNO3+3          0.000e+00   0.000e+00   -65.992   -66.443    -0.450     (0)  
   U(NO3)2+2       0.000e+00   0.000e+00   -69.560   -69.763    -0.203     (0)  
Na            6.685e-03
   Na+             6.579e-03   5.847e-03    -2.182    -2.233    -0.051     (0)  
   NaSO4-          8.517e-05   7.569e-05    -4.070    -4.121    -0.051     (0)  
   NaHCO3          2.112e-05   2.112e-05    -4.675    -4.675     0.000     (0)  
   NaCl            5.111e-07   5.111e-07    -6.292    -6.292     0.000     (0)  
   NaCO3-          5.528e-08   4.913e-08    -7.257    -7.309    -0.051     (0)  
   NaF             1.446e-08   1.446e-08    -7.840    -7.840     0.000     (0)  
   NaHPO4-         2.308e-09   2.051e-09    -8.637    -8.688    -0.051     (0)  
   NaOH            1.058e-10   1.058e-10    -9.976    -9.976     0.000     (0)  
   NaHP2O7-2       4.693e-18   2.917e-18   -17.329   -17.535    -0.207     (0)  
   NaP2O7-3        1.062e-18   3.637e-19   -17.974   -18.439    -0.465     (0)  
   Na2P2O7-2       2.717e-19   1.689e-19   -18.566   -18.772    -0.207     (0)  
O(0)          1.150e-04
   O2              5.752e-05   5.772e-05    -4.240    -4.239     0.001     (0)  
P(-3)         0.000e+00
   PH4+            0.000e+00   0.000e+00  -233.793  -233.844    -0.051     (0)  
P(5)          1.293e-07
   HPO4-2          6.786e-08   4.218e-08    -7.168    -7.375    -0.207     (0)  
   H2PO4-          3.405e-08   3.027e-08    -7.468    -7.519    -0.051     (0)  
   CaHPO4          1.746e-08   1.746e-08    -7.758    -7.758     0.000     (0)  
   MgHPO4          5.828e-09   5.828e-09    -8.234    -8.234     0.000     (0)  
   NaHPO4-         2.308e-09   2.051e-09    -8.637    -8.688    -0.051     (0)  
   CaPO4-          1.239e-09   1.101e-09    -8.907    -8.958    -0.051     (0)  
   MgPO4-          3.765e-10   3.347e-10    -9.424    -9.475    -0.051     (0)  
   MnHPO4          1.093e-10   1.093e-10    -9.962    -9.962     0.000     (0)  
   KHPO4-          2.693e-11   2.393e-11   -10.570   -10.621    -0.051     (0)  
   SrHPO4          1.539e-11   1.539e-11   -10.813   -10.813     0.000     (0)  
   MnPO4-          6.022e-12   5.352e-12   -11.220   -11.271    -0.051     (0)  
   PO4-3           1.124e-12   3.849e-13   -11.949   -12.415    -0.465     (0)  
   PO3F-2          1.107e-12   6.881e-13   -11.956   -12.162    -0.207     (0)  
   MnH2PO4+        4.605e-13   4.093e-13   -12.337   -12.388    -0.051     (0)  
   H3PO4           1.623e-13   1.623e-13   -12.790   -12.790     0.000     (0)  
   FeHPO4+         1.519e-13   1.350e-13   -12.819   -12.870    -0.051     (0)  
   UO2PO4-         8.609e-15   7.652e-15   -14.065   -14.116    -0.051     (0)  
   CaP2O7-2        2.438e-15   1.516e-15   -14.613   -14.819    -0.207     (0)  
   MgP2O7-2        8.706e-16   5.411e-16   -15.060   -15.267    -0.207     (0)  
   UO2HPO4         6.949e-16   6.949e-16   -15.158   -15.158     0.000     (0)  
   HPO3F-          3.859e-16   3.430e-16   -15.413   -15.465    -0.051     (0)  
   HP2O7-3         4.521e-17   1.549e-17   -16.345   -16.810    -0.465     (0)  
   CaH2PO4+        3.559e-17   3.163e-17   -16.449   -16.500    -0.051     (0)  
   MgH2PO4+        1.462e-17   1.299e-17   -16.835   -16.886    -0.051     (0)  
   NaHP2O7-2       4.693e-18   2.917e-18   -17.329   -17.535    -0.207     (0)  
   H2P2O7-2        4.325e-18   2.688e-18   -17.364   -17.571    -0.207     (0)  
   P2O7-4          1.506e-18   2.240e-19   -17.822   -18.650    -0.828     (0)  
   NaP2O7-3        1.062e-18   3.637e-19   -17.974   -18.439    -0.465     (0)  
   SrP2O7-2        4.097e-19   2.547e-19   -18.387   -18.594    -0.207     (0)  
   Na2P2O7-2       2.717e-19   1.689e-19   -18.566   -18.772    -0.207     (0)  
   UO2H2PO4+       5.289e-20   4.700e-20   -19.277   -19.328    -0.051     (0)  
   SrH2PO4+        3.212e-20   2.854e-20   -19.493   -19.544    -0.051     (0)  
   KP2O7-3         1.218e-20   4.173e-21   -19.914   -20.380    -0.465     (0)  
   FeHPO4          7.574e-21   7.574e-21   -20.121   -20.121     0.000     (0)  
   FePO4-          2.191e-21   1.947e-21   -20.659   -20.711    -0.051     (0)  
   H2PO3F          8.696e-23   8.696e-23   -22.061   -22.061     0.000     (0)  
   H3P2O7-         2.692e-23   2.393e-23   -22.570   -22.621    -0.051     (0)  
   UO2(H2PO4)2     9.273e-25   9.273e-25   -24.033   -24.033     0.000     (0)  
   FeH2PO4+2       8.346e-27   5.229e-27   -26.079   -26.282    -0.203     (0)  
   UO2H3PO4+2      1.298e-27   8.134e-28   -26.887   -27.090    -0.203     (0)  
   FeH2PO4+        4.253e-29   3.780e-29   -28.371   -28.423    -0.051     (0)  
   H4P2O7          2.555e-29   2.555e-29   -28.593   -28.593     0.000     (0)  
   UO2(H2PO4)(H3PO4)+   4.232e-31   3.761e-31   -30.373   -30.425    -0.051     (0)  
S(-2)         0.000e+00
   HS-             0.000e+00   0.000e+00  -145.695  -145.747    -0.052     (0)  
   H2S             0.000e+00   0.000e+00  -145.983  -145.983     0.000     (0)  
   S-2             0.000e+00   0.000e+00  -151.405  -151.604    -0.200     (0)  
   S2-2            0.000e+00   0.000e+00  -258.689  -258.895    -0.207     (0)  
   HAsS2           0.000e+00   0.000e+00  -357.950  -357.950     0.000     (0)  
   S3-2            0.000e+00   0.000e+00  -366.016  -366.223    -0.207     (0)  
   S4-2            0.000e+00   0.000e+00  -473.574  -473.781    -0.207     (0)  
   S5-2            0.000e+00   0.000e+00  -581.360  -581.566    -0.207     (0)  
S(2)          0.000e+00
   S2O3-2          0.000e+00   0.000e+00  -150.765  -150.971    -0.207     (0)  
   HS2O3-          0.000e+00   0.000e+00  -157.308  -157.359    -0.051     (0)  
   UO2S2O3         0.000e+00   0.000e+00  -164.970  -164.970     0.000     (0)  
S(3)          0.000e+00
   S2O4-2          0.000e+00   0.000e+00  -137.057  -137.257    -0.200     (0)  
S(4)          0.000e+00
   SO3-2           0.000e+00   0.000e+00   -48.806   -49.010    -0.203     (0)  
   HSO3-           0.000e+00   0.000e+00   -49.187   -49.238    -0.051     (0)  
   H2SO3           0.000e+00   0.000e+00   -54.600   -54.600     0.000     (0)  
   SO2             0.000e+00   0.000e+00   -54.869   -54.869     0.000     (0)  
   UO2SO3          0.000e+00   0.000e+00   -58.479   -58.479     0.000     (0)  
   S2O6-2          0.000e+00   0.000e+00   -71.659   -71.866    -0.207     (0)  
   UO2(SO3)2-2     0.000e+00   0.000e+00  -106.126  -106.332    -0.207     (0)  
   S3O6-2          0.000e+00   0.000e+00  -181.521  -181.727    -0.207     (0)  
   S4O6-2          0.000e+00   0.000e+00  -275.078  -275.284    -0.207     (0)  
   S5O6-2          0.000e+00   0.000e+00  -398.208  -398.414    -0.207     (0)  
S(5)          0.000e+00
   S2O5-2          0.000e+00   0.000e+00  -103.078  -103.284    -0.207     (0)  
S(6)          3.502e-03
   SO4-2           3.152e-03   1.959e-03    -2.501    -2.708    -0.207     (0)  
   CaSO4           1.948e-04   1.948e-04    -3.710    -3.710     0.000     (0)  
   NaSO4-          8.517e-05   7.569e-05    -4.070    -4.121    -0.051     (0)  
   MgSO4           6.648e-05   6.648e-05    -4.177    -4.177     0.000     (0)  
   KSO4-           1.601e-06   1.423e-06    -5.796    -5.847    -0.051     (0)  
   SrSO4           1.243e-06   1.243e-06    -5.906    -5.906     0.000     (0)  
   MnSO4           2.809e-07   2.809e-07    -6.551    -6.551     0.000     (0)  
   LiSO4-          1.765e-08   1.569e-08    -7.753    -7.804    -0.051     (0)  
   HSO4-           6.474e-09   5.754e-09    -8.189    -8.240    -0.051     (0)  
   KHSO4           3.295e-14   3.295e-14   -13.482   -13.482     0.000     (0)  
   UO2SO4          1.065e-16   1.065e-16   -15.973   -15.973     0.000     (0)  
   FeSO4+          2.969e-17   2.639e-17   -16.527   -16.579    -0.051     (0)  
   FeSO4           1.401e-17   1.401e-17   -16.854   -16.854     0.000     (0)  
   UO2(SO4)2-2     2.261e-18   1.405e-18   -17.646   -17.852    -0.207     (0)  
   Fe(SO4)2-       1.494e-18   1.328e-18   -17.826   -17.877    -0.051     (0)  
   H2SO4           2.934e-19   2.934e-19   -18.532   -18.532     0.000     (0)  
   U(SO4)2         0.000e+00   0.000e+00   -59.012   -59.012     0.000     (0)  
   USO4+2          0.000e+00   0.000e+00   -59.789   -59.992    -0.203     (0)  
   NH4SO4-         0.000e+00   0.000e+00   -76.835   -76.886    -0.051     (0)  
S(7)          0.000e+00
   S2O8-2          0.000e+00   0.000e+00   -45.897   -46.103    -0.207     (0)  
S(8)          4.181e-31
   HSO5-           4.181e-31   3.716e-31   -30.379   -30.430    -0.051     (0)  
Sr            6.284e-06
   Sr+2            5.035e-06   3.179e-06    -5.298    -5.498    -0.200     (0)  
   SrSO4           1.243e-06   1.243e-06    -5.906    -5.906     0.000     (0)  
   SrCO3           3.436e-09   3.436e-09    -8.464    -8.464     0.000     (0)  
   SrNO3+          1.671e-09   1.485e-09    -8.777    -8.828    -0.051     (0)  
   SrCl+           1.022e-09   9.088e-10    -8.990    -9.042    -0.051     (0)  
   SrF+            1.265e-10   1.124e-10    -9.898    -9.949    -0.051     (0)  
   SrHPO4          1.539e-11   1.539e-11   -10.813   -10.813     0.000     (0)  
   SrOH+           4.629e-12   4.114e-12   -11.335   -11.386    -0.051     (0)  
   SrP2O7-2        4.097e-19   2.547e-19   -18.387   -18.594    -0.207     (0)  
   SrH2PO4+        3.212e-20   2.854e-20   -19.493   -19.544    -0.051     (0)  
U(3)          0.000e+00
   U+3             0.000e+00   0.000e+00   -87.329   -87.779    -0.450     (0)  
U(4)          6.104e-40
   U(OH)4          6.104e-40   6.104e-40   -39.214   -39.214     0.000     (0)  
   U(CO3)4-4       0.000e+00   0.000e+00   -50.339   -51.167    -0.828     (0)  
   UF3+            0.000e+00   0.000e+00   -55.934   -55.985    -0.051     (0)  
   U(CO3)5-6       0.000e+00   0.000e+00   -56.403   -58.266    -1.863     (0)  
   UF2+2           0.000e+00   0.000e+00   -56.521   -56.724    -0.203     (0)  
   UF4             0.000e+00   0.000e+00   -56.568   -56.568     0.000     (0)  
   UOH+3           0.000e+00   0.000e+00   -56.776   -57.226    -0.450     (0)  
   UF+3            0.000e+00   0.000e+00   -58.599   -59.050    -0.450     (0)  
   U(SO4)2         0.000e+00   0.000e+00   -59.012   -59.012     0.000     (0)  
   USO4+2          0.000e+00   0.000e+00   -59.789   -59.992    -0.203     (0)  
   UF5-            0.000e+00   0.000e+00   -59.824   -59.875    -0.051     (0)  
   UF6-2           0.000e+00   0.000e+00   -62.223   -62.430    -0.207     (0)  
   U+4             0.000e+00   0.000e+00   -62.975   -63.763    -0.788     (0)  
   UCl+3           0.000e+00   0.000e+00   -64.733   -65.183    -0.450     (0)  
   UNO3+3          0.000e+00   0.000e+00   -65.992   -66.443    -0.450     (0)  
   U(NO3)2+2       0.000e+00   0.000e+00   -69.560   -69.763    -0.203     (0)  
U(5)          2.362e-29
   UO2+            2.362e-29   2.099e-29   -28.627   -28.678    -0.051     (0)  
   UO2(CO3)3-5     1.344e-37   6.838e-39   -36.871   -38.165    -1.294     (0)  
U(6)          4.416e-11
   UO2(CO3)2-2     2.276e-11   1.414e-11   -10.643   -10.849    -0.207     (0)  
   UO2(CO3)3-4     1.897e-11   2.821e-12   -10.722   -11.550    -0.828     (0)  
   UO2(OH)2        1.847e-12   1.847e-12   -11.734   -11.734     0.000     (0)  
   UO2CO3          5.099e-13   5.099e-13   -12.293   -12.293     0.000     (0)  
   UO2(OH)3-       6.494e-14   5.772e-14   -13.187   -13.239    -0.051     (0)  
   UO2PO4-         8.609e-15   7.652e-15   -14.065   -14.116    -0.051     (0)  
   UO2OH+          5.359e-15   4.763e-15   -14.271   -14.322    -0.051     (0)  
   UO2HPO4         6.949e-16   6.949e-16   -15.158   -15.158     0.000     (0)  
   UO2F+           2.007e-16   1.784e-16   -15.697   -15.749    -0.051     (0)  
   UO2SO4          1.065e-16   1.065e-16   -15.973   -15.973     0.000     (0)  
   UO2+2           9.551e-17   5.984e-17   -16.020   -16.223    -0.203     (0)  
   (UO2)2CO3(OH)3-   1.999e-17   1.776e-17   -16.699   -16.751    -0.051     (0)  
   UO2F2           1.414e-17   1.414e-17   -16.850   -16.850     0.000     (0)  
   UO2(SO4)2-2     2.261e-18   1.405e-18   -17.646   -17.852    -0.207     (0)  
   UO2F3-          7.291e-20   6.480e-20   -19.137   -19.188    -0.051     (0)  
   UO2H2PO4+       5.289e-20   4.700e-20   -19.277   -19.328    -0.051     (0)  
   UO2Cl+          4.783e-20   4.251e-20   -19.320   -19.371    -0.051     (0)  
   UO2(OH)4-2      3.652e-20   2.270e-20   -19.437   -19.644    -0.207     (0)  
   UO2NO3+         9.508e-21   8.451e-21   -20.022   -20.073    -0.051     (0)  
   UO2F4-2         1.674e-23   1.041e-23   -22.776   -22.983    -0.207     (0)  
   (UO2)2(OH)2+2   4.643e-24   2.909e-24   -23.333   -23.536    -0.203     (0)  
   UO2Cl2          1.062e-24   1.062e-24   -23.974   -23.974     0.000     (0)  
   UO2(H2PO4)2     9.273e-25   9.273e-25   -24.033   -24.033     0.000     (0)  
   (UO2)3(CO3)6-6   1.888e-27   2.587e-29   -26.724   -28.587    -1.863     (0)  
   UO2H3PO4+2      1.298e-27   8.134e-28   -26.887   -27.090    -0.203     (0)  
   (UO2)2OH+3      5.000e-28   1.773e-28   -27.301   -27.751    -0.450     (0)  
   (UO2)3(OH)7-    1.399e-28   1.243e-28   -27.854   -27.906    -0.051     (0)  
   (UO2)3(OH)5+    1.345e-28   1.195e-28   -27.871   -27.923    -0.051     (0)  
   UO2(H2PO4)(H3PO4)+   4.232e-31   3.761e-31   -30.373   -30.425    -0.051     (0)  
   (UO2)3(OH)4+2   1.634e-31   1.024e-31   -30.787   -30.990    -0.203     (0)  
   (UO2)3(OH)5CO2+   4.801e-32   4.267e-32   -31.319   -31.370    -0.051     (0)  
   (UO2)3O(OH)2(HCO3)+   3.870e-32   3.439e-32   -31.412   -31.464    -0.051     (0)  
   (UO2)4(OH)7+    1.054e-35   9.363e-36   -34.977   -35.029    -0.051     (0)  
   UO2ClO3+        0.000e+00   0.000e+00   -43.094   -43.145    -0.051     (0)  
   UO2SO3          0.000e+00   0.000e+00   -58.479   -58.479     0.000     (0)  
   (UO2)11(CO3)6(OH)12-2   0.000e+00   0.000e+00   -86.883   -87.090    -0.207     (0)  
   UO2(SO3)2-2     0.000e+00   0.000e+00  -106.126  -106.332    -0.207     (0)  
   UO2N3+          0.000e+00   0.000e+00  -116.851  -116.902    -0.051     (0)  
   UO2S2O3         0.000e+00   0.000e+00  -164.970  -164.970     0.000     (0)  
   UO2(N3)2        0.000e+00   0.000e+00  -218.412  -218.412     0.000     (0)  
   UO2(N3)3-       0.000e+00   0.000e+00  -320.210  -320.261    -0.051     (0)  
   UO2(N3)4-2      0.000e+00   0.000e+00  -424.134  -424.340    -0.207     (0)  

------------------------------Saturation indices-------------------------------

  Phase               SI** log IAP   log K(287 K,   2 atm)

  (UO2)2As2O7    -116.40   -107.74    8.66  (UO2)2As2O7
  (UO2)2Cl3       -68.33    -54.70   13.63  (UO2)2Cl3
  (UO2)2P2O7      -33.12    -47.20  -14.07  (UO2)2P2O7
  (UO2)3(AsO4)2  -119.71   -109.16   10.55  (UO2)3(AsO4)2
  (UO2)3(PO4)2    -35.52    -48.62  -13.09  (UO2)3(PO4)2
  (UO2)3(PO4)2:4H2O -21.86    -48.62  -26.75  (UO2)3(PO4)2:4H2O
  Alabandite     -144.25   -144.51   -0.26  MnS
  Alstonite        -3.60     -1.01    2.58  BaCa(CO3)2
  Anhydrite        -1.61     -5.83   -4.23  CaSO4
  Antarcticite    -13.75     -9.66    4.09  CaCl2:6H2O
  Aphthitalite    -15.84    -19.73   -3.89  NaK3(SO4)2
  Aragonite        -0.56      1.59    2.15  CaCO3
  Arcanite         -8.76    -10.76   -2.00  K2SO4
  Arsenolite     -143.84   -164.26  -20.42  As2O3
  Arsenopyrite   -283.84   -298.48  -14.63  FeAsS
  Artinite         -8.54     11.98   20.51  Mg2CO3(OH)2:3H2O
  As             -123.50    -78.95   44.54  As
  As2O5          -107.28   -104.90    2.38  As2O5
  As4O6(cubi)    -287.56   -328.53  -40.97  As4O6
  As4O6(mono)    -287.35   -328.53  -41.18  As4O6
  Autunite-H      -22.04    -47.20  -25.16  H2(UO2)2(PO4)2
  Ba             -137.12      9.61  146.73  Ba
  Ba(OH)2:8H2O    -17.40      7.49   24.89  Ba(OH)2:8H2O
  Ba2U2O7         -65.67    -27.57   38.10  Ba2U2O7
  Ba3UO6          -77.11     21.05   98.17  Ba3UO6
  BaCl2           -16.16    -13.85    2.32  BaCl2
  BaCl2:2H2O      -13.94    -13.85    0.10  BaCl2:2H2O
  BaCl2:H2O       -14.65    -13.85    0.81  BaCl2:H2O
  BaCrO4           -6.19    -16.32  -10.13  BaCrO4
  BaHPO4           -7.29    -14.69   -7.40  BaHPO4
  BaMnO4          -11.49    -21.58  -10.09  BaMnO4
  BaO             -42.13      7.49   49.62  BaO
  Barite            0.17    -10.02  -10.19  BaSO4
  Barytocalcite    -3.75     -1.01    2.74  BaCa(CO3)2
  BaS            -162.53   -145.66   16.87  BaS
  Bassanite        -2.25     -5.83   -3.58  CaSO4:0.5H2O
  Bassetite       -31.75    -48.74  -16.99  Fe(UO2)2(PO4)2
  BaU2O7          -18.63      4.65   23.29  BaU2O7
  BaUO4           -13.03      6.07   19.10  BaUO4
  Birnessite       41.51    -44.04  -85.55  Mn8O14:5H2O
  Bischofite      -14.69    -10.30    4.39  MgCl2:6H2O
  Bixbyite          7.56      7.88    0.33  Mn2O3
  Bloedite        -11.17    -13.65   -2.48  Na2Mg(SO4)2:4H2O
  Brezinaite     -682.30   -678.08    4.22  Cr3S4
  Brucite          -6.00     11.03   17.04  Mg(OH)2
  Brushite        -17.05    -10.50    6.55  CaHPO4:2H2O
  Burkeite        -23.59    -14.10    9.49  Na6CO3(SO4)2
  C               -72.63     -5.85   66.78  C
  C(g)           -195.07     -5.85  189.22  C
  Ca             -131.57     13.80  145.37  Ca
  Ca(g)          -158.01     13.80  171.81  Ca
  Ca2Cl2(OH)2:H2O -24.27      2.02   26.29  Ca2Cl2(OH)2:H2O
  Ca3(AsO4)2      -88.67    -69.86   18.81  Ca3(AsO4)2
  Ca4Cl2(OH)6:13H2O -42.94     25.38   68.32  Ca4Cl2(OH)6:13H2O
  Calcite          -0.41      1.59    2.00  CaCO3
  Carnallite      -21.87    -17.60    4.27  KMgCl3:6H2O
  CaSO4:0.5H2O(beta)  -2.44     -5.83   -3.39  CaSO4:0.5H2O
  CaUO4            -6.56     10.26   16.82  CaUO4
  Celestite        -2.52     -8.21   -5.68  SrSO4
  CH4(g)         -148.76   -151.51   -2.75  CH4
  Chloromagnesite -33.19    -10.30   22.89  MgCl2
  Chromite        -41.81    -24.84   16.97  FeCr2O4
  Cl2(g)          -26.81    -23.46    3.35  Cl2
  Claudetite     -143.91   -164.26  -20.35  As2O3
  CO(g)           -48.58    -51.50   -2.92  CO
  CO2(g)           -2.33    -10.09   -7.76  CO2
  Cr             -111.57     -8.47  103.10  Cr
  CrCl3           -62.81    -43.65   19.16  CrCl3
  CrF3            -39.55    -47.61   -8.06  CrF3
  CrF4            -68.82    -80.94  -12.13  CrF4
  CrO2            -13.28    -33.00  -19.72  CrO2
  CrO3            -20.29    -23.81   -3.52  CrO3
  CrS            -194.87   -195.34   -0.47  CrS
  Dolomite         -0.35      2.53    2.88  CaMg(CO3)2
  Dolomite-dis     -1.97      2.53    4.50  CaMg(CO3)2
  Dolomite-ord     -0.34      2.53    2.87  CaMg(CO3)2
  Epsomite         -4.51     -6.48   -1.96  MgSO4:7H2O
  Eskolaite       -32.25    -41.26   -9.01  Cr2O3
  F2(g)           -84.43    -26.09   58.34  F2
  Fe              -60.94      0.58   61.52  Fe
  Fe(OH)2         -16.08     -1.54   14.54  Fe(OH)2
  Fe(OH)3           0.32      6.53    6.21  Fe(OH)3
  Fe2(SO4)3       -44.20    -39.47    4.73  Fe2(SO4)3
  FeF2            -23.44    -25.52   -2.07  FeF2
  FeF3            -10.25    -29.43  -19.18  FeF3
  FeO             -15.78     -1.54   14.24  FeO
  Ferrite-Ca        1.46     24.74   23.28  CaFe2O4
  Ferrite-Dicalcium -23.58     36.42   60.00  Ca2Fe2O5
  Ferrite-Mg        1.19     24.10   22.91  MgFe2O4
  FeSO4           -22.15    -19.05    3.10  FeSO4
  Fluorapatite      4.42    -20.12  -24.54  Ca5(PO4)3F
  Fluorite         -2.15    -12.29  -10.15  CaF2
  Frankdicksonite -10.72    -16.48   -5.76  BaF2
  Gaylussite       -9.33      1.83   11.16  CaNa2(CO3)2:5H2O
  Glauberite       -7.54    -13.01   -5.47  Na2Ca(SO4)2
  Goethite          5.58      6.53    0.95  FeOOH
  Gypsum           -1.31     -5.83   -4.52  CaSO4:2H2O
  H2(g)           -42.76    -45.83   -3.07  H2
  H2O(g)           -1.88     -0.00    1.88  H2O
  H2S(g)         -145.13   -153.15   -8.02  H2S
  Halite           -7.04     -5.50    1.54  NaCl
  Hausmannite       4.56     16.52   11.96  Mn3O4
  HCl(g)          -17.47    -10.67    6.80  HCl
  Hematite         12.11     13.06    0.95  Fe2O3
  Hexahydrite      -4.75     -6.48   -1.73  MgSO4:6H2O
  Huntite          -6.96      4.42   11.38  CaMg3(CO3)4
  Hydromagnesite  -17.98     14.80   32.78  Mg5(CO3)4(OH)2:4H2O
  Hydrophilite    -21.95     -9.66   12.30  CaCl2
  Hydroxylapatite  -6.21     -8.13   -1.92  Ca5(OH)(PO4)3
  Ice              -0.10     -0.00    0.10  H2O
  Jarosite         -3.91    -12.06   -8.14  KFe3(SO4)2(OH)6
  Jarosite-Na      -4.81    -10.26   -5.45  NaFe3(SO4)2(OH)6
  K               -69.18      4.44   73.62  K
  K(g)            -80.38      4.44   84.82  K
  K2CO3:1.5H2O    -16.72     -3.34   13.38  K2CO3:1.5H2O
  K2O             -80.16      6.75   86.91  K2O
  K2UO4           -29.72      5.33   35.05  K2UO4
  K3H(SO4)2       -21.27    -24.90   -3.62  K3H(SO4)2
  K8H4(CO3)6:3H2O -61.25    -33.54   27.71  K8H4(CO3)6:3H2O
  Kainite         -13.46    -13.77   -0.31  KMgClSO4:3H2O
  Kalicinite       -7.00     -6.72    0.28  KHCO3
  Kieserite        -6.21     -6.48   -0.27  MgSO4:H2O
  KMgCl3          -39.72    -17.60   22.12  KMgCl3
  KMgCl3:2H2O     -32.07    -17.60   14.47  KMgCl3:2H2O
  KNaCO3:6H2O     -11.81     -1.55   10.26  KNaCO3:6H2O
  KUO2AsO4        -46.32    -50.50   -4.17  KUO2AsO4
  Lansfordite      -3.90      0.94    4.84  MgCO3:5H2O
  Lawrencite      -32.51    -22.88    9.63  FeCl2
  Leonite         -13.12    -17.24   -4.11  K2Mg(SO4)2:4H2O
  Li              -72.98      2.59   75.58  Li
  Li(g)           -96.24      2.59   98.83  Li
  Li2UO4          -27.41      1.65   29.06  Li2UO4
  Lime            -22.20     11.68   33.88  CaO
  LiUO2AsO4       -51.55    -52.34   -0.79  LiUO2AsO4
  Lopezite        -22.84    -40.87  -18.03  K2Cr2O7
  Magnesiochromite -36.00    -12.26   23.74  MgCr2O4
  Magnesite        -1.63      0.94    2.58  MgCO3
  Magnetite        -0.36     11.52   11.88  Fe3O4
  Manganite         4.11      3.94   -0.17  MnO(OH)
  Manganosite     -10.10      8.64   18.73  MnO
  Melanterite     -16.59    -19.05   -2.47  FeSO4:7H2O
  Mercallite      -12.70    -14.14   -1.44  KHSO4
  Mg             -114.39     13.15  127.54  Mg
  Mg(g)          -135.10     13.15  148.25  Mg
  Mg1.25SO4(OH)0.5:0.5H2O  -9.57     -3.72    5.85  Mg1.25SO4(OH)0.5:0.5H2O
  Mg1.5SO4(OH)    -11.02     -0.96   10.06  Mg1.5SO4(OH)
  MgCl2:2H2O      -23.66    -10.30   13.36  MgCl2:2H2O
  MgCl2:4H2O      -17.91    -10.30    7.61  MgCl2:4H2O
  MgCl2:H2O       -27.18    -10.30   16.88  MgCl2:H2O
  MgOHCl          -16.33      0.37   16.69  MgOHCl
  MgSO4           -11.92     -6.48    5.44  MgSO4
  MgUO4           -14.72      9.61   24.34  MgUO4
  Mirabilite       -5.51     -7.18   -1.67  Na2SO4:10H2O
  Misenite        -84.50    -95.58  -11.08  K8H6(SO4)7
  Mn              -75.55     10.76   86.30  Mn
  Mn(OH)2(am)      -7.33      8.64   15.97  Mn(OH)2
  Mn(OH)3          -2.40      3.94    6.34  Mn(OH)3
  Mn3(PO4)2       -19.26    -18.45    0.82  Mn3(PO4)2
  MnCl2:2H2O      -16.92    -12.70    4.22  MnCl2:2H2O
  MnCl2:4H2O      -15.53    -12.70    2.82  MnCl2:4H2O
  MnCl2:H2O       -18.58    -12.70    5.88  MnCl2:H2O
  MnHPO4           -0.59    -13.54  -12.95  MnHPO4
  MnO2(gamma)       5.91    -10.22  -16.13  MnO2
  MnSO4           -11.92     -8.87    3.05  MnSO4
  Molysite        -39.97    -25.48   14.49  FeCl3
  Monohydrocalcite  -1.23      1.59    2.82  CaCO3:H2O
  N2(g)           -17.61    -20.71   -3.10  N2
  Na              -63.70      6.23   69.93  Na
  Na(g)           -77.91      6.23   84.14  Na
  Na2CO3          -11.19      0.25   11.44  Na2CO3
  Na2CO3:7H2O      -9.53      0.25    9.77  Na2CO3:7H2O
  Na2Cr2O7        -26.93    -37.28  -10.35  Na2Cr2O7
  Na2CrO4         -16.49    -13.47    3.02  Na2CrO4
  Na2O            -59.45     10.34   69.79  Na2O
  Na2U2O7         -16.26      7.50   23.75  Na2U2O7
  Na2UO4(alpha)   -22.27      8.92   31.19  Na2UO4
  Na3H(SO4)2      -18.63    -19.52   -0.89  Na3H(SO4)2
  Na3UO4          -64.00     -5.77   58.23  Na3UO4
  Na4Ca(SO4)3:2H2O -14.28    -20.18   -5.89  Na4Ca(SO4)3:2H2O
  Na4UO2(CO3)3    -15.06    -11.02    4.04  Na4UO2(CO3)3
  NaFeO2           -9.29     11.70   20.98  NaFeO2
  Nahcolite        -4.68     -4.92   -0.25  NaHCO3
  Natron           -9.02      0.25    9.26  Na2CO3:10H2O
  NaUO3           -24.82    -16.11    8.71  NaUO3
  Nesquehonite     -4.70      0.94    5.64  MgCO3:3H2O
  NH3(g)          -69.75    -67.72    2.04  NH3
  Ningyoite       -37.25    -66.83  -29.58  CaUP2O8:2H2O
  Niter            -7.69     -8.16   -0.46  KNO3
  Nitrobarite     -12.81    -15.57   -2.77  Ba(NO3)2
  NO(g)           -25.25    -24.23    1.02  NO
  NO2(g)          -19.35    -10.47    8.88  NO2
  O2(g)            -1.44     -4.24   -2.80  O2
  Orpiment       -541.49   -623.71  -82.22  As2S3
  Oxychloride-Mg  -14.43     11.40   25.83  Mg2Cl(OH)3:4H2O
  P              -154.63    -16.88  137.75  P
  Pentahydrite     -5.09     -6.48   -1.39  MgSO4:5H2O
  Periclase       -11.30     11.03   22.34  MgO
  Picromerite     -12.80    -17.24   -4.44  K2Mg(SO4)2:6H2O
  Pirssonite       -9.49      1.84   11.32  Na2Ca(CO3)2:2H2O
  Polyhalite      -14.59    -28.90  -14.31  K2MgCa2(SO4)4:2H2O
  Portlandite     -11.74     11.68   23.42  Ca(OH)2
  Pyrite         -248.50   -273.93  -25.44  FeS2
  Pyrolusite        8.00    -10.22  -18.22  MnO2
  Pyrrhotite     -151.01   -154.69   -3.69  FeS
  Realgar        -221.19   -281.47  -60.28  AsS
  Rhodochrosite    -1.38     -1.45   -0.07  MnCO3
  Rutherfordine    -7.52    -11.51   -3.99  UO2CO3
  S              -108.39   -155.27  -46.88  S
  S2(g)          -231.53   -238.48   -6.95  S2
  Saleeite        -17.41    -36.16  -18.75  Mg(UO2)2(PO4)2
  Scacchite       -21.94    -12.70    9.24  MnCl2
  Schoepite        -6.60     -1.42    5.18  UO3:2H2O
  Schoepite-dehy(.393)  -8.61     -1.42    7.20  UO3:.393H2O
  Schoepite-dehy(.648)  -8.07     -1.42    6.65  UO3:.648H2O
  Schoepite-dehy(.85)  -6.90     -1.42    5.48  UO3:.85H2O
  Schoepite-dehy(.9)  -6.81     -1.42    5.39  UO3:.9H2O
  Schoepite-dehy(1.0)  -6.92     -1.42    5.50  UO3:H2O
  Sellaite         -3.58    -12.94   -9.36  MgF2
  Siderite        -11.64    -11.63    0.00  FeCO3
  SO2(g)          -55.23    -54.87    0.36  SO2
  Sr             -135.94     11.43  147.36  Sr
  Sr(NO3)2        -14.80    -13.76    1.04  Sr(NO3)2
  Sr(NO3)2:4H2O   -14.13    -13.76    0.37  Sr(NO3)2:4H2O
  Sr(OH)2         -19.25      9.31   28.56  Sr(OH)2
  Sr3(AsO4)2      -98.62    -76.99   21.63  Sr3(AsO4)2
  SrCl2           -20.30    -12.03    8.27  SrCl2
  SrCl2:2H2O      -15.44    -12.03    3.41  SrCl2:2H2O
  SrCl2:6H2O      -13.36    -12.03    1.33  SrCl2:6H2O
  SrCl2:H2O       -16.99    -12.03    4.96  SrCl2:H2O
  SrCrO4          -10.61    -14.50   -3.90  SrCrO4
  SrF2             -6.13    -14.67   -8.54  SrF2
  SrHPO4           -6.74    -12.87   -6.13  SrHPO4
  SrO             -34.22      9.31   43.52  SrO
  SrS            -159.17   -143.84   15.33  SrS
  SrUO4(alpha)    -12.30      7.89   20.18  SrUO4
  Starkeyite       -5.48     -6.48   -1.00  MgSO4:4H2O
  Strengite        -4.51    -15.65  -11.14  FePO4:2H2O
  Strontianite     -0.49     -0.79   -0.29  SrCO3
  Sylvite          -8.00     -7.29    0.71  KCl
  Syngenite        -8.99    -16.59   -7.60  K2Ca(SO4)2:H2O
  Tachyhydrite    -47.41    -30.27   17.14  Mg2CaCl6:12H2O
  Tarapacaite     -16.51    -17.06   -0.54  K2CrO4
  Thenardite       -6.84     -7.17   -0.34  Na2SO4
  Thermonatrite   -10.88      0.25   11.13  Na2CO3:H2O
  Todorokite       40.40     -5.42  -45.83  Mn7O12:3H2O
  Troilite       -150.90   -154.69   -3.79  FeS
  Trona-K         -19.85     -8.26   11.59  K2NaH(CO3)2:2H2O
  U              -216.48      4.94  221.42  U
  U(CO3)2         -63.00    -54.34    8.67  U(CO3)2
  U(g)           -305.63      4.94  310.56  U
  U(HPO4)2:4H2O   -45.48    -78.51  -33.03  U(HPO4)2:4H2O
  U(OH)2SO4       -48.59    -51.67   -3.07  U(OH)2SO4
  U(SO3)2        -124.85   -161.78  -36.93  U(SO3)2
  U(SO4)2         -58.30    -69.18  -10.88  U(SO4)2
  U(SO4)2:4H2O    -58.10    -69.18  -11.08  U(SO4)2:4H2O
  U(SO4)2:8H2O    -56.84    -69.18  -12.34  U(SO4)2:8H2O
  U2C3           -616.45   -142.35  474.11  U2C3
  U2Cl10(g)      -235.95   -149.24   86.71  U2Cl10
  U2Cl8(g)       -241.12   -153.66   87.46  U2Cl8
  U2F10(g)       -151.56   -162.42  -10.85  U2F10
  U2F9           -117.98   -163.31  -45.33  U2F9
  U2O2Cl5        -129.68   -108.78   20.90  U2O2Cl5
  U2O3F6          -73.44    -74.76   -1.31  U2O3F6
  U2S3           -598.07   -590.59    7.48  U2S3
  U3As4          -1011.52   -502.99  508.52  U3As4
  U3O5F8          -99.03   -100.15   -1.12  U3O5F8
  U3P4           -1117.58   -254.70  862.88  U3P4
  U3S5           -932.13   -931.05    1.08  U3S5
  U4F17          -222.97   -327.51 -104.54  U4F17
  U5O12Cl         -98.34   -117.05  -18.71  U5O12Cl
  UAs            -296.72   -141.35  155.37  UAs
  UAs2           -417.49   -220.30  197.19  UAs2
  UC             -271.13    -68.25  202.88  UC
  UC1.94(alpha)  -341.52    -73.75  267.78  UC1.94
  UCl(g)         -258.67    -27.71  230.96  UCl
  UCl2(g)        -210.19    -18.52  191.67  UCl2
  UCl2F2          -76.76    -79.47   -2.71  UCl2F2
  UCl3           -111.40    -97.58   13.82  UCl3
  UCl3(g)        -159.21    -97.58   61.63  UCl3
  UCl3F           -89.64    -78.15   11.49  UCl3F
  UCl4           -100.37    -76.83   23.54  UCl4
  UCl4(g)        -126.15    -76.83   49.32  UCl4
  UCl5           -113.53    -74.62   38.91  UCl5
  UCl5(g)        -131.80    -74.62   57.18  UCl5
  UCl6           -125.51    -65.43   60.08  UCl6
  UCl6(g)        -131.91    -65.43   66.48  UCl6
  UClF3           -63.70    -80.78  -17.08  UClF3
  UF(g)          -243.98    -29.02  214.96  UF
  UF2(g)         -201.20    -21.15  180.05  UF2
  UF3             -82.03   -101.53  -19.51  UF3
  UF3(g)         -151.69   -101.53   50.16  UF3
  UF4             -52.97    -82.10  -29.13  UF4
  UF4(g)          -98.86    -82.10   16.76  UF4
  UF4:2.5H2O      -48.50    -82.10  -33.60  UF4:2.5H2O
  UF5(alpha)      -68.64    -81.21  -12.57  UF5
  UF5(beta)       -68.26    -81.21  -12.95  UF5
  UF5(g)          -88.98    -81.21    7.77  UF5
  UF6             -92.41    -73.34   19.07  UF6
  UF6(g)          -93.58    -73.34   20.24  UF6
  UH3(beta)      -267.07    -59.22  207.85  UH3
  UN             -176.95   -133.29   43.66  UN
  UN1.59(alpha)  -168.68   -128.70   39.98  UN1.59
  UN1.73(alpha)  -167.06   -138.63   28.43  UN1.73
  UO(g)          -217.73      2.82  220.55  UO
  UO2(am)         -34.26    -34.16    0.11  UO2
  UO2(AsO3)2     -113.97   -106.32    7.65  UO2(AsO3)2
  UO2(g)         -130.42      0.70  131.12  UO2
  UO2(NO3)2       -36.98    -24.48   12.50  UO2(NO3)2
  UO2(NO3)2:2H2O  -29.57    -24.48    5.08  UO2(NO3)2:2H2O
  UO2(NO3)2:3H2O  -28.24    -24.48    3.75  UO2(NO3)2:3H2O
  UO2(NO3)2:6H2O  -26.65    -24.48    2.16  UO2(NO3)2:6H2O
  UO2(NO3)2:H2O   -33.35    -24.48    8.87  UO2(NO3)2:H2O
  UO2(OH)2(beta)   -6.75     -1.42    5.33  UO2(OH)2
  UO2(PO3)2       -29.82    -45.78  -15.95  UO2(PO3)2
  UO2.25          -23.14    -27.72   -4.58  UO2.25
  UO2.25(beta)    -23.22    -27.72   -4.50  UO2.25
  UO2.3333(beta)  -42.33    -69.72  -27.40  (UO2.3333)2
  UO2.6667        -27.21    -71.14  -43.92  (UO2.6667)2
  UO2Cl           -31.55    -31.94   -0.39  UO2Cl
  UO2Cl2          -35.60    -22.76   12.85  UO2Cl2
  UO2Cl2(g)       -73.26    -22.76   50.50  UO2Cl2
  UO2Cl2:3H2O     -28.68    -22.76    5.92  UO2Cl2:3H2O
  UO2Cl2:H2O      -31.57    -22.76    8.81  UO2Cl2:H2O
  UO2ClOH:2H2O    -14.62    -12.09    2.53  UO2ClOH:2H2O
  UO2CO3           -7.51    -11.51   -4.00  UO2CO3
  UO2F2           -18.37    -25.39   -7.02  UO2F2
  UO2F2(g)        -62.29    -25.39   36.90  UO2F2
  UO2F2:3H2O      -18.10    -25.39   -7.29  UO2F2:3H2O
  UO2FOH          -11.84    -13.41   -1.57  UO2FOH
  UO2FOH:2H2O     -10.89    -13.41   -2.52  UO2FOH:2H2O
  UO2FOH:H2O      -11.33    -13.41   -2.07  UO2FOH:H2O
  UO2HPO4         -10.92    -23.60  -12.68  UO2HPO4
  UO2HPO4:4H2O    -10.47    -23.60  -13.13  UO2HPO4:4H2O
  UO2SO3          -49.19    -65.23  -16.05  UO2SO3
  UO2SO4          -21.42    -18.93    2.49  UO2SO4
  UO2SO4:2.5H2O   -17.67    -18.93   -1.26  UO2SO4:2.5H2O
  UO2SO4:3.5H2O   -17.63    -18.93   -1.31  UO2SO4:3.5H2O
  UO2SO4:3H2O     -17.75    -18.93   -1.18  UO2SO4:3H2O
  UO2SO4:H2O      -13.13    -18.93   -5.80  UO2SO4:H2O
  UO3(alpha)      -10.65     -1.42    9.23  UO3
  UO3(beta)       -10.30     -1.42    8.88  UO3
  UO3(g)          -75.77     -1.42   74.35  UO3
  UO3(gamma)       -9.67     -1.42    8.25  UO3
  UO3:.9H2O(alpha)  -6.82     -1.42    5.40  UO3:.9H2O
  UO3:2H2O         -6.60     -1.42    5.18  UO3:2H2O
  UOCl            -87.34    -76.24   11.10  UOCl
  UOCl2           -61.87    -55.49    6.38  UOCl2
  UOCl3           -66.54    -53.28   13.26  UOCl3
  UOF2            -40.26    -58.13  -17.87  UOF2
  UOF2:H2O        -39.63    -58.13  -18.50  UOF2:H2O
  UOF4            -54.91    -49.37    5.55  UOF4
  UOF4(g)         -75.68    -49.37   26.32  UOF4
  UOFOH           -37.70    -46.14   -8.45  UOFOH
  UOFOH:.5H2O     -37.20    -11.29   25.91  UOFOH:.5H2O
  UP             -322.72    -79.27  243.45  UP
  UP2            -472.09    -96.15  375.94  UP2
  UP2O7           -45.70    -78.51  -32.82  UP2O7
  UP2O7:20H2O     -49.88    -78.51  -28.64  UP2O7:20H2O
  UPO5            -23.62    -43.45  -19.83  UPO5
  Uraninite       -29.85    -34.16   -4.31  UO2
  Uranocircite    -20.35    -39.70  -19.36  Ba(UO2)2(PO4)2
  US             -266.48   -217.66   48.82  US
  US1.9          -329.73   -331.42   -1.69  US1.9
  US2            -338.79   -340.45   -1.67  US2
  US3            -443.88   -460.87  -16.98  US3
  Vivianite       -44.26    -48.98   -4.73  Fe3(PO4)2:8H2O
  Whitlockite      -5.78     -9.32   -3.53  Ca3(PO4)2
  Witherite         0.52     -2.60   -3.12  BaCO3
  Wustite         -13.70     -0.60   13.09  Fe.947O

**For a gas, SI = log10(fugacity). Fugacity = pressure * phi / 1 atm.
  For ideal gases, phi = 1.

------------------
End of simulation.
------------------

------------------------------------
Reading input data for simulation 6.
------------------------------------

	            REACTION 0 Convergence
	            H20 0
	            END
------------------
End of simulation.
------------------

------------------------------------
Reading input data for simulation 7.
------------------------------------

	            REACTION 1
	                Calcite        5.694903906314847
	                Dolomite       2.581460795667845
	                Gypsum         6.467581567188699
	                Strontianite   0.7975022717015945
	                Witherite      0.931488237700445
	                CO2(g)         7.299175127329114
	                CaX2           5.906067402960295
	                MgX2           5.406707168536106
	                KX             5.024185456534057
	                NaX            5.551985385909965
	                Quartz         6.577815140675484
	                Albite         7.438552826238305
	                Kaolinite      3.296069759584408
	                Muscovite      2.137535466765619
	                Uraninite      1.3670686001786845
	                Arsenopyrite   1.2354285339174211
	                Goethite       6.281735125095805
	                Fe(OH)3        6.025090235693072
	                Siderite       5.648507879318515
	                Mn(OH)3        0.0001
	                Fluorapatite   7.41198530335495
	                Halite         0.8902368956840201
	                Illite         9.52327066814429
	                Chromite       2.8004112486422055
	            END
------------------
End of simulation.
------------------

------------------------------------
Reading input data for simulation 8.
------------------------------------

	            TITLE React Mixture with Aquifer Matrix & Equilibrate with Subsurface Conditions
	            USE solution 3
	            USE REACTION 1
	            USE EQUILIBRIUM_PHASES 1
	            USE REACTION_TEMPERATURE 1
	            USE REACTION_PRESSURE 1
	            SAVE solution 4
	            SELECTED_OUTPUT
	                file arapahoe-realization_47-mixing.txt
	                selected_out      TRUE
	                pH     TRUE
	                charge_balance     TRUE
	                percent_error     TRUE
	                totals     O(0)
	                saturation_indices		Aragonite Brucite Calcite Dolomite Dolomite-dis Fe(OH)3 Goethite Gypsum Gibbsite Magnesite Mn(OH)3 Rhodochrosite Siderite Sylvite Strontianite Witherite
	                equilibrium_phases      Aragonite Brucite Calcite Dolomite Dolomite-dis Fe(OH)3 Goethite Gypsum Gibbsite Magnesite Mn(OH)3 Rhodochrosite Siderite Sylvite Strontianite Witherite
	            END
-----
TITLE
-----

 React Mixture with Aquifer Matrix & Equilibrate with Subsurface Conditions

-----------------------------------------
Beginning of batch-reaction calculations.
-----------------------------------------

Reaction step 1.

WARNING: Maximum iterations exceeded, 1000

WARNING: Numerical method failed with this set of convergence parameters.

WARNING: Trying smaller step size, pe step size 10, 5 ... 

Using solution 3.	Solution after simulation 5.
Using pure phase assemblage 1.	
Using temperature 1.	
Using pressure 1.	
Using reaction 1.	

Reaction 1.	

	  1.000e+00 moles of the following reaction have been added:

	                 Relative
	Reactant            moles

	Albite               7.43855
	Arsenopyrite         1.23543
	CO2(g)               7.29918
	CaX2                 5.90607
	Calcite              5.69490
	Chromite             2.80041
	Dolomite             2.58146
	Fe(OH)3              6.02509
	Fluorapatite         7.41199
	Goethite             6.28174
	Gypsum               6.46758
	Halite               0.89024
	Illite               9.52327
	KX                   5.02419
	Kaolinite            3.29607
	MgX2                 5.40671
	Mn(OH)3              0.00010
	Muscovite            2.13754
	NaX                  5.55199
	Quartz               6.57782
	Siderite             5.64851
	Strontianite         0.79750
	Uraninite            1.36707
	Witherite            0.93149

	                 Relative
	Element             moles
	Al                  42.34682
	As                   1.23543
	Ba                   0.93149
	C                   25.53450
	Ca                  57.70994
	Cl                   0.89024
	Cr                   5.60082
	F                    7.41199
	Fe                  21.99117
	H                   86.73352
	K                   12.87568
	Mg                  10.36899
	Mn                   0.00010
	Na                  13.88078
	O                  483.88681
	P                   22.23596
	S                    7.70301
	Si                  75.22967
	Sr                   0.79750
	U                    1.36707
	X                   33.20172

-------------------------------Phase assemblage--------------------------------

                                                      Moles in assemblage
Phase               SI  log IAP  log K(T, P)   Initial       Final       Delta

Albite            0.00     2.95      2.95    0.000e+00   1.375e+01   1.375e+01
Arsenopyrite     -0.55   -15.17    -14.62    0.000e+00           0   0.000e+00
CO2(g)          -11.71   -19.47     -7.76    0.000e+00           0   0.000e+00
CaX2                 Element not present.    0.000e+00           0   0.000e+00
Calcite           0.00     1.99      1.99    0.000e+00   1.479e+01   1.479e+01
Chromite         -0.00    16.86     16.86    0.000e+00   2.800e+00   2.800e+00
Dolomite         -0.00     2.86      2.86    0.000e+00   4.511e+00   4.511e+00
Fe(OH)3          -5.34     0.83      6.17    0.000e+00           0   0.000e+00
Fluorapatite     -0.00   -24.57    -24.57    0.000e+00   7.409e+00   7.409e+00
Goethite         -0.00     0.92      0.92    0.000e+00   1.919e+01   1.919e+01
Gypsum            0.00    -4.52     -4.52    0.000e+00   9.768e-01   9.768e-01
Halite           -2.42    -0.88      1.54    0.000e+00           0   0.000e+00
Illite           -0.46     9.47      9.93    0.000e+00           0   0.000e+00
KX                   Element not present.    0.000e+00           0   0.000e+00
Kaolinite        -5.67     1.99      7.66    0.000e+00           0   0.000e+00
MgX2                 Element not present.    0.000e+00           0   0.000e+00
Mn(OH)3         -14.51    -8.17      6.34    0.000e+00           0   0.000e+00
Muscovite         0.00    14.95     14.95    0.000e+00   9.531e+00   9.531e+00
NaX                  Element not present.    0.000e+00           0   0.000e+00
Quartz            0.00    -4.25     -4.25    0.000e+00   5.369e+00   5.369e+00
Siderite         -7.66    -7.67     -0.01    0.000e+00           0   0.000e+00
Strontianite     -0.00    -0.29     -0.29    0.000e+00   7.948e-01   7.948e-01
Uraninite         0.00    -4.34     -4.34    0.000e+00   1.367e+00   1.367e+00
Witherite        -0.00    -3.12     -3.12    0.000e+00   9.315e-01   9.315e-01

-----------------------------Solution composition------------------------------

	Elements           Molality       Moles

	Al                1.562e-08   2.000e-08
	As                9.648e-01   1.235e+00
	Ba                2.990e-06   3.829e-06
	C                 6.658e-06   8.525e-06
	Ca                3.039e-01   3.892e-01
	Cl                6.957e-01   8.908e-01
	Cr                6.960e-15   8.912e-15
	F                 2.336e-03   2.991e-03
	Fe                5.553e-09   7.111e-09
	K                 2.612e+00   3.345e+00
	Li                1.200e-06   1.536e-06
	Mg                4.575e+00   5.859e+00
	Mn                7.920e-05   1.014e-04
	N                 6.557e-05   8.396e-05
	Na                1.050e-01   1.345e-01
	P                 6.938e-03   8.884e-03
	S                 5.255e+00   6.730e+00
	Si                6.079e-03   7.784e-03
	Sr                2.100e-03   2.689e-03
	U                 2.869e-10   3.674e-10

----------------------------Description of solution----------------------------

                                       pH  =  11.216      Charge balance
                                       pe  =  -8.837      Adjusted to redox equilibrium
                        Activity of water  =   0.815
                 Ionic strength (mol/kgw)  =   1.582e+01
                       Mass of water (kg)  =   1.281e+00
                 Total alkalinity (eq/kg)  =   1.079e+01
                       Total CO2 (mol/kg)  =   6.658e-06
                         Temperature (°C)  =  14.60
                           Pressure (atm)  =  3.00
                  Electrical balance (eq)  =   1.712e-04
 Percent error, 100*(Cat-|An|)/(Cat+|An|)  =   0.00
                               Iterations  = 201 (1202 overall)
                                  Total H  = 1.556261e+02
                                  Total O  = 8.059890e+01

----------------------------Distribution of species----------------------------

                                               Log       Log       Log    mole V
   Species          Molality    Activity  Molality  Activity     Gamma   cm³/mol

   OH-             3.108e-04   5.711e-04    -3.508    -3.243     0.264     (0)  
   H+              2.075e-12   6.088e-12   -11.683   -11.216     0.467      0.00
   H2O             5.553e+01   8.153e-01     1.744    -0.089     0.000     18.03
Al            1.562e-08
   AlO2-           1.485e-08   2.977e-08    -7.828    -7.526     0.302     (0)  
   NaAlO2          7.708e-10   7.708e-10    -9.113    -9.113     0.000     (0)  
   HAlO2           9.023e-13   9.023e-13   -12.045   -12.045     0.000     (0)  
   Al(OH)2+        3.696e-18   7.409e-18   -17.432   -17.130     0.302     (0)  
   AlOH+2          1.693e-22   4.834e-23   -21.771   -22.316    -0.544     (0)  
   Al+3            4.108e-28   6.603e-29   -27.386   -28.180    -0.794     (0)  
   AlHPO4+         3.496e-28   7.009e-28   -27.456   -27.154     0.302     (0)  
   AlSO4+          1.169e-29   2.343e-29   -28.932   -28.630     0.302     (0)  
   Al(SO4)2-       3.146e-31   6.307e-31   -30.502   -30.200     0.302     (0)  
   Al2(OH)2+4      3.238e-39   0.000e+00   -38.490   -41.796    -3.306     (0)  
   AlH2PO4+2       0.000e+00   0.000e+00   -42.126   -42.670    -0.544     (0)  
   Al3(OH)4+5      0.000e+00   0.000e+00   -48.848   -53.911    -5.064     (0)  
   AlF+2           0.000e+00   0.000e+00   -55.328   -55.872    -0.544     (0)  
   AlF2+           0.000e+00   0.000e+00   -85.266   -84.964     0.302     (0)  
   Al13O4(OH)24+7   0.000e+00   0.000e+00   -98.117  -108.642   -10.525     (0)  
   AlF3            0.000e+00   0.000e+00  -115.556  -115.556     0.000     (0)  
   AlF4-           0.000e+00   0.000e+00  -148.149  -147.847     0.302     (0)  
As(-3)        1.435e-22
   AsH3            1.435e-22   1.435e-22   -21.843   -21.843     0.000     (0)  
As(3)         9.605e-01
   AsO2OH-2        7.692e-01   1.656e-01    -0.114    -0.781    -0.667     (0)  
   AsO2-           9.295e-02   1.864e-01    -1.032    -0.730     0.302     (0)  
   H2AsO3-         7.681e-02   1.540e-01    -1.115    -0.813     0.302     (0)  
   HAsS2           1.604e-02   1.604e-02    -1.795    -1.795     0.000     (0)  
   HAsO2           3.195e-03   3.195e-03    -2.496    -2.496     0.000     (0)  
   As(OH)3         2.307e-03   2.307e-03    -2.637    -2.637     0.000     (0)  
As(5)         4.278e-03
   AsO3F-2         2.336e-03   5.029e-04    -2.632    -3.299    -0.667     (0)  
   AsO4-3          1.803e-03   9.424e-06    -2.744    -5.026    -2.282     (0)  
   HAsO4-2         1.387e-04   2.986e-05    -3.858    -4.525    -0.667     (0)  
   HAsO3F-         1.134e-09   2.273e-09    -8.945    -8.643     0.302     (0)  
   H2AsO4-         5.729e-10   1.149e-09    -9.242    -8.940     0.302     (0)  
   H3AsO4          1.113e-18   1.113e-18   -17.954   -17.954     0.000     (0)  
Ba            2.990e-06
   Ba+2            2.863e-06   1.033e-06    -5.543    -5.986    -0.443     (0)  
   BaCl+           1.242e-07   2.489e-07    -6.906    -6.604     0.302     (0)  
   BaOH+           2.341e-09   4.693e-09    -8.631    -8.329     0.302     (0)  
   BaCO3           1.028e-11   1.028e-11   -10.988   -10.988     0.000     (0)  
   BaF+            0.000e+00   0.000e+00   -41.199   -40.896     0.302     (0)  
   BaNO3+          0.000e+00   0.000e+00   -93.172   -92.870     0.302     (0)  
C(-2)         0.000e+00
   C2H4            0.000e+00   0.000e+00   -64.040   -64.040     0.000     (0)  
C(-3)         1.771e-19
   C2H6            8.856e-20   8.856e-20   -19.053   -19.053     0.000     (0)  
C(-4)         1.611e-10
   CH4             1.611e-10   1.611e-10    -9.793    -9.793     0.000     (0)  
C(2)          9.188e-24
   CO              9.188e-24   9.188e-24   -23.037   -23.037     0.000     (0)  
C(4)          6.658e-06
   CaCO3           6.297e-06   6.297e-06    -5.201    -5.201     0.000     (0)  
   MgCO3           2.399e-07   2.399e-07    -6.620    -6.620     0.000     (0)  
   CO3-2           9.265e-08   2.646e-08    -7.033    -7.577    -0.544     (0)  
   SrCO3           1.100e-08   1.100e-08    -7.959    -7.959     0.000     (0)  
   NaCO3-          9.425e-09   1.890e-08    -8.026    -7.724     0.302     (0)  
   CaHCO3+         3.460e-09   6.937e-09    -8.461    -8.159     0.302     (0)  
   HCO3-           2.255e-09   4.520e-09    -8.647    -8.345     0.302     (0)  
   NaHCO3          1.232e-09   1.232e-09    -8.909    -8.909     0.000     (0)  
   MgHCO3+         2.545e-10   5.103e-10    -9.594    -9.292     0.302     (0)  
   MnCO3           1.853e-10   1.853e-10    -9.732    -9.732     0.000     (0)  
   BaCO3           1.028e-11   1.028e-11   -10.988   -10.988     0.000     (0)  
   FeCO3           5.331e-14   5.331e-14   -13.273   -13.273     0.000     (0)  
   MnHCO3+         2.758e-15   5.530e-15   -14.559   -14.257     0.302     (0)  
   CO2             2.488e-15   9.128e-14   -14.604   -13.040     1.564     (0)  
   FeHCO3+         3.373e-17   6.762e-17   -16.472   -16.170     0.302     (0)  
   UO2(CO3)3-4     9.210e-29   2.639e-33   -28.036   -32.579    -4.543     (0)  
   UO2(CO3)3-5     8.751e-30   3.106e-37   -29.058   -36.508    -7.450     (0)  
   UO2(CO3)2-2     4.440e-30   9.560e-31   -29.353   -30.020    -0.667     (0)  
   UO2CO3          2.328e-30   2.328e-30   -29.633   -29.633     0.000     (0)  
   FeCO3+          5.623e-31   1.127e-30   -30.250   -29.948     0.302     (0)  
   (UO2)2CO3(OH)3-   1.859e-39   3.726e-39   -38.731   -38.429     0.302     (0)  
   U(CO3)4-4       5.612e-40   0.000e+00   -39.251   -43.794    -4.543     (0)  
   U(CO3)5-6       0.000e+00   0.000e+00   -41.710   -52.712   -11.003     (0)  
   (UO2)3(OH)5CO2+   0.000e+00   0.000e+00   -68.945   -68.643     0.302     (0)  
   (UO2)3O(OH)2(HCO3)+   0.000e+00   0.000e+00   -68.950   -68.648     0.302     (0)  
   (UO2)3(CO3)6-6   0.000e+00   0.000e+00   -75.144   -86.147   -11.003     (0)  
   (UO2)11(CO3)6(OH)12-2   0.000e+00   0.000e+00  -223.338  -224.005    -0.667     (0)  
Ca            3.039e-01
   Ca+2            2.533e-01   1.314e-01    -0.596    -0.881    -0.285     (0)  
   CaCl2           2.554e-02   2.554e-02    -1.593    -1.593     0.000     (0)  
   CaCl+           1.144e-02   2.293e-02    -1.942    -1.640     0.302     (0)  
   CaPO4-          6.254e-03   1.254e-02    -2.204    -1.902     0.302     (0)  
   CaSO4           6.054e-03   6.054e-03    -2.218    -2.218     0.000     (0)  
   CaOH+           1.242e-03   2.489e-03    -2.906    -2.604     0.302     (0)  
   CaHPO4          3.051e-05   3.051e-05    -4.515    -4.515     0.000     (0)  
   CaCO3           6.297e-06   6.297e-06    -5.201    -5.201     0.000     (0)  
   CaHCO3+         3.460e-09   6.937e-09    -8.461    -8.159     0.302     (0)  
   CaP2O7-2        1.510e-10   3.252e-11    -9.821   -10.488    -0.667     (0)  
   CaH2PO4+        4.236e-18   8.491e-18   -17.373   -17.071     0.302     (0)  
   CaF+            6.267e-36   1.256e-35   -35.203   -34.901     0.302     (0)  
   CaNO3+          0.000e+00   0.000e+00   -88.267   -87.965     0.302     (0)  
Cl(-1)        6.957e-01
   Cl-             5.138e-01   8.455e-01    -0.289    -0.073     0.216     (0)  
   KCl             9.448e-02   9.448e-02    -1.025    -1.025     0.000     (0)  
   CaCl2           2.554e-02   2.554e-02    -1.593    -1.593     0.000     (0)  
   NaCl            2.145e-02   2.145e-02    -1.669    -1.669     0.000     (0)  
   CaCl+           1.144e-02   2.293e-02    -1.942    -1.640     0.302     (0)  
   MgCl+           3.329e-03   6.674e-03    -2.478    -2.176     0.302     (0)  
   SrCl+           1.535e-04   3.077e-04    -3.814    -3.512     0.302     (0)  
   BaCl+           1.242e-07   2.489e-07    -6.906    -6.604     0.302     (0)  
   MnCl+           1.110e-07   2.225e-07    -6.955    -6.653     0.302     (0)  
   LiCl            7.182e-08   7.182e-08    -7.144    -7.144     0.000     (0)  
   MnCl3-          2.253e-08   4.518e-08    -7.647    -7.345     0.302     (0)  
   FeCl+           8.406e-12   1.685e-11   -11.075   -10.773     0.302     (0)  
   HCl             1.133e-12   1.133e-12   -11.946   -11.946     0.000     (0)  
   FeCl4-2         6.872e-13   1.480e-13   -12.163   -12.830    -0.667     (0)  
   FeCl2           7.254e-14   7.254e-14   -13.139   -13.139     0.000     (0)  
   CrCl+2          2.193e-31   6.263e-32   -30.659   -31.203    -0.544     (0)  
   FeCl2+          1.361e-31   2.729e-31   -30.866   -30.564     0.302     (0)  
   CrCl2+          3.168e-32   6.352e-32   -31.499   -31.197     0.302     (0)  
   UO2Cl+          1.040e-32   2.085e-32   -31.983   -31.681     0.302     (0)  
   UO2Cl2          8.192e-34   8.192e-34   -33.087   -33.087     0.000     (0)  
   FeCl+2          8.182e-34   2.337e-34   -33.087   -33.631    -0.544     (0)  
   FeCl4-          1.170e-34   2.346e-34   -33.932   -33.630     0.302     (0)  
   UCl+3           0.000e+00   0.000e+00   -45.480   -47.258    -1.778     (0)  
   CrO3Cl-         0.000e+00   0.000e+00   -59.027   -58.725     0.302     (0)  
Cl(1)         0.000e+00
   ClO-            0.000e+00   0.000e+00   -55.756   -55.454     0.302     (0)  
   HClO            0.000e+00   0.000e+00   -59.101   -59.101     0.000     (0)  
Cl(3)         0.000e+00
   ClO2-           0.000e+00   0.000e+00  -103.913  -103.611     0.302     (0)  
   HClO2           0.000e+00   0.000e+00  -111.657  -111.657     0.000     (0)  
Cl(5)         0.000e+00
   ClO3-           0.000e+00   0.000e+00  -137.682  -137.418     0.264     (0)  
   UO2ClO3+        0.000e+00   0.000e+00  -168.922  -168.620     0.302     (0)  
Cl(7)         0.000e+00
   ClO4-           0.000e+00   0.000e+00  -175.869  -175.605     0.264     (0)  
Cr(2)         1.429e-31
   Cr+2            1.429e-31   4.081e-32   -30.845   -31.389    -0.544     (0)  
Cr(3)         6.960e-15
   Cr(OH)4-        6.708e-15   1.345e-14   -14.173   -13.871     0.302     (0)  
   Cr(OH)3         2.519e-16   2.519e-16   -15.599   -15.599     0.000     (0)  
   Cr(OH)2+        1.869e-19   3.747e-19   -18.728   -18.426     0.302     (0)  
   CrOH+2          4.903e-24   1.400e-24   -23.310   -23.854    -0.544     (0)  
   Cr+3            6.495e-31   1.044e-31   -30.187   -30.981    -0.794     (0)  
   CrCl+2          2.193e-31   6.263e-32   -30.659   -31.203    -0.544     (0)  
   CrCl2+          3.168e-32   6.352e-32   -31.499   -31.197     0.302     (0)  
   Cr2(OH)2+4      0.000e+00   0.000e+00   -41.462   -44.768    -3.306     (0)  
   Cr3(OH)4+5      0.000e+00   0.000e+00   -51.520   -56.584    -5.064     (0)  
Cr(5)         5.717e-31
   CrO4-3          5.717e-31   2.987e-33   -30.243   -32.525    -2.282     (0)  
Cr(6)         0.000e+00
   CrO4-2          0.000e+00   0.000e+00   -43.184   -43.851    -0.667     (0)  
   HCrO4-          0.000e+00   0.000e+00   -48.861   -48.559     0.302     (0)  
   CrO3Cl-         0.000e+00   0.000e+00   -59.027   -58.725     0.302     (0)  
   H2CrO4          0.000e+00   0.000e+00   -61.362   -61.362     0.000     (0)  
   Cr2O7-2         0.000e+00   0.000e+00   -94.719   -95.386    -0.667     (0)  
F             2.336e-03
   AsO3F-2         2.336e-03   5.029e-04    -2.632    -3.299    -0.667     (0)  
   HAsO3F-         1.134e-09   2.273e-09    -8.945    -8.643     0.302     (0)  
   F-              1.107e-35   2.033e-35   -34.956   -34.692     0.264     (0)  
   CaF+            6.267e-36   1.256e-35   -35.203   -34.901     0.302     (0)  
   MgF+            2.366e-36   4.743e-36   -35.626   -35.324     0.302     (0)  
   NaF             3.041e-37   3.041e-37   -36.517   -36.517     0.000     (0)  
   SrF+            9.466e-39   1.898e-38   -38.024   -37.722     0.302     (0)  
   MnF+            0.000e+00   0.000e+00   -40.358   -40.056     0.302     (0)  
   BaF+            0.000e+00   0.000e+00   -41.199   -40.896     0.302     (0)  
   HF              0.000e+00   0.000e+00   -42.809   -42.809     0.000     (0)  
   FeF+            0.000e+00   0.000e+00   -44.179   -43.877     0.302     (0)  
   PO3F-2          0.000e+00   0.000e+00   -44.327   -44.994    -0.667     (0)  
   HPO3F-          0.000e+00   0.000e+00   -52.412   -52.110     0.302     (0)  
   AlF+2           0.000e+00   0.000e+00   -55.328   -55.872    -0.544     (0)  
   UO2F+           0.000e+00   0.000e+00   -61.664   -61.362     0.302     (0)  
   H2PO3F          0.000e+00   0.000e+00   -62.520   -62.520     0.000     (0)  
   FeF+2           0.000e+00   0.000e+00   -62.610   -63.155    -0.544     (0)  
   UF+3            0.000e+00   0.000e+00   -72.641   -74.419    -1.778     (0)  
   HF2-            0.000e+00   0.000e+00   -78.466   -78.164     0.302     (0)  
   H2F2            0.000e+00   0.000e+00   -85.047   -85.047     0.000     (0)  
   AlF2+           0.000e+00   0.000e+00   -85.266   -84.964     0.302     (0)  
   UO2F2           0.000e+00   0.000e+00   -92.570   -92.570     0.000     (0)  
   FeF2+           0.000e+00   0.000e+00   -94.002   -93.700     0.302     (0)  
   UF2+2           0.000e+00   0.000e+00  -101.655  -102.200    -0.544     (0)  
   AlF3            0.000e+00   0.000e+00  -115.556  -115.556     0.000     (0)  
   UO2F3-          0.000e+00   0.000e+00  -125.316  -125.014     0.302     (0)  
   UF3+            0.000e+00   0.000e+00  -131.869  -131.567     0.302     (0)  
   AlF4-           0.000e+00   0.000e+00  -148.149  -147.847     0.302     (0)  
   UO2F4-2         0.000e+00   0.000e+00  -158.250  -158.917    -0.667     (0)  
   UF4             0.000e+00   0.000e+00  -162.261  -162.261     0.000     (0)  
   UF5-            0.000e+00   0.000e+00  -195.973  -195.671     0.302     (0)  
   UF6-2           0.000e+00   0.000e+00  -227.666  -228.332    -0.667     (0)  
   SiF6-2          0.000e+00   0.000e+00  -229.579  -230.246    -0.667     (0)  
Fe(2)         5.432e-09
   Fe(OH)3-        3.431e-09   6.878e-09    -8.465    -8.163     0.302     (0)  
   Fe(OH)2         1.288e-09   1.288e-09    -8.890    -8.890     0.000     (0)  
   FeOH+           6.031e-10   1.209e-09    -9.220    -8.918     0.302     (0)  
   Fe+2            5.496e-11   2.851e-11   -10.260   -10.545    -0.285     (0)  
   FePO4-          4.004e-11   8.028e-11   -10.397   -10.095     0.302     (0)  
   FeCl+           8.406e-12   1.685e-11   -11.075   -10.773     0.302     (0)  
   Fe(OH)4-2       4.284e-12   9.224e-13   -11.368   -12.035    -0.667     (0)  
   FeSO4           1.567e-12   1.567e-12   -11.805   -11.805     0.000     (0)  
   FeCl4-2         6.872e-13   1.480e-13   -12.163   -12.830    -0.667     (0)  
   FeCl2           7.254e-14   7.254e-14   -13.139   -13.139     0.000     (0)  
   FeCO3           5.331e-14   5.331e-14   -13.273   -13.273     0.000     (0)  
   FeHPO4          4.796e-14   4.796e-14   -13.319   -13.319     0.000     (0)  
   FeHCO3+         3.373e-17   6.762e-17   -16.472   -16.170     0.302     (0)  
   FeH2PO4+        1.833e-26   3.676e-26   -25.737   -25.435     0.302     (0)  
   FeF+            0.000e+00   0.000e+00   -44.179   -43.877     0.302     (0)  
Fe(3)         1.216e-10
   Fe(OH)4-        1.147e-10   2.300e-10    -9.940    -9.638     0.302     (0)  
   Fe(OH)3         6.828e-12   6.828e-12   -11.166   -11.166     0.000     (0)  
   Fe(OH)2+        5.429e-17   1.089e-16   -16.265   -15.963     0.302     (0)  
   FeOH+2          8.583e-24   2.451e-24   -23.066   -23.611    -0.544     (0)  
   FeHPO4+         9.030e-30   1.810e-29   -29.044   -28.742     0.302     (0)  
   FeCO3+          5.623e-31   1.127e-30   -30.250   -29.948     0.302     (0)  
   FeCl2+          1.361e-31   2.729e-31   -30.866   -30.564     0.302     (0)  
   Fe+3            1.761e-32   2.830e-33   -31.754   -32.548    -0.794     (0)  
   FeCl+2          8.182e-34   2.337e-34   -33.087   -33.631    -0.544     (0)  
   FeCl4-          1.170e-34   2.346e-34   -33.932   -33.630     0.302     (0)  
   FeSO4+          3.194e-35   6.403e-35   -34.496   -34.194     0.302     (0)  
   Fe(SO4)2-       2.777e-37   5.567e-37   -36.556   -36.254     0.302     (0)  
   Fe2(OH)2+4      0.000e+00   0.000e+00   -42.485   -45.791    -3.306     (0)  
   FeH2PO4+2       0.000e+00   0.000e+00   -45.423   -45.968    -0.544     (0)  
   Fe3(OH)4+5      0.000e+00   0.000e+00   -54.371   -59.435    -5.064     (0)  
   FeF+2           0.000e+00   0.000e+00   -62.610   -63.155    -0.544     (0)  
   FeNO2+2         0.000e+00   0.000e+00   -92.625   -93.170    -0.544     (0)  
   FeF2+           0.000e+00   0.000e+00   -94.002   -93.700     0.302     (0)  
   FeNO3+2         0.000e+00   0.000e+00  -118.788  -119.332    -0.544     (0)  
H(0)          4.582e-10
   H2              2.291e-10   8.405e-09    -9.640    -8.075     1.564     (0)  
K             2.612e+00
   K+              2.510e+00   4.131e+00     0.400     0.616     0.216     (0)  
   KCl             9.448e-02   9.448e-02    -1.025    -1.025     0.000     (0)  
   KSO4-           5.524e-03   1.107e-02    -2.258    -1.956     0.302     (0)  
   KOH             1.921e-03   1.921e-03    -2.716    -2.716     0.000     (0)  
   KHPO4-          5.246e-06   1.052e-05    -5.280    -4.978     0.302     (0)  
   KP2O7-3         4.444e-12   2.322e-14   -11.352   -13.634    -2.282     (0)  
   KHSO4           4.034e-14   4.034e-14   -13.394   -13.394     0.000     (0)  
Li            1.200e-06
   Li+             1.116e-06   2.788e-06    -5.952    -5.555     0.398     (0)  
   LiCl            7.182e-08   7.182e-08    -7.144    -7.144     0.000     (0)  
   LiOH            8.567e-09   8.567e-09    -8.067    -8.067     0.000     (0)  
   LiSO4-          2.840e-09   5.693e-09    -8.547    -8.245     0.302     (0)  
Mg            4.575e+00
   Mg4(OH)4+4      1.140e+00   5.632e-04     0.057    -3.249    -3.306     (0)  
   Mg+2            1.189e-02   9.947e-03    -1.925    -2.002    -0.078     (0)  
   MgCl+           3.329e-03   6.674e-03    -2.478    -2.176     0.302     (0)  
   MgSO4           7.001e-04   7.001e-04    -3.155    -3.155     0.000     (0)  
   MgPO4-          6.372e-04   1.277e-03    -3.196    -2.894     0.302     (0)  
   MgHPO4          3.417e-06   3.417e-06    -5.466    -5.466     0.000     (0)  
   MgCO3           2.399e-07   2.399e-07    -6.620    -6.620     0.000     (0)  
   MgHCO3+         2.545e-10   5.103e-10    -9.594    -9.292     0.302     (0)  
   MgP2O7-2        1.879e-11   4.046e-12   -10.726   -11.393    -0.667     (0)  
   MgH2PO4+        5.834e-19   1.170e-18   -18.234   -17.932     0.302     (0)  
   MgF+            2.366e-36   4.743e-36   -35.626   -35.324     0.302     (0)  
Mn(2)         7.920e-05
   Mn2(OH)3+       3.911e-05   7.842e-05    -4.408    -4.106     0.302     (0)  
   Mn+2            3.098e-07   1.607e-07    -6.509    -6.794    -0.285     (0)  
   MnOH+           2.763e-07   5.539e-07    -6.559    -6.257     0.302     (0)  
   Mn(OH)2         1.824e-07   1.824e-07    -6.739    -6.739     0.000     (0)  
   MnCl+           1.110e-07   2.225e-07    -6.955    -6.653     0.302     (0)  
   MnPO4-          4.107e-08   8.234e-08    -7.386    -7.084     0.302     (0)  
   MnCl3-          2.253e-08   4.518e-08    -7.647    -7.345     0.302     (0)  
   MnSO4           1.184e-08   1.184e-08    -7.927    -7.927     0.000     (0)  
   Mn(OH)3-        1.144e-08   2.294e-08    -7.941    -7.639     0.302     (0)  
   MnHPO4          2.582e-10   2.582e-10    -9.588    -9.588     0.000     (0)  
   MnCO3           1.853e-10   1.853e-10    -9.732    -9.732     0.000     (0)  
   Mn(OH)4-2       1.210e-10   2.606e-11    -9.917   -10.584    -0.667     (0)  
   Mn2OH+3         5.719e-12   9.537e-14   -11.243   -13.021    -1.778     (0)  
   MnHCO3+         2.758e-15   5.530e-15   -14.559   -14.257     0.302     (0)  
   MnH2PO4+        7.408e-17   1.485e-16   -16.130   -15.828     0.302     (0)  
   MnF+            0.000e+00   0.000e+00   -40.358   -40.056     0.302     (0)  
   MnNO3+          0.000e+00   0.000e+00   -94.680   -94.378     0.302     (0)  
   Mn(NO3)2        0.000e+00   0.000e+00  -181.762  -181.762     0.000     (0)  
Mn(3)         1.680e-40
   Mn+3            1.680e-40   0.000e+00   -39.775   -41.553    -1.778     (0)  
Mn(6)         0.000e+00
   MnO4-2          0.000e+00   0.000e+00   -74.555   -75.222    -0.667     (0)  
Mn(7)         0.000e+00
   MnO4-           0.000e+00   0.000e+00   -94.268   -94.004     0.264     (0)  
N(-03)        0.000e+00
   N3-             0.000e+00   0.000e+00   -59.986   -59.684     0.302     (0)  
   HN3             0.000e+00   0.000e+00   -66.101   -66.101     0.000     (0)  
   UO2N3+          0.000e+00   0.000e+00   -89.136   -88.834     0.302     (0)  
   UO2(N3)2        0.000e+00   0.000e+00  -146.768  -146.768     0.000     (0)  
   UO2(N3)3-       0.000e+00   0.000e+00  -205.344  -205.042     0.302     (0)  
   UO2(N3)4-2      0.000e+00   0.000e+00  -264.880  -265.547    -0.667     (0)  
N(-3)         6.530e-05
   NH3             6.428e-05   6.428e-05    -4.192    -4.192     0.000     (0)  
   NH4+            1.015e-06   1.447e-06    -5.993    -5.840     0.154     (0)  
   NH4SO4-         5.896e-19   1.182e-18   -18.229   -17.927     0.302     (0)  
N(0)          2.718e-07
   N2              1.359e-07   1.359e-07    -6.867    -6.867     0.000     (0)  
N(3)          0.000e+00
   NO2-            0.000e+00   0.000e+00   -63.988   -63.771     0.216     (0)  
   HNO2            0.000e+00   0.000e+00   -71.658   -71.658     0.000     (0)  
   FeNO2+2         0.000e+00   0.000e+00   -92.625   -93.170    -0.544     (0)  
N(5)          0.000e+00
   NO3-            0.000e+00   0.000e+00   -88.000   -87.784     0.216     (0)  
   CaNO3+          0.000e+00   0.000e+00   -88.267   -87.965     0.302     (0)  
   SrNO3+          0.000e+00   0.000e+00   -90.451   -90.149     0.302     (0)  
   BaNO3+          0.000e+00   0.000e+00   -93.172   -92.870     0.302     (0)  
   MnNO3+          0.000e+00   0.000e+00   -94.680   -94.378     0.302     (0)  
   HNO3            0.000e+00   0.000e+00  -100.390  -100.390     0.000     (0)  
   FeNO3+2         0.000e+00   0.000e+00  -118.788  -119.332    -0.544     (0)  
   UO2NO3+         0.000e+00   0.000e+00  -119.535  -119.233     0.302     (0)  
   UNO3+3          0.000e+00   0.000e+00  -133.578  -135.356    -1.778     (0)  
   Mn(NO3)2        0.000e+00   0.000e+00  -181.762  -181.762     0.000     (0)  
   U(NO3)2+2       0.000e+00   0.000e+00  -221.786  -222.330    -0.544     (0)  
Na            1.050e-01
   Na+             7.793e-02   1.562e-01    -1.108    -0.806     0.302     (0)  
   NaCl            2.145e-02   2.145e-02    -1.669    -1.669     0.000     (0)  
   NaHSiO3         5.436e-03   5.436e-03    -2.265    -2.265     0.000     (0)  
   NaSO4-          1.785e-04   3.579e-04    -3.748    -3.446     0.302     (0)  
   NaOH            1.580e-05   1.580e-05    -4.801    -4.801     0.000     (0)  
   NaHPO4-         2.739e-07   5.491e-07    -6.562    -6.260     0.302     (0)  
   NaCO3-          9.425e-09   1.890e-08    -8.026    -7.724     0.302     (0)  
   NaHCO3          1.232e-09   1.232e-09    -8.909    -8.909     0.000     (0)  
   NaAlO2          7.708e-10   7.708e-10    -9.113    -9.113     0.000     (0)  
   NaP2O7-3        2.287e-13   1.195e-15   -12.641   -14.923    -2.282     (0)  
   Na2P2O7-2       6.887e-14   1.483e-14   -13.162   -13.829    -0.667     (0)  
   NaHP2O7-2       6.836e-18   1.472e-18   -17.165   -17.832    -0.667     (0)  
   NaF             3.041e-37   3.041e-37   -36.517   -36.517     0.000     (0)  
O(0)          0.000e+00
   O2              0.000e+00   0.000e+00   -81.266   -79.701     1.564     (0)  
P(-3)         0.000e+00
   PH4+            0.000e+00   0.000e+00   -93.661   -93.359     0.302     (0)  
P(5)          6.938e-03
   CaPO4-          6.254e-03   1.254e-02    -2.204    -1.902     0.302     (0)  
   MgPO4-          6.372e-04   1.277e-03    -3.196    -2.894     0.302     (0)  
   CaHPO4          3.051e-05   3.051e-05    -4.515    -4.515     0.000     (0)  
   KHPO4-          5.246e-06   1.052e-05    -5.280    -4.978     0.302     (0)  
   PO4-3           4.873e-06   2.546e-08    -5.312    -7.594    -2.282     (0)  
   MgHPO4          3.417e-06   3.417e-06    -5.466    -5.466     0.000     (0)  
   HPO4-2          1.963e-06   4.226e-07    -5.707    -6.374    -0.667     (0)  
   NaHPO4-         2.739e-07   5.491e-07    -6.562    -6.260     0.302     (0)  
   MnPO4-          4.107e-08   8.234e-08    -7.386    -7.084     0.302     (0)  
   SrHPO4          3.319e-08   3.319e-08    -7.479    -7.479     0.000     (0)  
   MnHPO4          2.582e-10   2.582e-10    -9.588    -9.588     0.000     (0)  
   CaP2O7-2        1.510e-10   3.252e-11    -9.821   -10.488    -0.667     (0)  
   FePO4-          4.004e-11   8.028e-11   -10.397   -10.095     0.302     (0)  
   H2PO4-          2.312e-11   4.635e-11   -10.636   -10.334     0.302     (0)  
   MgP2O7-2        1.879e-11   4.046e-12   -10.726   -11.393    -0.667     (0)  
   KP2O7-3         4.444e-12   2.322e-14   -11.352   -13.634    -2.282     (0)  
   P2O7-4          9.861e-13   2.825e-17   -12.006   -16.549    -4.543     (0)  
   NaP2O7-3        2.287e-13   1.195e-15   -12.641   -14.923    -2.282     (0)  
   Na2P2O7-2       6.887e-14   1.483e-14   -13.162   -13.829    -0.667     (0)  
   FeHPO4          4.796e-14   4.796e-14   -13.319   -13.319     0.000     (0)  
   SrP2O7-2        3.130e-14   6.739e-15   -13.504   -14.171    -0.667     (0)  
   MnH2PO4+        7.408e-17   1.485e-16   -16.130   -15.828     0.302     (0)  
   HP2O7-3         5.711e-17   2.984e-19   -16.243   -18.525    -2.282     (0)  
   NaHP2O7-2       6.836e-18   1.472e-18   -17.165   -17.832    -0.667     (0)  
   CaH2PO4+        4.236e-18   8.491e-18   -17.373   -17.071     0.302     (0)  
   MgH2PO4+        5.834e-19   1.170e-18   -18.234   -17.932     0.302     (0)  
   H3PO4           3.848e-20   3.848e-20   -19.415   -19.415     0.000     (0)  
   SrH2PO4+        4.714e-21   9.450e-21   -20.327   -20.025     0.302     (0)  
   H2P2O7-2        3.684e-23   7.933e-24   -22.434   -23.101    -0.667     (0)  
   UO2PO4-         7.757e-26   1.555e-25   -25.110   -24.808     0.302     (0)  
   FeH2PO4+        1.833e-26   3.676e-26   -25.737   -25.435     0.302     (0)  
   AlHPO4+         3.496e-28   7.009e-28   -27.456   -27.154     0.302     (0)  
   FeHPO4+         9.030e-30   1.810e-29   -29.044   -28.742     0.302     (0)  
   UO2HPO4         2.169e-30   2.169e-30   -29.664   -29.664     0.000     (0)  
   H3P2O7-         5.414e-33   1.085e-32   -32.267   -31.964     0.302     (0)  
   UO2H2PO4+       1.124e-38   2.253e-38   -37.949   -37.647     0.302     (0)  
   H4P2O7          0.000e+00   0.000e+00   -41.747   -41.747     0.000     (0)  
   AlH2PO4+2       0.000e+00   0.000e+00   -42.126   -42.670    -0.544     (0)  
   PO3F-2          0.000e+00   0.000e+00   -44.327   -44.994    -0.667     (0)  
   UO2(H2PO4)2     0.000e+00   0.000e+00   -45.165   -45.165     0.000     (0)  
   FeH2PO4+2       0.000e+00   0.000e+00   -45.423   -45.968    -0.544     (0)  
   UO2H3PO4+2      0.000e+00   0.000e+00   -48.678   -49.223    -0.544     (0)  
   HPO3F-          0.000e+00   0.000e+00   -52.412   -52.110     0.302     (0)  
   UO2(H2PO4)(H3PO4)+   0.000e+00   0.000e+00   -55.673   -55.371     0.302     (0)  
   H2PO3F          0.000e+00   0.000e+00   -62.520   -62.520     0.000     (0)  
S(-2)         5.241e+00
   HS-             4.963e+00   9.120e+00     0.696     0.960     0.264     (0)  
   S-2             2.394e-01   8.635e-02    -0.621    -1.064    -0.443     (0)  
   HAsS2           1.604e-02   1.604e-02    -1.795    -1.795     0.000     (0)  
   S2-2            2.855e-03   6.148e-04    -2.544    -3.211    -0.667     (0)  
   H2S             7.967e-04   7.967e-04    -3.099    -3.099     0.000     (0)  
   S3-2            1.869e-05   4.023e-06    -4.728    -5.395    -0.667     (0)  
   S4-2            7.180e-08   1.546e-08    -7.144    -7.811    -0.667     (0)  
   S5-2            1.638e-10   3.527e-11    -9.786   -10.453    -0.667     (0)  
S(2)          1.667e-08
   S2O3-2          8.334e-09   1.794e-09    -8.079    -8.746    -0.667     (0)  
   HS2O3-          5.626e-20   1.128e-19   -19.250   -18.948     0.302     (0)  
   UO2S2O3         5.603e-39   5.603e-39   -38.252   -38.252     0.000     (0)  
S(3)          8.600e-33
   S2O4-2          4.300e-33   1.551e-33   -32.367   -32.809    -0.443     (0)  
S(4)          4.185e-12
   SO3-2           4.185e-12   1.195e-12   -11.378   -11.923    -0.544     (0)  
   HSO3-           5.447e-17   1.092e-16   -16.264   -15.962     0.302     (0)  
   H2SO3           7.236e-26   7.236e-26   -25.140   -25.140     0.000     (0)  
   SO2             4.881e-26   4.881e-26   -25.312   -25.312     0.000     (0)  
   S4O6-2          3.032e-36   6.528e-37   -35.518   -36.185    -0.667     (0)  
   UO2SO3          1.262e-37   1.262e-37   -36.899   -36.899     0.000     (0)  
   S2O6-2          0.000e+00   0.000e+00   -42.368   -43.035    -0.667     (0)  
   UO2(SO3)2-2     0.000e+00   0.000e+00   -46.998   -47.665    -0.667     (0)  
   S3O6-2          0.000e+00   0.000e+00   -47.084   -47.750    -0.667     (0)  
   S5O6-2          0.000e+00   0.000e+00   -53.485   -54.152    -0.667     (0)  
S(5)          2.107e-36
   S2O5-2          1.054e-36   2.268e-37   -35.977   -36.644    -0.667     (0)  
S(6)          1.411e-02
   CaSO4           6.054e-03   6.054e-03    -2.218    -2.218     0.000     (0)  
   KSO4-           5.524e-03   1.107e-02    -2.258    -1.956     0.302     (0)  
   SO4-2           1.610e-03   3.468e-04    -2.793    -3.460    -0.667     (0)  
   MgSO4           7.001e-04   7.001e-04    -3.155    -3.155     0.000     (0)  
   NaSO4-          1.785e-04   3.579e-04    -3.748    -3.446     0.302     (0)  
   SrSO4           4.732e-05   4.732e-05    -4.325    -4.325     0.000     (0)  
   MnSO4           1.184e-08   1.184e-08    -7.927    -7.927     0.000     (0)  
   LiSO4-          2.840e-09   5.693e-09    -8.547    -8.245     0.302     (0)  
   FeSO4           1.567e-12   1.567e-12   -11.805   -11.805     0.000     (0)  
   HSO4-           7.941e-14   1.592e-13   -13.100   -12.798     0.302     (0)  
   KHSO4           4.034e-14   4.034e-14   -13.394   -13.394     0.000     (0)  
   NH4SO4-         5.896e-19   1.182e-18   -18.229   -17.927     0.302     (0)  
   H2SO4           1.225e-27   1.225e-27   -26.912   -26.912     0.000     (0)  
   AlSO4+          1.169e-29   2.343e-29   -28.932   -28.630     0.302     (0)  
   Al(SO4)2-       3.146e-31   6.307e-31   -30.502   -30.200     0.302     (0)  
   UO2SO4          5.972e-33   5.972e-33   -32.224   -32.224     0.000     (0)  
   UO2(SO4)2-2     6.582e-35   1.417e-35   -34.182   -34.849    -0.667     (0)  
   FeSO4+          3.194e-35   6.403e-35   -34.496   -34.194     0.302     (0)  
   Fe(SO4)2-       2.777e-37   5.567e-37   -36.556   -36.254     0.302     (0)  
   USO4+2          0.000e+00   0.000e+00   -45.457   -46.001    -0.544     (0)  
   U(SO4)2         0.000e+00   0.000e+00   -45.765   -45.765     0.000     (0)  
S(7)          0.000e+00
   S2O8-2          0.000e+00   0.000e+00   -92.133   -92.800    -0.667     (0)  
S(8)          0.000e+00
   HSO5-           0.000e+00   0.000e+00   -72.973   -72.671     0.302     (0)  
Si            6.079e-03
   NaHSiO3         5.436e-03   5.436e-03    -2.265    -2.265     0.000     (0)  
   HSiO3-          3.007e-04   6.028e-04    -3.522    -3.220     0.302     (0)  
   H4(H2SiO4)4-4   5.859e-05   1.679e-09    -4.232    -8.775    -4.543     (0)  
   SiO2            5.647e-05   5.647e-05    -4.248    -4.248     0.000     (0)  
   H2SiO4-2        5.172e-05   1.114e-05    -4.286    -4.953    -0.667     (0)  
   H6(H2SiO4)4-2   5.765e-09   1.241e-09    -8.239    -8.906    -0.667     (0)  
   SiF6-2          0.000e+00   0.000e+00  -229.579  -230.246    -0.667     (0)  
Sr            2.100e-03
   Sr+2            1.897e-03   6.840e-04    -2.722    -3.165    -0.443     (0)  
   SrCl+           1.535e-04   3.077e-04    -3.814    -3.512     0.302     (0)  
   SrSO4           4.732e-05   4.732e-05    -4.325    -4.325     0.000     (0)  
   SrOH+           2.347e-06   4.705e-06    -5.630    -5.327     0.302     (0)  
   SrHPO4          3.319e-08   3.319e-08    -7.479    -7.479     0.000     (0)  
   SrCO3           1.100e-08   1.100e-08    -7.959    -7.959     0.000     (0)  
   SrP2O7-2        3.130e-14   6.739e-15   -13.504   -14.171    -0.667     (0)  
   SrH2PO4+        4.714e-21   9.450e-21   -20.327   -20.025     0.302     (0)  
   SrF+            9.466e-39   1.898e-38   -38.024   -37.722     0.302     (0)  
   SrNO3+          0.000e+00   0.000e+00   -90.451   -90.149     0.302     (0)  
U(3)          0.000e+00
   U+3             0.000e+00   0.000e+00   -48.529   -50.307    -1.778     (0)  
U(4)          2.869e-10
   U(OH)4          2.869e-10   2.869e-10    -9.542    -9.542     0.000     (0)  
   UOH+3           1.087e-37   1.812e-39   -36.964   -38.742    -1.778     (0)  
   U(CO3)4-4       5.612e-40   0.000e+00   -39.251   -43.794    -4.543     (0)  
   U(CO3)5-6       0.000e+00   0.000e+00   -41.710   -52.712   -11.003     (0)  
   USO4+2          0.000e+00   0.000e+00   -45.457   -46.001    -0.544     (0)  
   UCl+3           0.000e+00   0.000e+00   -45.480   -47.258    -1.778     (0)  
   U+4             0.000e+00   0.000e+00   -45.717   -49.023    -3.306     (0)  
   U(SO4)2         0.000e+00   0.000e+00   -45.765   -45.765     0.000     (0)  
   UF+3            0.000e+00   0.000e+00   -72.641   -74.419    -1.778     (0)  
   UF2+2           0.000e+00   0.000e+00  -101.655  -102.200    -0.544     (0)  
   UF3+            0.000e+00   0.000e+00  -131.869  -131.567     0.302     (0)  
   UNO3+3          0.000e+00   0.000e+00  -133.578  -135.356    -1.778     (0)  
   UF4             0.000e+00   0.000e+00  -162.261  -162.261     0.000     (0)  
   UF5-            0.000e+00   0.000e+00  -195.973  -195.671     0.302     (0)  
   U(NO3)2+2       0.000e+00   0.000e+00  -221.786  -222.330    -0.544     (0)  
   UF6-2           0.000e+00   0.000e+00  -227.666  -228.332    -0.667     (0)  
U(5)          1.593e-22
   UO2+            1.593e-22   3.194e-22   -21.798   -21.496     0.302     (0)  
   UO2(CO3)3-5     8.751e-30   3.106e-37   -29.058   -36.508    -7.450     (0)  
U(6)          1.389e-18
   UO2(OH)3-       1.346e-18   2.699e-18   -17.871   -17.569     0.302     (0)  
   UO2(OH)4-2      2.620e-20   5.641e-21   -19.582   -20.249    -0.667     (0)  
   UO2(OH)2        1.625e-20   1.625e-20   -19.789   -19.789     0.000     (0)  
   UO2PO4-         7.757e-26   1.555e-25   -25.110   -24.808     0.302     (0)  
   UO2OH+          4.096e-27   8.212e-27   -26.388   -26.086     0.302     (0)  
   UO2(CO3)3-4     9.210e-29   2.639e-33   -28.036   -32.579    -4.543     (0)  
   UO2(CO3)2-2     4.440e-30   9.560e-31   -29.353   -30.020    -0.667     (0)  
   UO2CO3          2.328e-30   2.328e-30   -29.633   -29.633     0.000     (0)  
   UO2HPO4         2.169e-30   2.169e-30   -29.664   -29.664     0.000     (0)  
   UO2+2           6.528e-32   1.864e-32   -31.185   -31.730    -0.544     (0)  
   UO2Cl+          1.040e-32   2.085e-32   -31.983   -31.681     0.302     (0)  
   UO2SO4          5.972e-33   5.972e-33   -32.224   -32.224     0.000     (0)  
   UO2Cl2          8.192e-34   8.192e-34   -33.087   -33.087     0.000     (0)  
   UO2(SO4)2-2     6.582e-35   1.417e-35   -34.182   -34.849    -0.667     (0)  
   UO2SO3          1.262e-37   1.262e-37   -36.899   -36.899     0.000     (0)  
   UO2H2PO4+       1.124e-38   2.253e-38   -37.949   -37.647     0.302     (0)  
   UO2S2O3         5.603e-39   5.603e-39   -38.252   -38.252     0.000     (0)  
   (UO2)2CO3(OH)3-   1.859e-39   3.726e-39   -38.731   -38.429     0.302     (0)  
   UO2(H2PO4)2     0.000e+00   0.000e+00   -45.165   -45.165     0.000     (0)  
   (UO2)2(OH)2+2   0.000e+00   0.000e+00   -46.538   -47.082    -0.544     (0)  
   UO2(SO3)2-2     0.000e+00   0.000e+00   -46.998   -47.665    -0.667     (0)  
   (UO2)3(OH)7-    0.000e+00   0.000e+00   -48.649   -48.347     0.302     (0)  
   UO2H3PO4+2      0.000e+00   0.000e+00   -48.678   -49.223    -0.544     (0)  
   (UO2)2OH+3      0.000e+00   0.000e+00   -53.261   -55.039    -1.778     (0)  
   UO2(H2PO4)(H3PO4)+   0.000e+00   0.000e+00   -55.673   -55.371     0.302     (0)  
   (UO2)3(OH)5+    0.000e+00   0.000e+00   -56.076   -55.774     0.302     (0)  
   UO2F+           0.000e+00   0.000e+00   -61.664   -61.362     0.302     (0)  
   (UO2)3(OH)4+2   0.000e+00   0.000e+00   -62.063   -62.608    -0.544     (0)  
   (UO2)3(OH)5CO2+   0.000e+00   0.000e+00   -68.945   -68.643     0.302     (0)  
   (UO2)3O(OH)2(HCO3)+   0.000e+00   0.000e+00   -68.950   -68.648     0.302     (0)  
   (UO2)4(OH)7+    0.000e+00   0.000e+00   -71.278   -70.976     0.302     (0)  
   (UO2)3(CO3)6-6   0.000e+00   0.000e+00   -75.144   -86.147   -11.003     (0)  
   UO2N3+          0.000e+00   0.000e+00   -89.136   -88.834     0.302     (0)  
   UO2F2           0.000e+00   0.000e+00   -92.570   -92.570     0.000     (0)  
   UO2NO3+         0.000e+00   0.000e+00  -119.535  -119.233     0.302     (0)  
   UO2F3-          0.000e+00   0.000e+00  -125.316  -125.014     0.302     (0)  
   UO2(N3)2        0.000e+00   0.000e+00  -146.768  -146.768     0.000     (0)  
   UO2F4-2         0.000e+00   0.000e+00  -158.250  -158.917    -0.667     (0)  
   UO2ClO3+        0.000e+00   0.000e+00  -168.922  -168.620     0.302     (0)  
   UO2(N3)3-       0.000e+00   0.000e+00  -205.344  -205.042     0.302     (0)  
   (UO2)11(CO3)6(OH)12-2   0.000e+00   0.000e+00  -223.338  -224.005    -0.667     (0)  
   UO2(N3)4-2      0.000e+00   0.000e+00  -264.880  -265.547    -0.667     (0)  

------------------------------Saturation indices-------------------------------

  Phase               SI** log IAP   log K(287 K,   3 atm)

  (UO2)2As2O7     -67.42    -58.82    8.60  (UO2)2As2O7
  (UO2)2Cl3       -67.02    -53.44   13.57  (UO2)2Cl3
  (UO2)2P2O7      -62.00    -76.12  -14.11  (UO2)2P2O7
  (UO2)3(AsO4)2   -78.68    -68.21   10.47  (UO2)3(AsO4)2
  (UO2)3(PO4)2    -72.35    -85.51  -13.15  (UO2)3(PO4)2
  (UO2)3(PO4)2:4H2O -59.09    -85.86  -26.77  (UO2)3(PO4)2:4H2O
  Afwillite        -6.33     55.62   61.95  Ca3Si2O4(OH)6
  Akermanite        7.73     54.77   47.04  Ca2MgSi2O7
  Al              -90.86     65.11  155.97  Al
  Al(g)          -143.65     65.11  208.76  Al
  Al2(SO4)3       -87.94    -66.74   21.20  Al2(SO4)3
  Al2(SO4)3:6H2O  -70.15    -67.27    2.88  Al2(SO4)3:6H2O
  Alabandite        5.65      5.38   -0.27  MnS
  Albite            0.00      2.95    2.95  NaAlSi3O8
  Albite_high      -1.39      2.95    4.34  NaAlSi3O8
  Albite_low       -0.00      2.95    2.95  NaAlSi3O8
  AlF3           -115.21   -132.26  -17.05  AlF3
  Alstonite        -3.71     -1.13    2.58  BaCa(CO3)2
  Alum-K          -30.50    -35.55   -5.05  KAl(SO4)2:12H2O
  Alunite         -25.08    -24.08    1.00  KAl3(OH)6(SO4)2
  Amesite-14A      13.53     93.84   80.32  Mg4Al4Si2O10(OH)8
  Analcime         -0.20      6.32    6.52  Na.96Al.96Si2.04O6:H2O
  Analcime-dehy    -6.74      6.40   13.14  Na.96Al.96Si2.04O6
  Andalusite      -10.94      6.42   17.36  Al2SiO5
  Andradite        18.51     53.57   35.06  Ca3Fe2(SiO4)3
  Anhydrite        -0.11     -4.34   -4.23  CaSO4
  Annite            8.73     39.68   30.95  KFe3AlSi3O10(OH)2
  Anorthite        -4.74     23.63   28.37  CaAl2(SiO4)2
  Antarcticite     -5.65     -1.56    4.09  CaCl2:6H2O
  Anthophyllite    38.84    108.31   69.46  Mg7Si8O22(OH)2
  Antigorite      332.45    829.13  496.68  Mg48Si34O85(OH)62
  Aphthitalite     -1.99     -5.88   -3.89  NaK3(SO4)2
  Aragonite        -0.15      1.99    2.14  CaCO3
  Arcanite         -0.23     -2.23   -1.99  K2SO4
  Arsenolite       -3.41    -23.79  -20.38  As2O3
  Arsenopyrite     -0.55    -15.17  -14.62  FeAsS
  Artinite          0.40     20.85   20.46  Mg2CO3(OH)2:3H2O
  As                3.45     47.88   44.43  As
  As2O5           -42.41    -40.04    2.37  As2O5
  As4O6(cubi)      -6.68    -47.58  -40.90  As4O6
  As4O6(mono)      -6.47    -47.58  -41.11  As4O6
  Autunite-H      -51.04    -76.21  -25.17  H2(UO2)2(PO4)2
  Ba              -90.20     56.21  146.40  Ba
  Ba(OH)2:8H2O     -9.30     15.56   24.86  Ba(OH)2:8H2O
  Ba2Si3O8         -3.83     19.97   23.80  Ba2Si3O8
  Ba2SiO4         -17.58     28.46   46.04  Ba2SiO4
  Ba2U2O7         -25.93     12.06   38.00  Ba2U2O7
  Ba3UO6          -58.26     39.68   97.94  Ba3UO6
  BaCl2            -8.44     -6.13    2.31  BaCl2
  BaCl2:2H2O       -6.41     -6.31    0.10  BaCl2:2H2O
  BaCl2:H2O        -7.03     -6.22    0.81  BaCl2:H2O
  BaCrO4          -39.72    -49.84  -10.12  BaCrO4
  BaHPO4           -4.96    -12.36   -7.40  BaHPO4
  BaMnO4          -71.12    -81.21  -10.09  BaMnO4
  BaO             -33.15     16.36   49.51  BaO
  Barite            0.73     -9.45  -10.18  BaSO4
  Barytocalcite    -3.87     -1.13    2.74  BaCa(CO3)2
  BaS             -10.64      6.19   16.83  BaS
  BaSiF6         -230.20   -263.07  -32.87  BaSiF6
  Bassanite        -0.80     -4.39   -3.59  CaSO4:0.5H2O
  Bassetite       -47.29    -64.32  -17.03  Fe(UO2)2(PO4)2
  BaU2O7          -25.62     -2.42   23.20  BaU2O7
  BaUO4           -12.08      6.97   19.05  BaUO4
  Beidellite-Ca    -6.14      0.29    6.43  Ca.165Al2.33Si3.67O10(OH)2
  Beidellite-H     -8.70     -3.27    5.43  H.33Al2.33Si3.67O10(OH)2
  Beidellite-K     -5.44      0.64    6.08  K.33Al2.33Si3.67O10(OH)2
  Beidellite-Mg    -6.31      0.10    6.41  Mg.165Al2.33Si3.67O10(OH)2
  Beidellite-Na    -6.28      0.17    6.45  Na.33Al2.33Si3.67O10(OH)2
  Berlinite       -16.68    -23.34   -6.66  AlPO4
  Birnessite     -129.84   -215.39  -85.55  Mn8O14:5H2O
  Bischofite       -7.07     -2.68    4.39  MgCl2:6H2O
  Bixbyite        -16.33    -16.08    0.25  Mn2O3
  Bloedite         -8.41    -10.89   -2.48  Na2Mg(SO4)2:4H2O
  Boehmite         -2.98      5.29    8.27  AlO2H
  Boltwoodite     -16.86     -1.98   14.88  K(H3O)(UO2)SiO4
  Boltwoodite-Na  -17.65     -3.07   14.58  Na.7K.3(H3O)(UO2)SiO4:H2O
  Brezinaite      -48.79    -44.65    4.14  Cr3S4
  Brucite           3.26     20.25   16.99  Mg(OH)2
  Brushite        -13.98     -7.43    6.55  CaHPO4:2H2O
  Burkeite        -18.37     -8.89    9.49  Na6CO3(SO4)2
  C                -6.39     60.23   66.62  C
  C(g)           -128.54     60.23  188.77  C
  Ca              -83.73     61.31  145.04  Ca
  Ca(g)          -110.09     61.31  171.40  Ca
  Ca-Al_Pyroxene  -10.31     27.88   38.18  CaAl2SiO6
  Ca2Al2O5:8H2O    -6.68     52.88   59.56  Ca2Al2O5:8H2O
  Ca2Cl2(OH)2:H2O  -6.03     20.26   26.29  Ca2Cl2(OH)2:H2O
  Ca3(AsO4)2        5.59     24.34   18.75  Ca3(AsO4)2
  Ca3Al2O6        -43.26     75.05  118.31  Ca3Al2O6
  Ca4Al2Fe2O10    -49.25     98.44  147.69  Ca4Al2Fe2O10
  Ca4Al2O7:13H2O  -11.88     95.36  107.24  Ca4Al2O7:13H2O
  Ca4Al2O7:19H2O   -8.84     94.83  103.66  Ca4Al2O7:19H2O
  Ca4Cl2(OH)6:13H2O  -6.38     61.94   68.32  Ca4Cl2(OH)6:13H2O
  CaAl2O4         -17.55     32.13   49.68  CaAl2O4
  CaAl2O4:10H2O    -6.74     31.24   37.99  CaAl2O4:10H2O
  CaAl4O7         -30.34     42.79   73.13  CaAl4O7
  Calcite           0.00      1.99    1.99  CaCO3
  Carnallite       -6.41     -2.14    4.27  KMgCl3:6H2O
  CaSO4:0.5H2O(beta)  -0.98     -4.39   -3.40  CaSO4:0.5H2O
  CaUO4            -4.69     12.07   16.77  CaUO4
  Celadonite       12.64     20.38    7.74  KMgAlSi4O10(OH)2
  Celestite        -0.94     -6.62   -5.68  SrSO4
  CH4(g)           -7.04     -9.79   -2.75  CH4
  Chalcedony       -0.28     -4.25   -3.97  SiO2
  Chamosite-7A     -5.22     29.84   35.06  Fe2Al2SiO5(OH)4
  Chloromagnesite -24.97     -2.15   22.82  MgCl2
  Chromite         -0.00     16.86   16.86  FeCr2O4
  Chrysotile       19.95     52.35   32.40  Mg3Si2O5(OH)4
  Cl2(g)          -65.67    -62.34    3.33  Cl2
  Claudetite       -3.47    -23.79  -20.32  As2O3
  Clinochlore-14A  28.35     99.27   70.91  Mg5Al2Si3O10(OH)8
  Clinochlore-7A   24.90     99.27   74.37  Mg5Al2Si3O10(OH)8
  Clinoptilolite    2.90     -7.41  -10.32  Na.954K.543Ca.761Mg.124Sr.036Ba.062Mn.002Al3.45Fe.017Si14.5330O46.922H21.844
  Clinoptilolite-Ca   0.11     -7.09   -7.20  Ca1.7335Al3.45Fe.017Si14.533O36:10.922H2O
  Clinoptilolite-dehy -33.39     -6.45   26.95  Sr.036Mg.124Ca.761Mn.002Ba.062K.543Na.954Al3.45Fe.017Si14.533O36
  Clinoptilolite-dehy-Ca -36.18     -6.12   30.06  Ca1.7335Al3.45Fe.017Si14.533O36
  Clinoptilolite-dehy-K -27.71     -2.46   25.25  K3.467Al3.45Fe.017Si14.533O36
  Clinoptilolite-dehy-Na -36.85     -7.39   29.46  Na3.467Al3.45Fe.017Si14.533O36
  Clinoptilolite-dehy-NH4 -51.16    -58.01   -6.85  (NH4)3.467Al3.45Fe.017Si14.533O36
  Clinoptilolite-dehy-Sr -39.95    -10.08   29.87  Sr1.7335Al3.45Fe.017Si14.533O36
  Clinoptilolite-hy-Ca   0.10     -7.15   -7.26  Ca1.7335Al3.45Fe.017Si14.533O36:11.645H2O
  Clinoptilolite-hy-K   8.68     -3.12  -11.80  K3.467Al3.45Fe.017Si14.533O36:7.499H2O
  Clinoptilolite-hy-Na  -0.54     -8.35   -7.81  Na3.467Al3.45Fe.017Si14.533O36:10.877H2O
  Clinoptilolite-hy-Sr  -3.70    -11.31   -7.62  Sr1.7335Al3.45Fe.017Si14.533O36:13.893H2O
  Clinoptilolite-K   8.61     -3.43  -12.03  K3.467Al3.45Fe.017Si14.533O36:10.922H2O
  Clinoptilolite-Na  -0.55     -8.36   -7.81  Na3.467Al3.45Fe.017Si14.533O36:10.922H2O
  Clinoptilolite-NH4 -16.49    -58.98  -42.49  (NH4)3.467Al3.45Fe.017Si14.533O36:10.922H2O
  Clinoptilolite-Sr  -3.65    -11.05   -7.40  Sr1.7335Al3.45Fe.017Si14.533O36:10.922H2O
  Clinozoisite      0.16     46.13   45.97  Ca2Al3Si3O12(OH)
  CO(g)           -20.12    -23.04   -2.92  CO
  CO2(g)          -11.71    -19.47   -7.76  CO2
  Coesite          -0.84     -4.25   -3.41  SiO2
  Coffinite        -0.82     -8.59   -7.77  USiO4
  Cordierite_anhyd -15.21     40.77   55.98  Mg2Al4Si5O18
  Cordierite_hydr -12.71     40.68   53.39  Mg2Al4Si5O18:H2O
  Corundum         -9.25     10.67   19.91  Al2O3
  Cr              -40.53     62.31  102.84  Cr
  CrCl3           -50.29    -31.20   19.09  CrCl3
  CrF3           -126.97   -135.06   -8.09  CrF3
  CrF4           -208.93   -221.07  -12.14  CrF4
  Cristobalite(alpha)  -0.57     -4.25   -3.67  SiO2
  Cristobalite(beta)  -1.05     -4.25   -3.20  SiO2
  CrO2            -17.93    -37.62  -19.69  CrO2
  CrO3            -62.67    -66.19   -3.52  CrO3
  Cronstedtite-7A   3.38     21.10   17.72  Fe2Fe2SiO5(OH)4
  CrS             -18.73    -19.21   -0.48  CrS
  Daphnite-14A      1.19     56.55   55.36  Fe5AlAlSi3O10(OH)8
  Daphnite-7A      -2.28     56.55   58.83  Fe5AlAlSi3O10(OH)8
  Dawsonite        -8.69     -3.86    4.82  NaAlCO3(OH)2
  Diaspore         -2.56      5.29    7.85  AlHO2
  Dicalcium_silicate   0.18     38.67   38.50  Ca2SiO4
  Diopside         11.59     33.30   21.71  CaMgSi2O6
  Dolomite         -0.00      2.86    2.86  CaMg(CO3)2
  Dolomite-dis     -1.62      2.86    4.47  CaMg(CO3)2
  Dolomite-ord      0.01      2.86    2.85  CaMg(CO3)2
  Enstatite         4.29     16.09   11.80  MgSiO3
  Epidote           6.57     41.76   35.19  Ca2FeAl2Si3O12OH
  Epidote-ord       6.58     41.76   35.19  FeCa2Al2(OH)(SiO4)3
  Epsomite         -4.12     -6.08   -1.97  MgSO4:7H2O
  Eskolaite        -3.81    -12.83   -9.02  Cr2O3
  Ettringite       -5.73     59.19   64.92  Ca6Al2(SO4)3(OH)12:26H2O
  Eucryptite       -7.75      6.70   14.45  LiAlSiO4
  F2(g)          -189.76   -131.58   58.18  F2
  Fayalite         -0.67     19.35   20.02  Fe2SiO4
  Fe               -9.72     51.65   61.37  Fe
  Fe(OH)2          -2.79     11.71   14.50  Fe(OH)2
  Fe(OH)3          -5.34      0.83    6.17  Fe(OH)3
  Fe2(SO4)3       -80.11    -75.48    4.63  Fe2(SO4)3
  FeF2            -77.83    -79.93   -2.09  FeF2
  FeF3           -117.44   -136.62  -19.19  FeF3
  FeO              -2.40     11.80   14.20  FeO
  Ferrite-Ca        0.22     23.39   23.17  CaFe2O4
  Ferrite-Dicalcium -14.96     44.85   59.81  Ca2Fe2O5
  Ferrite-Mg       -0.52     22.27   22.79  MgFe2O4
  Ferrosilite      -0.21      7.55    7.76  FeSiO3
  FeSO4           -17.08    -14.01    3.07  FeSO4
  Fluorapatite     -0.00    -24.57  -24.57  Ca5(PO4)3F
  Fluorite        -60.12    -70.26  -10.14  CaF2
  Forsterite        7.33     36.43   29.10  Mg2SiO4
  Foshagite         4.91     72.97   68.05  Ca4Si3O9(OH)2:0.5H2O
  Frankdicksonite -69.61    -75.37   -5.76  BaF2
  Gaylussite       -8.36      2.80   11.16  CaNa2(CO3)2:5H2O
  Gehlenite        -9.98     49.34   59.32  Ca2Al2SiO7
  Gibbsite         -3.19      5.20    8.39  Al(OH)3
  Gismondine        4.76     46.46   41.71  Ca2Al4Si4O16:9H2O
  Glauberite       -3.94     -9.41   -5.47  Na2Ca(SO4)2
  Goethite         -0.00      0.92    0.92  FeOOH
  Greenalite        3.11     26.72   23.61  Fe3Si2O5(OH)4
  Grossular         7.82     62.30   54.48  Ca3Al2(SiO4)3
  Gypsum            0.00     -4.52   -4.52  CaSO4:2H2O
  Gyrolite          6.66     29.96   23.30  Ca2Si3O7(OH)2:1.5H2O
  H2(g)            -5.00     -8.08   -3.07  H2
  H2O(g)           -1.95     -0.09    1.86  H2O
  H2S(g)           -2.24    -10.26   -8.02  H2S
  Haiweeite       -16.20    -23.25   -7.05  Ca(UO2)2(Si2O5)3:5H2O
  Halite           -2.42     -0.88    1.54  NaCl
  Hatrurite       -15.96     60.13   76.10  Ca3SiO5
  Hausmannite     -12.38     -0.53   11.85  Mn3O4
  HCl(g)          -18.06    -11.29    6.77  HCl
  Hedenbergite      4.46     24.76   20.30  CaFe(SiO3)2
  Hematite          1.04      1.93    0.89  Fe2O3
  Hercynite        -8.53     22.46   31.00  FeAl2O4
  Heulandite        0.83      4.48    3.65  Ba.065Sr.175Ca.585K.132Na.383Al2.165Si6.835O18:6H2O
  Hexahydrite      -4.26     -5.99   -1.73  MgSO4:6H2O
  Hillebrandite     0.52     38.57   38.05  Ca2SiO3(OH)2:0.17H2O
  Huntite          -6.72      4.59   11.31  CaMg3(CO3)4
  Hydromagnesite   -9.29     23.37   32.66  Mg5(CO3)4(OH)2:4H2O
  Hydrophilite    -13.29     -1.03   12.26  CaCl2
  Hydroxylapatite  23.25     21.24   -2.00  Ca5(OH)(PO4)3
  Ice              -0.19     -0.09    0.10  H2O
  Illite           -0.46      9.47    9.93  K0.6Mg0.25Al1.8Al0.5Si3.5O10(OH)2
  Jadeite          -1.62      7.20    8.82  NaAl(SiO3)2
  Jarosite        -28.97    -37.19   -8.22  KFe3(SO4)2(OH)6
  Jarosite-Na     -33.16    -38.61   -5.45  NaFe3(SO4)2(OH)6
  K               -41.75     31.71   73.46  K
  K(g)            -52.91     31.71   84.62  K
  K-Feldspar        4.64      4.38   -0.26  KAlSi3O8
  K2CO3:1.5H2O     -9.41      3.97   13.38  K2CO3:1.5H2O
  K2O             -63.16     23.57   86.74  K2O
  K2UO4           -20.79     14.19   34.98  K2UO4
  K3H(SO4)2       -12.66    -16.29   -3.62  K3H(SO4)2
  K8H4(CO3)6:3H2O -50.68    -22.98   27.71  K8H4(CO3)6:3H2O
  Kainite          -4.87     -5.19   -0.31  KMgClSO4:3H2O
  KAl(SO4)2       -38.64    -34.48    4.16  KAl(SO4)2
  Kalicinite       -8.01     -7.73    0.28  KHCO3
  Kalsilite         1.35     12.87   11.53  KAlSiO4
  Kaolinite        -5.67      1.99    7.66  Al2Si2O5(OH)4
  Katoite          -4.42     74.52   78.94  Ca3Al2H12O12
  Kieserite        -5.28     -5.55   -0.27  MgSO4:H2O
  KMgCl3          -23.68     -1.60   22.07  KMgCl3
  KMgCl3:2H2O     -16.22     -1.78   14.44  KMgCl3:2H2O
  KNaCO3:6H2O      -8.11      2.15   10.26  KNaCO3:6H2O
  KUO2AsO4        -13.45    -17.62   -4.17  KUO2AsO4
  Kyanite         -10.64      6.42   17.06  Al2SiO5
  Lansfordite      -4.41      0.42    4.84  MgCO3:5H2O
  Larnite          -1.18     38.67   39.85  Ca2SiO4
  Laumontite        0.14     14.78   14.64  CaAl2Si4O12:4H2O
  Lawrencite      -20.28    -10.69    9.59  FeCl2
  Lawsonite        -0.19     23.45   23.64  CaAl2Si2O7(OH)2:H2O
  Leonite          -3.93     -8.05   -4.11  K2Mg(SO4)2:4H2O
  Li              -49.87     25.54   75.41  Li
  Li(g)           -73.06     25.54   98.60  Li
  Li2UO4          -27.14      1.85   28.99  Li2UO4
  Lime            -12.34     21.46   33.80  CaO
  LiUO2AsO4       -23.01    -23.79   -0.79  LiUO2AsO4
  Lopezite        -90.82   -108.81  -18.00  K2Cr2O7
  Magnesiochromite   1.79     25.40   23.62  MgCr2O4
  Magnesite        -1.69      0.87    2.56  MgCO3
  Magnetite         1.94     13.73   11.79  Fe3O4
  Manganite        -7.92     -8.08   -0.17  MnO(OH)
  Manganosite      -3.14     15.55   18.69  MnO
  Margarite       -10.01     34.21   44.22  CaAl4Si2O10(OH)2
  Maximum_Microcline   4.64      4.38   -0.26  KAlSi3O8
  Mayenite       -187.62    332.20  519.81  Ca12Al14O33
  Melanterite     -12.16    -14.63   -2.47  FeSO4:7H2O
  Mercallite      -12.62    -14.06   -1.44  KHSO4
  Merwinite         5.11     76.23   71.12  MgCa3(SiO4)2
  Mesolite          4.10     18.70   14.60  Na.676Ca.657Al1.99Si3.01O10:2.647H2O
  Mg              -67.05     60.19  127.24  Mg
  Mg(g)           -87.70     60.19  147.89  Mg
  Mg1.25SO4(OH)0.5:0.5H2O  -6.26     -0.44    5.81  Mg1.25SO4(OH)0.5:0.5H2O
  Mg1.5SO4(OH)     -5.35      4.66   10.01  Mg1.5SO4(OH)
  MgCl2:2H2O      -15.64     -2.33   13.32  MgCl2:2H2O
  MgCl2:4H2O      -10.09     -2.50    7.59  MgCl2:4H2O
  MgCl2:H2O       -19.07     -2.24   16.83  MgCl2:H2O
  MgOHCl           -7.59      9.05   16.65  MgOHCl
  MgSO4           -10.87     -5.46    5.40  MgSO4
  MgUO4           -13.30     10.95   24.26  MgUO4
  Minnesotaite      3.85     18.31   14.46  Fe3Si4O10(OH)2
  Mirabilite       -4.32     -5.96   -1.64  Na2SO4:10H2O
  Misenite        -75.51    -86.58  -11.08  K8H6(SO4)7
  Mn              -30.70     55.40   86.10  Mn
  Mn(OH)2(am)      -0.47     15.46   15.93  Mn(OH)2
  Mn(OH)3         -14.51     -8.17    6.34  Mn(OH)3
  Mn3(PO4)2       -11.52    -10.70    0.82  Mn3(PO4)2
  MnCl2:2H2O      -11.33     -7.12    4.21  MnCl2:2H2O
  MnCl2:4H2O      -10.11     -7.29    2.82  MnCl2:4H2O
  MnCl2:H2O       -12.88     -7.03    5.86  MnCl2:H2O
  MnHPO4           -0.22    -13.17  -12.95  MnHPO4
  MnO2(gamma)     -24.88    -41.01  -16.13  MnO2
  MnSO4           -13.27    -10.25    3.02  MnSO4
  Molysite        -47.20    -32.77   14.43  FeCl3
  Monohydrocalcite  -0.91      1.90    2.81  CaCO3:H2O
  Monticellite      6.79     37.55   30.76  CaMgSiO4
  Montmor-Ca       -0.86      2.08    2.94  Ca.165Mg.33Al1.67Si4O10(OH)2
  Montmor-K        -0.08      2.43    2.50  K.33Mg.33Al1.67Si4O10(OH)2
  Montmor-Mg       -0.95      1.89    2.84  Mg.495Al1.67Si4O10(OH)2
  Montmor-Na       -0.92      1.96    2.88  Na.33Mg.33Al1.67Si4O10(OH)2
  Mordenite        -1.31     -6.84   -5.52  Ca.2895Na.361Al.94Si5.06O12:3.468H2O
  Mordenite-dehy  -16.78     -6.53   10.26  Ca.2895Na.361Al.94Si5.06O12
  Muscovite         0.00     14.95   14.95  KAl3Si3O10(OH)2
  N2(g)            -3.76     -6.87   -3.11  N2
  Na              -39.49     30.29   69.78  Na
  Na(g)           -53.66     30.29   83.95  Na
  Na2CO3          -10.16      1.26   11.42  Na2CO3
  Na2CO3:7H2O      -9.14      0.64    9.78  Na2CO3:7H2O
  Na2Cr2O7       -101.32   -111.66  -10.34  Na2Cr2O7
  Na2CrO4         -48.48    -45.46    3.01  Na2CrO4
  Na2O            -48.92     20.73   69.65  Na2O
  Na2SiO3          -6.24     16.48   22.72  Na2SiO3
  Na2U2O7         -21.73      1.96   23.68  Na2U2O7
  Na2UO4(alpha)   -19.78     11.34   31.12  Na2UO4
  Na3H(SO4)2      -19.66    -20.55   -0.89  Na3H(SO4)2
  Na3UO4          -37.34     20.77   58.11  Na3UO4
  Na4Ca(SO4)3:2H2O  -8.77    -14.66   -5.90  Na4Ca(SO4)3:2H2O
  Na4SiO4         -35.46     37.21   72.67  Na4SiO4
  Na4UO2(CO3)3    -30.38    -26.34    4.04  Na4UO2(CO3)3
  Na6Si2O7        -50.82     53.69  104.51  Na6Si2O7
  NaFeO2           -9.59     11.33   20.92  NaFeO2
  Nahcolite        -8.91     -9.15   -0.24  NaHCO3
  Natrolite        -1.07     18.47   19.55  Na2Al2Si3O10:2H2O
  Natron           -8.91      0.37    9.28  Na2CO3:10H2O
  Natrosilite      -6.14     12.23   18.37  Na2Si2O5
  NaUO3            -8.65      0.04    8.69  NaUO3
  Nepheline        -3.15     11.45   14.60  NaAlSiO4
  Nesquehonite     -5.01      0.60    5.62  MgCO3:3H2O
  NH3(g)           -6.21     -4.19    2.02  NH3
  Ningyoite       -10.81    -40.40  -29.59  CaUP2O8:2H2O
  Niter           -86.72    -87.17   -0.45  KNO3
  Nitrobarite    -178.80   -181.55   -2.75  Ba(NO3)2
  NO(g)           -56.03    -55.02    1.01  NO
  NO2(g)          -87.88    -79.03    8.85  NO2
  Nontronite-Ca     3.08     -8.45  -11.53  Ca.165Fe2Al.33Si3.67H2O12
  Nontronite-H      0.53    -12.00  -12.54  H.33Fe2Al.33Si3.67H2O12
  Nontronite-K      3.78     -8.10  -11.88  K.33Fe2Al.33Si3.67H2O12
  Nontronite-Mg     2.92     -8.63  -11.55  Mg.165Fe2Al.33Si3.67H2O12
  Nontronite-Na     2.95     -8.57  -11.52  Na.33Fe2Al.33Si3.67H2O12
  O2(g)           -76.89    -79.70   -2.81  O2
  Okenite           2.36     12.79   10.42  CaSi2O4(OH)2:H2O
  Orpiment         27.77    -54.29  -82.06  As2S3
  Oxychloride-Mg    3.12     28.95   25.83  Mg2Cl(OH)3:4H2O
  P               -66.46     70.95  137.41  P
  Paragonite       -5.56     13.53   19.09  NaAl3Si3O10(OH)2
  Pargasite        17.85    125.07  107.22  NaCa2Al3Mg4Si6O22(OH)2
  Pentahydrite     -4.52     -5.91   -1.39  MgSO4:5H2O
  Periclase        -1.94     20.34   22.28  MgO
  Petalite         -2.13     -6.04   -3.91  LiAlSi4O10
  Phlogopite       26.07     65.31   39.24  KAlMg3Si3O10(OH)2
  Picromerite      -3.78     -8.22   -4.44  K2Mg(SO4)2:6H2O
  Pirssonite       -8.25      3.07   11.32  Na2Ca(CO3)2:2H2O
  Polyhalite       -2.24    -16.55  -14.31  K2MgCa2(SO4)4:2H2O
  Portlandite      -1.99     21.37   23.36  Ca(OH)2
  Prehnite          6.02     40.76   34.74  Ca2Al2Si3O10(OH)2
  Pseudowollastonite   2.76     17.21   14.45  CaSiO3
  Pyrite           12.95    -12.45  -25.39  FeS2
  Pyrolusite      -22.82    -41.01  -18.18  MnO2
  Pyrophyllite     -7.31     -6.42    0.89  Al2Si4O10(OH)2
  Pyrrhotite        5.32      1.63   -3.69  FeS
  Quartz            0.00     -4.25   -4.25  SiO2
  Rankinite         2.17     55.89   53.72  Ca3Si2O7
  Realgar          10.99    -49.29  -60.28  AsS
  Rhodochrosite    -3.84     -3.92   -0.08  MnCO3
  Rhodonite         1.21     11.30   10.09  MnSiO3
  Ripidolite-14A   17.79     82.18   64.39  Mg3Fe2Al2Si3O10(OH)8
  Ripidolite-7A    14.33     82.18   67.86  Mg3Fe2Al2Si3O10(OH)8
  Rutherfordine   -24.86    -28.86   -4.00  UO2CO3
  S                -3.24    -50.02  -46.78  S
  S2(g)           -21.19    -28.15   -6.96  S2
  Saleeite        -36.99    -55.78  -18.79  Mg(UO2)2(PO4)2
  Sanbornite       -1.72      7.86    9.58  BaSi2O5
  Sanidine_high     3.37      4.38    1.01  KAlSi3O8
  Saponite-Ca      23.22     50.64   27.43  Ca.165Mg3Al.33Si3.67O10(OH)2
  Saponite-H       20.67     47.09   26.42  H.33Mg3Al.33Si3.67O10(OH)2
  Saponite-K       23.92     50.99   27.07  K.33Mg3Al.33Si3.67O10(OH)2
  Saponite-Mg      23.06     50.46   27.40  Mg3.165Al.33Si3.67O10(OH)2
  Saponite-Na      23.08     50.52   27.44  Na.33Mg3Al.33Si3.67O10(OH)2
  Scacchite       -16.15     -6.94    9.21  MnCl2
  Schoepite       -14.72     -9.56    5.16  UO3:2H2O
  Schoepite-dehy(.393) -16.59     -9.42    7.17  UO3:.393H2O
  Schoepite-dehy(.648) -16.07     -9.44    6.63  UO3:.648H2O
  Schoepite-dehy(.85) -14.92     -9.46    5.46  UO3:.85H2O
  Schoepite-dehy(.9) -14.84     -9.47    5.37  UO3:.9H2O
  Schoepite-dehy(1.0) -14.95     -9.48    5.47  UO3:H2O
  Scolecite         2.10     19.12   17.01  CaAl2Si3O10:3H2O
  Sellaite        -62.02    -71.39   -9.36  MgF2
  Sepiolite        24.09     55.25   31.16  Mg4Si6O15(OH)2:6H2O
  Si              -78.88     75.45  154.33  Si
  Si(g)          -152.79     75.45  228.24  Si
  Siderite         -7.66     -7.67   -0.01  FeCO3
  SiF4(g)        -172.63   -187.70  -15.07  SiF4
  Sillimanite     -11.33      6.42   17.74  Al2SiO5
  SiO2(am)         -1.37     -4.25   -2.88  SiO2
  Sklodowskite    -21.34     -7.55   13.78  Mg(H3O)2(UO2)2(SiO4)2:4H2O
  Smectite-high-Fe-Mg   6.62     25.12   18.50  Ca.025Na.1K.2Fe.5Fe.2Mg1.15Al1.25Si3.5H2O12
  Smectite-low-Fe-Mg   5.10     16.87   11.77  Ca.02Na.15K.2Fe.29Fe.16Mg.9Al1.25Si3.75H2O12
  SO2(g)          -25.66    -25.31    0.35  SO2
  Soddyite        -23.59    -23.20    0.39  (UO2)2SiO4:2H2O
  Spinel           -9.12     31.01   40.13  Al2MgO4
  Spodumene        -5.01      2.45    7.46  LiAlSi2O6
  Sr              -88.00     59.03  147.03  Sr
  Sr(NO3)2       -179.78   -178.73    1.05  Sr(NO3)2
  Sr(NO3)2:4H2O  -179.47   -179.09    0.39  Sr(NO3)2:4H2O
  Sr(OH)2          -9.41     19.09   28.50  Sr(OH)2
  Sr2SiO4         -10.19     34.11   44.30  Sr2SiO4
  Sr3(AsO4)2       -4.08     17.49   21.57  Sr3(AsO4)2
  SrCl2           -11.56     -3.31    8.25  SrCl2
  SrCl2:2H2O       -6.89     -3.49    3.40  SrCl2:2H2O
  SrCl2:6H2O       -5.18     -3.84    1.34  SrCl2:6H2O
  SrCl2:H2O        -8.35     -3.40    4.95  SrCl2:H2O
  SrCrO4          -43.12    -47.02   -3.90  SrCrO4
  SrF2            -64.01    -72.55   -8.54  SrF2
  SrHPO4           -3.40     -9.54   -6.14  SrHPO4
  SrO             -24.25     19.18   43.43  SrO
  SrS              -6.28      9.01   15.29  SrS
  SrSiO3           -0.37     14.93   15.30  SrSiO3
  SrUO4(alpha)    -10.33      9.79   20.12  SrUO4
  Starkeyite       -4.81     -5.82   -1.00  MgSO4:4H2O
  Stilbite          4.09      5.35    1.26  Ca1.019Na.136K.006Al2.18Si6.82O18:7.33H2O
  Strengite       -16.73    -27.88  -11.16  FePO4:2H2O
  Strontianite     -0.00     -0.29   -0.29  SrCO3
  Sylvite          -0.17      0.54    0.72  KCl
  Syngenite         0.94     -6.66   -7.60  K2Ca(SO4)2:H2O
  Tachyhydrite    -23.52     -6.39   17.14  Mg2CaCl6:12H2O
  Talc             22.05     43.94   21.89  Mg3Si4O10(OH)2
  Tarapacaite     -42.08    -42.62   -0.54  K2CrO4
  Tephroite         2.81     26.85   24.04  Mn2SiO4
  Thenardite       -4.73     -5.07   -0.34  Na2SO4
  Thermonatrite    -9.95      1.17   11.12  Na2CO3:H2O
  Tobermorite-11A  14.18     81.33   67.15  Ca5Si6H11O22.5
  Tobermorite-14A  15.85     80.88   65.03  Ca5Si6H21O27.5
  Tobermorite-9A   10.66     81.55   70.89  Ca5Si6H6O20
  Todorokite     -100.23   -146.06  -45.83  Mn7O12:3H2O
  Tremolite        47.13    110.55   63.42  Ca2Mg5Si8O22(OH)2
  Tridymite        -0.19     -4.25   -4.06  SiO2
  Troilite          5.43      1.63   -3.80  FeS
  Trona-K         -16.81     -5.23   11.59  K2NaH(CO3)2:2H2O
  U              -110.74    110.17  220.91  U
  U(CO3)2         -51.88    -43.28    8.60  U(CO3)2
  U(g)           -199.67    110.17  309.83  U
  U(HPO4)2:4H2O   -29.10    -62.13  -33.03  U(HPO4)2:4H2O
  U(OH)2SO4       -27.15    -30.23   -3.07  U(OH)2SO4
  U(SO3)2         -35.95    -72.87  -36.92  U(SO3)2
  U(SO4)2         -45.03    -55.94  -10.92  U(SO4)2
  U(SO4)2:4H2O    -45.19    -56.30  -11.11  U(SO4)2:4H2O
  U(SO4)2:8H2O    -44.30    -56.65  -12.35  U(SO4)2:8H2O
  U2C3           -206.32    266.66  472.98  U2C3
  U2Cl10(g)      -219.55   -133.09   86.46  U2Cl10
  U2Cl8(g)       -185.78    -98.63   87.15  U2Cl8
  U2F10(g)       -468.33   -479.28  -10.95  U2F10
  U2F9           -382.08   -427.43  -45.35  U2F9
  U2O2Cl5         -91.68    -70.88   20.80  U2O2Cl5
  U2O3F6         -292.57   -293.95   -1.39  U2O3F6
  U2S3            -71.50    -64.09    7.42  U2S3
  U3As4          -186.80    320.47  507.27  U3As4
  U3O5F8         -393.84   -395.07   -1.22  U3O5F8
  U3P4           -448.00    412.77  860.76  U3P4
  U3S5            -89.76    -88.76    1.00  U3S5
  U4F17          -698.44   -803.01 -104.57  U4F17
  U5O12Cl         -44.15    -62.87  -18.72  U5O12Cl
  UAs             -64.13     90.86  154.99  UAs
  UAs2            -57.96    138.75  196.71  UAs2
  UC              -99.19    103.21  202.40  UC
  UC1.94(alpha)  -107.31    159.83  267.14  UC1.94
  UCl(g)         -172.28     58.13  230.41  UCl
  UCl2(g)        -143.37     47.83  191.20  UCl2
  UCl2F2         -115.79   -118.55   -2.76  UCl2F2
  UCl3            -64.30    -50.53   13.77  UCl3
  UCl3(g)        -111.98    -50.53   61.45  UCl3
  UCl3F           -95.35    -83.93   11.41  UCl3F
  UCl4            -72.76    -49.31   23.44  UCl4
  UCl4(g)         -98.46    -49.31   49.15  UCl4
  UCl5           -105.36    -66.54   38.81  UCl5
  UCl5(g)        -123.57    -66.54   57.02  UCl5
  UCl6           -136.77    -76.85   59.92  UCl6
  UCl6(g)        -143.15    -76.85   66.30  UCl6
  UClF3          -136.06   -153.17  -17.11  UClF3
  UF(g)          -190.92     23.51  214.43  UF
  UF2(g)         -201.00    -21.41  179.58  UF2
  UF3            -134.88   -154.38  -19.50  UF3
  UF3(g)         -204.37   -154.38   49.98  UF3
  UF4            -158.65   -187.79  -29.14  UF4
  UF4(g)         -204.42   -187.79   16.63  UF4
  UF4:2.5H2O     -154.42   -188.01  -33.59  UF4:2.5H2O
  UF5(alpha)     -227.05   -239.64  -12.59  UF5
  UF5(beta)      -226.67   -239.64  -12.97  UF5
  UF5(g)         -247.32   -239.64    7.68  UF5
  UF6            -303.53   -284.56   18.97  UF6
  UF6(g)         -304.68   -284.56   20.12  UF6
  UH3(beta)      -104.74    102.63  207.37  UH3
  UN              -64.39    -20.85   43.54  UN
  UN1.59(alpha)   -52.08    -12.20   39.89  UN1.59
  UN1.73(alpha)   -49.50    -21.13   28.37  UN1.73
  UO(g)          -149.71     70.31  220.02  UO
  UO2(am)          -4.45     -4.34    0.11  UO2
  UO2(AsO3)2      -57.04    -49.43    7.60  UO2(AsO3)2
  UO2(g)         -100.33     30.46  130.79  UO2
  UO2(NO3)2      -219.76   -207.30   12.47  UO2(NO3)2
  UO2(NO3)2:2H2O -212.55   -207.47    5.07  UO2(NO3)2:2H2O
  UO2(NO3)2:3H2O -211.31   -207.56    3.75  UO2(NO3)2:3H2O
  UO2(NO3)2:6H2O -210.00   -207.83    2.17  UO2(NO3)2:6H2O
  UO2(NO3)2:H2O  -216.23   -207.39    8.85  UO2(NO3)2:H2O
  UO2(OH)2(beta)  -14.78     -9.48    5.31  UO2(OH)2
  UO2(PO3)2       -50.76    -66.73  -15.98  UO2(PO3)2
  UO2.25           -2.74     -7.33   -4.60  UO2.25
  UO2.25(beta)     -2.81     -7.33   -4.52  UO2.25
  UO2.3333(beta)   -7.82    -35.24  -27.42  (UO2.3333)2
  UO2.6667        -17.91    -61.81  -43.91  (UO2.6667)2
  UO2Cl           -21.17    -21.57   -0.40  UO2Cl
  UO2Cl2          -44.68    -31.88   12.80  UO2Cl2
  UO2Cl2(g)       -82.23    -31.88   50.35  UO2Cl2
  UO2Cl2:3H2O     -38.04    -32.14    5.90  UO2Cl2:3H2O
  UO2Cl2:H2O      -40.74    -31.96    8.78  UO2Cl2:H2O
  UO2ClOH:2H2O    -23.37    -20.85    2.52  UO2ClOH:2H2O
  UO2CO3          -24.85    -28.86   -4.01  UO2CO3
  UO2F2           -94.08   -101.11   -7.04  UO2F2
  UO2F2(g)       -137.88   -101.11   36.77  UO2F2
  UO2F2:3H2O      -94.08   -101.38   -7.30  UO2F2:3H2O
  UO2FOH          -53.71    -55.29   -1.58  UO2FOH
  UO2FOH:2H2O     -52.95    -55.47   -2.53  UO2FOH:2H2O
  UO2FOH:H2O      -53.30    -55.38   -2.09  UO2FOH:H2O
  UO2HPO4         -25.43    -38.10  -12.68  UO2HPO4
  UO2HPO4:4H2O    -25.33    -38.46  -13.13  UO2HPO4:4H2O
  UO2SO3          -27.61    -43.65  -16.04  UO2SO3
  UO2SO4          -37.65    -35.19    2.46  UO2SO4
  UO2SO4:2.5H2O   -34.14    -35.41   -1.28  UO2SO4:2.5H2O
  UO2SO4:3.5H2O   -34.18    -35.50   -1.32  UO2SO4:3.5H2O
  UO2SO4:3H2O     -34.26    -35.46   -1.20  UO2SO4:3H2O
  UO2SO4:H2O      -29.46    -35.28   -5.82  UO2SO4:H2O
  UO3(alpha)      -18.58     -9.39    9.19  UO3
  UO3(beta)       -18.23     -9.39    8.85  UO3
  UO3(g)          -83.54     -9.39   74.15  UO3
  UO3(gamma)      -17.61     -9.39    8.22  UO3
  UO3:.9H2O(alpha) -14.84     -9.47    5.38  UO3:.9H2O
  UO3:2H2O        -14.72     -9.56    5.16  UO3:2H2O
  UOCl            -39.09    -28.04   11.06  UOCl
  UOCl2           -33.15    -26.83    6.32  UOCl2
  UOCl3           -57.28    -44.06   13.22  UOCl3
  UOF2            -78.18    -96.06  -17.89  UOF2
  UOF2:H2O        -77.64    -96.15  -18.51  UOF2:H2O
  UOF4           -198.33   -192.84    5.49  UOF4
  UOF4(g)        -219.03   -192.84   26.19  UOF4
  UOFOH           -41.77    -50.25   -8.47  UOFOH
  UOFOH:.5H2O     -41.32    -15.49   25.83  UOFOH:.5H2O
  UP             -128.91    113.94  242.85  UP
  UP2            -190.12    184.89  375.02  UP2
  UP2O7           -28.85    -61.68  -32.83  UP2O7
  UP2O7:20H2O     -34.81    -63.46  -28.64  UP2O7:20H2O
  UPO5            -19.18    -39.00  -19.82  UPO5
  Uraninite         0.00     -4.34   -4.34  UO2
  Uranocircite    -40.38    -59.76  -19.38  Ba(UO2)2(PO4)2
  Uranophane      -23.18     -5.90   17.28  Ca(UO2)2(SiO3)2(OH)2
  US              -55.72     -7.03   48.69  US
  US1.9           -24.42    -26.15   -1.73  US1.9
  US2             -22.97    -24.67   -1.71  US2
  US3             -22.92    -39.89  -16.97  US3
  Vivianite       -17.93    -22.66   -4.73  Fe3(PO4)2:8H2O
  Wairakite        -4.42     14.96   19.38  CaAl2Si4O10(OH)4
  Weeksite        -36.41    -21.04   15.37  K2(UO2)2(Si2O5)3:4H2O
  Whitlockite      10.62      7.04   -3.58  Ca3(PO4)2
  Witherite        -0.00     -3.12   -3.12  BaCO3
  Wollastonite      3.01     17.21   14.20  CaSiO3
  Wustite          -3.03     10.02   13.05  Fe.947O
  Xonotlite         8.40    103.19   94.79  Ca6Si6O17(OH)2
  Zoisite           0.12     46.13   46.01  Ca2Al3(SiO4)3OH

**For a gas, SI = log10(fugacity). Fugacity = pressure * phi / 1 atm.
  For ideal gases, phi = 1.

------------------
End of simulation.
------------------

------------------------------------
Reading input data for simulation 9.
------------------------------------

-------------------------------
End of Run after 1.064 Seconds.
-------------------------------

