   Input file: C:\INTERA\wqtoolkit\inverse_models\arap\model_ws\Arapahoe-01\template_temp\Arapahoe_01_template.txt
  Output file: C:\INTERA\wqtoolkit\inverse_models\arap\model_ws\Arapahoe-01\template_temp\Arapahoe_01_template.txt.out
Database file: C:\INTERA\wqtoolkit\inverse_models\arap\model_ws\Arapahoe-01\template_temp\llnl.dat

------------------
Reading data base.
------------------

	LLNL_AQUEOUS_MODEL_PARAMETERS
	NAMED_EXPRESSIONS
	SOLUTION_MASTER_SPECIES
	SOLUTION_SPECIES
	PHASES
	EXCHANGE_MASTER_SPECIES
	EXCHANGE_SPECIES
	SURFACE_MASTER_SPECIES
	SURFACE_SPECIES
	RATES
	END
------------------------------------
Reading input data for simulation 1.
------------------------------------

	TITLE Forward Model No. 1 Arapahoe
	KNOBS
		iterations 1000
	EQUILIBRIUM_PHASES 1
			Calcite	0.0 0.0
			Dolomite 0.0 0.0
			Gypsum 0.0 0.0	
			Strontianite 0.0 0.0 dissolve_only
			Witherite 0.0 0.0 dissolve_only
			CO2(g) 0.0 0.0
			CaX2 0.0 0.0 
			MgX2 0.0 0.0 
			KX 0.0 0.0 
			NaX 0.0 0.0 
			Quartz 0.0 0.0 dissolve_only
			Albite 0.0 0.0	dissolve_only
			Kaolinite 0.0 0.0 dissolve_only
			Muscovite 0.0 0.0
			Uraninite 0.0 0.0
			Arsenopyrite 0.0 0.0 dissolve_only
			Goethite 0.0 0.0
			Fe(OH)3 0.0 0.0 
			Siderite 0.0 0.0
			Mn(OH)3 0.0 0.0			
			Fluorapatite 0.0 0.0 
			Halite 0.0 0.0
			Illite 0.0 0.0
			Chromite 0.0 0.0	dissolve_only
	END
-----
TITLE
-----

 Forward Model No. 1 Arapahoe

------------------
End of simulation.
------------------

------------------------------------
Reading input data for simulation 2.
------------------------------------

	REACTION_TEMPERATURE 1
		25.4
	END
------------------
End of simulation.
------------------

------------------------------------
Reading input data for simulation 3.
------------------------------------

	Solution 1 # # USGS-392118104362301 Upstream WQ
	        units		mol/kgw
	        redox       pe
	        temp		30.1
	        pH		    8.3
	        O(0)        0.0
	        Na		    0.003062228
	        Ca		    5.81337E-05
	        Mg		    1.67867E-05
	        K           3.91321E-05
	        Alkalinity	0.002817521	as CaCO3
	        S(6)		0.000108263
	        Cl		    4.62623E-05
	        F		    8.57967E-05
	        Mn		    1.98405E-07
	        Ba          2.66517E-07
	        Sr          5.14723E-07
	        Fe          4.7093E-07
	        Al          7.41235E-08
	        Si          0.000150956 as SiO2
	        As          8.00837E-10
	        U           8.40234E-11
	        Cr          5.76967E-10
	        P           1.16227E-06    as P
		water 1
	SAVE Solution 1
	END
-------------------------------------------
Beginning of initial solution calculations.
-------------------------------------------

Initial solution 1.	

WARNING: Equivalent wt for alkalinity should be Ca.5(CO3).5. Using 50.0355 g/eq.
-----------------------------Solution composition------------------------------

	Elements           Molality       Moles

	Al                7.412e-08   7.412e-08
	Alkalinity        2.818e-03   2.818e-03
	As                8.008e-10   8.008e-10
	Ba                2.665e-07   2.665e-07
	Ca                5.813e-05   5.813e-05
	Cl                4.626e-05   4.626e-05
	Cr                5.770e-10   5.770e-10
	F                 8.580e-05   8.580e-05
	Fe                4.709e-07   4.709e-07
	K                 3.913e-05   3.913e-05
	Mg                1.679e-05   1.679e-05
	Mn                1.984e-07   1.984e-07
	Na                3.062e-03   3.062e-03
	P                 1.162e-06   1.162e-06
	S(6)              1.083e-04   1.083e-04
	Si                1.510e-04   1.510e-04
	Sr                5.147e-07   5.147e-07
	U                 8.402e-11   8.402e-11

----------------------------Description of solution----------------------------

                                       pH  =   8.300    
                                       pe  =   4.000    
                        Activity of water  =   1.000
                 Ionic strength (mol/kgw)  =   3.396e-03
                       Mass of water (kg)  =   1.000e+00
                    Total carbon (mol/kg)  =   2.799e-03
                       Total CO2 (mol/kg)  =   2.799e-03
                         Temperature (°C)  =  30.10
                  Electrical balance (eq)  =   8.775e-05
 Percent error, 100*(Cat-|An|)/(Cat+|An|)  =   1.38
                               Iterations  =  13
                                  Total H  = 1.110534e+02
                                  Total O  = 5.553444e+01

----------------------------Distribution of species----------------------------

                                               Log       Log       Log    mole V
   Species          Molality    Activity  Molality  Activity     Gamma   cm³/mol

   OH-             2.980e-06   2.794e-06    -5.526    -5.554    -0.028     (0)  
   H+              5.315e-09   5.012e-09    -8.274    -8.300    -0.026      0.00
   H2O             5.553e+01   9.999e-01     1.744    -0.000     0.000     18.10
Al            7.412e-08
   AlO2-           7.329e-08   6.874e-08    -7.135    -7.163    -0.028     (0)  
   HAlO2           7.903e-10   7.903e-10    -9.102    -9.102     0.000     (0)  
   NaAlO2          4.017e-11   4.017e-11   -10.396   -10.396     0.000     (0)  
   Al(OH)2+        2.119e-12   1.987e-12   -11.674   -11.702    -0.028     (0)  
   AlF2+           2.695e-14   2.528e-14   -13.569   -13.597    -0.028     (0)  
   AlF3            2.557e-14   2.557e-14   -13.592   -13.592     0.000     (0)  
   AlOH+2          3.982e-15   3.086e-15   -14.400   -14.511    -0.111     (0)  
   AlF+2           1.019e-15   7.901e-16   -14.992   -15.102    -0.111     (0)  
   AlF4-           5.503e-16   5.161e-16   -15.259   -15.287    -0.028     (0)  
   AlHPO4+         2.099e-17   1.969e-17   -16.678   -16.706    -0.028     (0)  
   Al+3            1.673e-18   9.832e-19   -17.777   -18.007    -0.231     (0)  
   AlSO4+          8.771e-20   8.227e-20   -19.057   -19.085    -0.028     (0)  
   Al(SO4)2-       5.567e-22   5.222e-22   -21.254   -21.282    -0.028     (0)  
   Al2(OH)2+4      2.140e-27   7.851e-28   -26.670   -27.105    -0.435     (0)  
   AlH2PO4+2       6.381e-30   4.946e-30   -29.195   -29.306    -0.111     (0)  
   Al3(OH)4+5      9.376e-35   1.983e-35   -34.028   -34.703    -0.675     (0)  
   Al13O4(OH)24+7   0.000e+00   0.000e+00   -65.905   -67.227    -1.322     (0)  
As(-3)        0.000e+00
   AsH3            0.000e+00   0.000e+00  -135.363  -135.363     0.000     (0)  
As(3)         0.000e+00
   HAsO2           0.000e+00   0.000e+00   -56.755   -56.755     0.000     (0)  
   As(OH)3         0.000e+00   0.000e+00   -56.814   -56.814     0.000     (0)  
   H2AsO3-         0.000e+00   0.000e+00   -57.619   -57.647    -0.028     (0)  
   AsO2-           0.000e+00   0.000e+00   -57.648   -57.676    -0.028     (0)  
   AsO2OH-2        0.000e+00   0.000e+00   -60.170   -60.282    -0.112     (0)  
As(5)         8.008e-10
   AsO3F-2         7.984e-10   6.174e-10    -9.098    -9.209    -0.112     (0)  
   HAsO3F-         2.449e-12   2.297e-12   -11.611   -11.639    -0.028     (0)  
   HAsO4-2         0.000e+00   0.000e+00   -43.721   -43.832    -0.112     (0)  
   H2AsO4-         0.000e+00   0.000e+00   -45.332   -45.360    -0.028     (0)  
   AsO4-3          0.000e+00   0.000e+00   -46.820   -47.072    -0.251     (0)  
   H3AsO4          0.000e+00   0.000e+00   -51.392   -51.392     0.000     (0)  
Ba            2.665e-07
   Ba+2            2.637e-07   2.048e-07    -6.579    -6.689    -0.110     (0)  
   BaCO3           2.811e-09   2.811e-09    -8.551    -8.551     0.000     (0)  
   BaF+            1.291e-11   1.211e-11   -10.889   -10.917    -0.028     (0)  
   BaCl+           3.441e-12   3.227e-12   -11.463   -11.491    -0.028     (0)  
   BaOH+           1.476e-12   1.385e-12   -11.831   -11.859    -0.028     (0)  
C(4)          2.799e-03
   HCO3-           2.725e-03   2.556e-03    -2.565    -2.593    -0.028     (0)  
   CO3-2           3.207e-05   2.486e-05    -4.494    -4.605    -0.111     (0)  
   CO2             2.799e-05   2.802e-05    -4.553    -4.553     0.000     (0)  
   NaHCO3          9.516e-06   9.516e-06    -5.022    -5.022     0.000     (0)  
   CaCO3           2.699e-06   2.699e-06    -5.569    -5.569     0.000     (0)  
   CaHCO3+         1.369e-06   1.284e-06    -5.863    -5.891    -0.028     (0)  
   MgHCO3+         3.987e-07   3.740e-07    -6.399    -6.427    -0.028     (0)  
   MgCO3           3.479e-07   3.479e-07    -6.459    -6.459     0.000     (0)  
   NaCO3-          2.298e-07   2.155e-07    -6.639    -6.667    -0.028     (0)  
   MnCO3           7.383e-08   7.383e-08    -7.132    -7.132     0.000     (0)  
   SrCO3           8.912e-09   8.912e-09    -8.050    -8.050     0.000     (0)  
   BaCO3           2.811e-09   2.811e-09    -8.551    -8.551     0.000     (0)  
   MnHCO3+         1.934e-09   1.814e-09    -8.714    -8.741    -0.028     (0)  
   FeHCO3+         7.110e-11   6.669e-11   -10.148   -10.176    -0.028     (0)  
   FeCO3           6.386e-11   6.386e-11   -10.195   -10.195     0.000     (0)  
   UO2(CO3)3-4     5.174e-11   1.848e-11   -10.286   -10.733    -0.447     (0)  
   UO2(CO3)2-2     3.138e-11   2.426e-11   -10.503   -10.615    -0.112     (0)  
   UO2CO3          4.564e-14   4.564e-14   -13.341   -13.341     0.000     (0)  
   FeCO3+          5.574e-15   5.228e-15   -14.254   -14.282    -0.028     (0)  
   (UO2)2CO3(OH)3-   3.194e-18   2.996e-18   -17.496   -17.523    -0.028     (0)  
   UO2(CO3)3-5     1.837e-27   3.677e-28   -26.736   -27.435    -0.699     (0)  
   (UO2)3(CO3)6-6   9.338e-29   9.206e-30   -28.030   -29.036    -1.006     (0)  
   U(CO3)4-4       1.293e-34   4.617e-35   -33.889   -34.336    -0.447     (0)  
   (UO2)3(OH)5CO2+   4.506e-35   4.227e-35   -34.346   -34.374    -0.028     (0)  
   (UO2)3O(OH)2(HCO3)+   3.634e-35   3.408e-35   -34.440   -34.467    -0.028     (0)  
   U(CO3)5-6       1.282e-39   1.263e-40   -38.892   -39.898    -1.006     (0)  
   (UO2)11(CO3)6(OH)12-2   0.000e+00   0.000e+00   -94.772   -94.884    -0.112     (0)  
Ca            5.813e-05
   Ca+2            5.350e-05   4.173e-05    -4.272    -4.380    -0.108     (0)  
   CaCO3           2.699e-06   2.699e-06    -5.569    -5.569     0.000     (0)  
   CaHCO3+         1.369e-06   1.284e-06    -5.863    -5.891    -0.028     (0)  
   CaSO4           5.211e-07   5.211e-07    -6.283    -6.283     0.000     (0)  
   CaF+            1.900e-08   1.782e-08    -7.721    -7.749    -0.028     (0)  
   CaHPO4          1.828e-08   1.828e-08    -7.738    -7.738     0.000     (0)  
   CaPO4-          9.730e-09   9.126e-09    -8.012    -8.040    -0.028     (0)  
   CaOH+           1.254e-09   1.176e-09    -8.902    -8.930    -0.028     (0)  
   CaCl+           4.166e-10   3.907e-10    -9.380    -9.408    -0.028     (0)  
   CaP2O7-2        3.882e-14   3.002e-14   -13.411   -13.523    -0.112     (0)  
   CaCl2           1.897e-14   1.897e-14   -13.722   -13.722     0.000     (0)  
   CaH2PO4+        4.466e-18   4.189e-18   -17.350   -17.378    -0.028     (0)  
Cl(-1)        4.626e-05
   Cl-             4.624e-05   4.332e-05    -4.335    -4.363    -0.028     (0)  
   NaCl            2.263e-08   2.263e-08    -7.645    -7.645     0.000     (0)  
   MgCl+           4.463e-10   4.186e-10    -9.350    -9.378    -0.028     (0)  
   CaCl+           4.166e-10   3.907e-10    -9.380    -9.408    -0.028     (0)  
   KCl             5.888e-11   5.888e-11   -10.230   -10.230     0.000     (0)  
   SrCl+           1.126e-11   1.057e-11   -10.948   -10.976    -0.028     (0)  
   MnCl+           1.044e-11   9.792e-12   -10.981   -11.009    -0.028     (0)  
   BaCl+           3.441e-12   3.227e-12   -11.463   -11.491    -0.028     (0)  
   HCl             4.889e-14   4.889e-14   -13.311   -13.311     0.000     (0)  
   CaCl2           1.897e-14   1.897e-14   -13.722   -13.722     0.000     (0)  
   FeCl+           1.717e-15   1.610e-15   -14.765   -14.793    -0.028     (0)  
   MnCl3-          3.758e-21   3.525e-21   -20.425   -20.453    -0.028     (0)  
   CrCl+2          9.195e-22   7.126e-22   -21.036   -21.147    -0.111     (0)  
   FeCl2           3.851e-22   3.851e-22   -21.414   -21.414     0.000     (0)  
   UO2Cl+          2.565e-23   2.406e-23   -22.591   -22.619    -0.028     (0)  
   CrO3Cl-         6.579e-24   6.171e-24   -23.182   -23.210    -0.028     (0)  
   FeCl+2          6.693e-25   5.188e-25   -24.174   -24.285    -0.111     (0)  
   CrCl2+          9.676e-26   9.075e-26   -25.014   -25.042    -0.028     (0)  
   FeCl2+          1.502e-26   1.409e-26   -25.823   -25.851    -0.028     (0)  
   UO2Cl2          5.563e-29   5.563e-29   -28.255   -28.255     0.000     (0)  
   FeCl4-2         2.779e-30   2.149e-30   -29.556   -29.668    -0.112     (0)  
   FeCl4-          3.390e-38   3.180e-38   -37.470   -37.498    -0.028     (0)  
   UCl+3           0.000e+00   0.000e+00   -53.364   -53.611    -0.247     (0)  
Cl(1)         1.340e-37
   ClO-            1.141e-37   1.070e-37   -36.943   -36.971    -0.028     (0)  
   HClO            1.989e-38   1.989e-38   -37.701   -37.701     0.000     (0)  
Cl(3)         0.000e+00
   ClO2-           0.000e+00   0.000e+00   -62.498   -62.525    -0.028     (0)  
   HClO2           0.000e+00   0.000e+00   -67.656   -67.656     0.000     (0)  
Cl(5)         0.000e+00
   ClO3-           0.000e+00   0.000e+00   -74.432   -74.460    -0.028     (0)  
   UO2ClO3+        0.000e+00   0.000e+00   -92.390   -92.418    -0.028     (0)  
Cl(7)         0.000e+00
   ClO4-           0.000e+00   0.000e+00   -90.632   -90.660    -0.028     (0)  
Cr(2)         1.971e-29
   Cr+2            1.971e-29   1.527e-29   -28.705   -28.816    -0.111     (0)  
Cr(3)         3.966e-10
   Cr(OH)2+        1.963e-10   1.841e-10    -9.707    -9.735    -0.028     (0)  
   Cr(OH)3         1.841e-10   1.841e-10    -9.735    -9.735     0.000     (0)  
   Cr(OH)4-        1.559e-11   1.462e-11   -10.807   -10.835    -0.028     (0)  
   CrOH+2          5.968e-13   4.625e-13   -12.224   -12.335    -0.111     (0)  
   Cr+3            3.945e-17   2.318e-17   -16.404   -16.635    -0.231     (0)  
   CrCl+2          9.195e-22   7.126e-22   -21.036   -21.147    -0.111     (0)  
   Cr2(OH)2+4      5.078e-22   1.863e-22   -21.294   -21.730    -0.435     (0)  
   Cr3(OH)4+5      6.606e-25   1.397e-25   -24.180   -24.855    -0.675     (0)  
   CrCl2+          9.676e-26   9.075e-26   -25.014   -25.042    -0.028     (0)  
Cr(5)         5.777e-13
   CrO4-3          5.777e-13   3.238e-13   -12.238   -12.490    -0.251     (0)  
Cr(6)         1.798e-10
   CrO4-2          1.773e-10   1.371e-10    -9.751    -9.863    -0.112     (0)  
   HCrO4-          2.501e-12   2.346e-12   -11.602   -11.630    -0.028     (0)  
   H2CrO4          7.026e-22   7.026e-22   -21.153   -21.153     0.000     (0)  
   Cr2O7-2         2.075e-22   1.605e-22   -21.683   -21.795    -0.112     (0)  
   CrO3Cl-         6.579e-24   6.171e-24   -23.182   -23.210    -0.028     (0)  
F             8.580e-05
   F-              8.572e-05   8.036e-05    -4.067    -4.095    -0.028     (0)  
   MgF+            2.609e-08   2.447e-08    -7.584    -7.611    -0.028     (0)  
   NaF             2.591e-08   2.591e-08    -7.586    -7.586     0.000     (0)  
   CaF+            1.900e-08   1.782e-08    -7.721    -7.749    -0.028     (0)  
   AsO3F-2         7.984e-10   6.174e-10    -9.098    -9.209    -0.112     (0)  
   HF              6.825e-10   6.825e-10    -9.166    -9.166     0.000     (0)  
   MnF+            2.150e-10   2.016e-10    -9.668    -9.695    -0.028     (0)  
   SrF+            5.043e-11   4.731e-11   -10.297   -10.325    -0.028     (0)  
   BaF+            1.291e-11   1.211e-11   -10.889   -10.917    -0.028     (0)  
   PO3F-2          6.571e-12   5.081e-12   -11.182   -11.294    -0.112     (0)  
   HAsO3F-         2.449e-12   2.297e-12   -11.611   -11.639    -0.028     (0)  
   FeF+            9.759e-14   9.153e-14   -13.011   -13.038    -0.028     (0)  
   AlF2+           2.695e-14   2.528e-14   -13.569   -13.597    -0.028     (0)  
   AlF3            2.557e-14   2.557e-14   -13.592   -13.592     0.000     (0)  
   HF2-            1.483e-14   1.391e-14   -13.829   -13.857    -0.028     (0)  
   AlF+2           1.019e-15   7.901e-16   -14.992   -15.102    -0.111     (0)  
   AlF4-           5.503e-16   5.161e-16   -15.259   -15.287    -0.028     (0)  
   HPO3F-          3.414e-16   3.202e-16   -15.467   -15.495    -0.028     (0)  
   UO2F+           3.611e-18   3.387e-18   -17.442   -17.470    -0.028     (0)  
   H2F2            9.508e-19   9.508e-19   -18.022   -18.022     0.000     (0)  
   UO2F2           8.163e-19   8.163e-19   -18.088   -18.088     0.000     (0)  
   FeF2+           1.108e-19   1.039e-19   -18.956   -18.983    -0.028     (0)  
   FeF+2           9.608e-20   7.447e-20   -19.017   -19.128    -0.111     (0)  
   UO2F3-          1.303e-20   1.223e-20   -19.885   -19.913    -0.028     (0)  
   H2PO3F          1.027e-23   1.027e-23   -22.989   -22.989     0.000     (0)  
   UO2F4-2         7.522e-24   5.816e-24   -23.124   -23.235    -0.112     (0)  
   SiF6-2          4.930e-36   3.812e-36   -35.307   -35.419    -0.112     (0)  
   UF3+            0.000e+00   0.000e+00   -41.622   -41.650    -0.028     (0)  
   UF4             0.000e+00   0.000e+00   -41.819   -41.819     0.000     (0)  
   UF2+2           0.000e+00   0.000e+00   -42.810   -42.920    -0.111     (0)  
   UF5-            0.000e+00   0.000e+00   -44.548   -44.576    -0.028     (0)  
   UF+3            0.000e+00   0.000e+00   -45.513   -45.760    -0.247     (0)  
   UF6-2           0.000e+00   0.000e+00   -46.529   -46.641    -0.112     (0)  
Fe(2)         2.033e-10
   FeHCO3+         7.110e-11   6.669e-11   -10.148   -10.176    -0.028     (0)  
   FeCO3           6.386e-11   6.386e-11   -10.195   -10.195     0.000     (0)  
   Fe+2            6.373e-11   4.972e-11   -10.196   -10.303    -0.108     (0)  
   FeOH+           3.344e-12   3.137e-12   -11.476   -11.504    -0.028     (0)  
   FeSO4           6.444e-13   6.444e-13   -12.191   -12.191     0.000     (0)  
   FePO4-          3.421e-13   3.209e-13   -12.466   -12.494    -0.028     (0)  
   FeHPO4          1.578e-13   1.578e-13   -12.802   -12.802     0.000     (0)  
   FeF+            9.759e-14   9.153e-14   -13.011   -13.038    -0.028     (0)  
   Fe(OH)2         4.971e-15   4.971e-15   -14.304   -14.304     0.000     (0)  
   FeCl+           1.717e-15   1.610e-15   -14.765   -14.793    -0.028     (0)  
   Fe(OH)3-        4.209e-17   3.948e-17   -16.376   -16.404    -0.028     (0)  
   FeCl2           3.851e-22   3.851e-22   -21.414   -21.414     0.000     (0)  
   FeH2PO4+        1.062e-22   9.957e-23   -21.974   -22.002    -0.028     (0)  
   Fe(OH)4-2       1.019e-23   7.877e-24   -22.992   -23.104    -0.112     (0)  
   FeCl4-2         2.779e-30   2.149e-30   -29.556   -29.668    -0.112     (0)  
Fe(3)         4.707e-07
   Fe(OH)3         4.421e-07   4.421e-07    -6.355    -6.355     0.000     (0)  
   Fe(OH)4-        2.362e-08   2.215e-08    -7.627    -7.655    -0.028     (0)  
   Fe(OH)2+        5.051e-09   4.737e-09    -8.297    -8.324    -0.028     (0)  
   FeOH+2          9.252e-14   7.171e-14   -13.034   -13.144    -0.111     (0)  
   FeCO3+          5.574e-15   5.228e-15   -14.254   -14.282    -0.028     (0)  
   FeHPO4+         7.162e-16   6.718e-16   -15.145   -15.173    -0.028     (0)  
   FeF2+           1.108e-19   1.039e-19   -18.956   -18.983    -0.028     (0)  
   FeF+2           9.608e-20   7.447e-20   -19.017   -19.128    -0.111     (0)  
   Fe+3            9.472e-20   5.567e-20   -19.024   -19.254    -0.231     (0)  
   FeSO4+          5.723e-22   5.368e-22   -21.242   -21.270    -0.028     (0)  
   FeCl+2          6.693e-25   5.188e-25   -24.174   -24.285    -0.111     (0)  
   Fe(SO4)2-       6.492e-25   6.089e-25   -24.188   -24.215    -0.028     (0)  
   Fe2(OH)2+4      3.772e-25   1.384e-25   -24.423   -24.859    -0.435     (0)  
   FeCl2+          1.502e-26   1.409e-26   -25.823   -25.851    -0.028     (0)  
   FeH2PO4+2       4.245e-30   3.290e-30   -29.372   -29.483    -0.111     (0)  
   Fe3(OH)4+5      6.476e-31   1.370e-31   -30.189   -30.863    -0.675     (0)  
   FeCl4-          3.390e-38   3.180e-38   -37.470   -37.498    -0.028     (0)  
H(0)          5.066e-28
   H2              2.533e-28   2.535e-28   -27.596   -27.596     0.000     (0)  
K             3.913e-05
   K+              3.911e-05   3.664e-05    -4.408    -4.436    -0.028     (0)  
   KSO4-           2.642e-08   2.478e-08    -7.578    -7.606    -0.028     (0)  
   KHPO4-          1.876e-10   1.760e-10    -9.727    -9.754    -0.028     (0)  
   KCl             5.888e-11   5.888e-11   -10.230   -10.230     0.000     (0)  
   KOH             2.534e-11   2.534e-11   -10.596   -10.596     0.000     (0)  
   KHSO4           1.322e-16   1.322e-16   -15.879   -15.879     0.000     (0)  
   KP2O7-3         2.270e-18   1.272e-18   -17.644   -17.896    -0.251     (0)  
Mg            1.679e-05
   Mg+2            1.569e-05   1.234e-05    -4.804    -4.909    -0.104     (0)  
   MgHCO3+         3.987e-07   3.740e-07    -6.399    -6.427    -0.028     (0)  
   MgCO3           3.479e-07   3.479e-07    -6.459    -6.459     0.000     (0)  
   MgSO4           3.083e-07   3.083e-07    -6.511    -6.511     0.000     (0)  
   MgF+            2.609e-08   2.447e-08    -7.584    -7.611    -0.028     (0)  
   MgHPO4          8.000e-09   8.000e-09    -8.097    -8.097     0.000     (0)  
   MgPO4-          3.873e-09   3.633e-09    -8.412    -8.440    -0.028     (0)  
   MgCl+           4.463e-10   4.186e-10    -9.350    -9.378    -0.028     (0)  
   MgP2O7-2        4.441e-14   3.434e-14   -13.353   -13.464    -0.112     (0)  
   MgH2PO4+        2.404e-18   2.255e-18   -17.619   -17.647    -0.028     (0)  
   Mg4(OH)4+4      1.783e-26   6.543e-27   -25.749   -26.184    -0.435     (0)  
Mn(2)         1.984e-07
   Mn+2            1.195e-07   9.322e-08    -6.923    -7.030    -0.108     (0)  
   MnCO3           7.383e-08   7.383e-08    -7.132    -7.132     0.000     (0)  
   MnSO4           2.016e-09   2.016e-09    -8.696    -8.696     0.000     (0)  
   MnHCO3+         1.934e-09   1.814e-09    -8.714    -8.741    -0.028     (0)  
   MnOH+           5.097e-10   4.781e-10    -9.293    -9.321    -0.028     (0)  
   MnHPO4          2.826e-10   2.826e-10    -9.549    -9.549     0.000     (0)  
   MnF+            2.150e-10   2.016e-10    -9.668    -9.695    -0.028     (0)  
   MnPO4-          1.167e-10   1.095e-10    -9.933    -9.961    -0.028     (0)  
   MnCl+           1.044e-11   9.792e-12   -10.981   -11.009    -0.028     (0)  
   Mn(OH)2         2.341e-13   2.341e-13   -12.631   -12.631     0.000     (0)  
   MnH2PO4+        1.427e-13   1.338e-13   -12.846   -12.873    -0.028     (0)  
   Mn2(OH)3+       9.262e-14   8.688e-14   -13.033   -13.061    -0.028     (0)  
   Mn2OH+3         8.434e-17   4.775e-17   -16.074   -16.321    -0.247     (0)  
   Mn(OH)3-        4.671e-17   4.381e-17   -16.331   -16.358    -0.028     (0)  
   MnCl3-          3.758e-21   3.525e-21   -20.425   -20.453    -0.028     (0)  
   Mn(OH)4-2       9.572e-23   7.402e-23   -22.019   -22.131    -0.112     (0)  
Mn(3)         6.386e-29
   Mn+3            6.386e-29   3.616e-29   -28.195   -28.442    -0.247     (0)  
Mn(6)         0.000e+00
   MnO4-2          0.000e+00   0.000e+00   -41.110   -41.222    -0.112     (0)  
Mn(7)         0.000e+00
   MnO4-           0.000e+00   0.000e+00   -46.273   -46.301    -0.028     (0)  
Na            3.062e-03
   Na+             3.050e-03   2.861e-03    -2.516    -2.543    -0.028     (0)  
   NaHCO3          9.516e-06   9.516e-06    -5.022    -5.022     0.000     (0)  
   NaSO4-          1.648e-06   1.546e-06    -5.783    -5.811    -0.028     (0)  
   NaHSiO3         4.852e-07   4.852e-07    -6.314    -6.314     0.000     (0)  
   NaCO3-          2.298e-07   2.155e-07    -6.639    -6.667    -0.028     (0)  
   NaF             2.591e-08   2.591e-08    -7.586    -7.586     0.000     (0)  
   NaCl            2.263e-08   2.263e-08    -7.645    -7.645     0.000     (0)  
   NaHPO4-         2.023e-08   1.897e-08    -7.694    -7.722    -0.028     (0)  
   NaOH            1.368e-09   1.368e-09    -8.864    -8.864     0.000     (0)  
   NaAlO2          4.017e-11   4.017e-11   -10.396   -10.396     0.000     (0)  
   NaP2O7-3        1.135e-16   6.360e-17   -15.945   -16.197    -0.251     (0)  
   NaHP2O7-2       8.341e-17   6.450e-17   -16.079   -16.190    -0.112     (0)  
   Na2P2O7-2       1.869e-17   1.445e-17   -16.728   -16.840    -0.112     (0)  
O(0)          8.402e-36
   O2              4.201e-36   4.204e-36   -35.377   -35.376     0.000     (0)  
P(-3)         0.000e+00
   PH4+            0.000e+00   0.000e+00  -172.959  -172.987    -0.028     (0)  
P(5)          1.162e-06
   HPO4-2          1.031e-06   7.972e-07    -5.987    -6.098    -0.112     (0)  
   H2PO4-          7.037e-08   6.600e-08    -7.153    -7.180    -0.028     (0)  
   NaHPO4-         2.023e-08   1.897e-08    -7.694    -7.722    -0.028     (0)  
   CaHPO4          1.828e-08   1.828e-08    -7.738    -7.738     0.000     (0)  
   CaPO4-          9.730e-09   9.126e-09    -8.012    -8.040    -0.028     (0)  
   MgHPO4          8.000e-09   8.000e-09    -8.097    -8.097     0.000     (0)  
   MgPO4-          3.873e-09   3.633e-09    -8.412    -8.440    -0.028     (0)  
   MnHPO4          2.826e-10   2.826e-10    -9.549    -9.549     0.000     (0)  
   KHPO4-          1.876e-10   1.760e-10    -9.727    -9.754    -0.028     (0)  
   PO4-3           1.409e-10   7.899e-11    -9.851   -10.102    -0.251     (0)  
   MnPO4-          1.167e-10   1.095e-10    -9.933    -9.961    -0.028     (0)  
   SrHPO4          3.551e-11   3.551e-11   -10.450   -10.450     0.000     (0)  
   PO3F-2          6.571e-12   5.081e-12   -11.182   -11.294    -0.112     (0)  
   FePO4-          3.421e-13   3.209e-13   -12.466   -12.494    -0.028     (0)  
   FeHPO4          1.578e-13   1.578e-13   -12.802   -12.802     0.000     (0)  
   MnH2PO4+        1.427e-13   1.338e-13   -12.846   -12.873    -0.028     (0)  
   H3PO4           5.406e-14   5.406e-14   -13.267   -13.267     0.000     (0)  
   MgP2O7-2        4.441e-14   3.434e-14   -13.353   -13.464    -0.112     (0)  
   CaP2O7-2        3.882e-14   3.002e-14   -13.411   -13.523    -0.112     (0)  
   UO2PO4-         7.165e-15   6.721e-15   -14.145   -14.173    -0.028     (0)  
   HP2O7-3         2.161e-15   1.211e-15   -14.665   -14.917    -0.251     (0)  
   FeHPO4+         7.162e-16   6.718e-16   -15.145   -15.173    -0.028     (0)  
   P2O7-4          4.200e-16   1.500e-16   -15.377   -15.824    -0.447     (0)  
   HPO3F-          3.414e-16   3.202e-16   -15.467   -15.495    -0.028     (0)  
   NaP2O7-3        1.135e-16   6.360e-17   -15.945   -16.197    -0.251     (0)  
   NaHP2O7-2       8.341e-17   6.450e-17   -16.079   -16.190    -0.112     (0)  
   UO2HPO4         7.717e-17   7.717e-17   -16.113   -16.113     0.000     (0)  
   H2P2O7-2        3.145e-17   2.432e-17   -16.502   -16.614    -0.112     (0)  
   AlHPO4+         2.099e-17   1.969e-17   -16.678   -16.706    -0.028     (0)  
   Na2P2O7-2       1.869e-17   1.445e-17   -16.728   -16.840    -0.112     (0)  
   SrP2O7-2        1.437e-17   1.111e-17   -16.843   -16.954    -0.112     (0)  
   CaH2PO4+        4.466e-18   4.189e-18   -17.350   -17.378    -0.028     (0)  
   MgH2PO4+        2.404e-18   2.255e-18   -17.619   -17.647    -0.028     (0)  
   KP2O7-3         2.270e-18   1.272e-18   -17.644   -17.896    -0.251     (0)  
   SrH2PO4+        8.874e-21   8.324e-21   -20.052   -20.080    -0.028     (0)  
   UO2H2PO4+       7.036e-22   6.600e-22   -21.153   -21.180    -0.028     (0)  
   FeH2PO4+        1.062e-22   9.957e-23   -21.974   -22.002    -0.028     (0)  
   H3P2O7-         3.034e-23   2.846e-23   -22.518   -22.546    -0.028     (0)  
   H2PO3F          1.027e-23   1.027e-23   -22.989   -22.989     0.000     (0)  
   UO2(H2PO4)2     3.111e-26   3.111e-26   -25.507   -25.507     0.000     (0)  
   AlH2PO4+2       6.381e-30   4.946e-30   -29.195   -29.306    -0.111     (0)  
   H4P2O7          4.367e-30   4.367e-30   -29.360   -29.360     0.000     (0)  
   FeH2PO4+2       4.245e-30   3.290e-30   -29.372   -29.483    -0.111     (0)  
   UO2H3PO4+2      1.863e-30   1.444e-30   -29.730   -29.840    -0.111     (0)  
   UO2(H2PO4)(H3PO4)+   1.701e-33   1.596e-33   -32.769   -32.797    -0.028     (0)  
S(6)          1.083e-04
   SO4-2           1.058e-04   8.177e-05    -3.976    -4.087    -0.112     (0)  
   NaSO4-          1.648e-06   1.546e-06    -5.783    -5.811    -0.028     (0)  
   CaSO4           5.211e-07   5.211e-07    -6.283    -6.283     0.000     (0)  
   MgSO4           3.083e-07   3.083e-07    -6.511    -6.511     0.000     (0)  
   KSO4-           2.642e-08   2.478e-08    -7.578    -7.606    -0.028     (0)  
   SrSO4           6.329e-09   6.329e-09    -8.199    -8.199     0.000     (0)  
   MnSO4           2.016e-09   2.016e-09    -8.696    -8.696     0.000     (0)  
   HSO4-           5.102e-11   4.785e-11   -10.292   -10.320    -0.028     (0)  
   FeSO4           6.444e-13   6.444e-13   -12.191   -12.191     0.000     (0)  
   KHSO4           1.322e-16   1.322e-16   -15.879   -15.879     0.000     (0)  
   AlSO4+          8.771e-20   8.227e-20   -19.057   -19.085    -0.028     (0)  
   UO2SO4          4.002e-20   4.002e-20   -19.398   -19.398     0.000     (0)  
   FeSO4+          5.723e-22   5.368e-22   -21.242   -21.270    -0.028     (0)  
   Al(SO4)2-       5.567e-22   5.222e-22   -21.254   -21.282    -0.028     (0)  
   H2SO4           1.958e-22   1.958e-22   -21.708   -21.708     0.000     (0)  
   UO2(SO4)2-2     4.241e-23   3.280e-23   -22.373   -22.484    -0.112     (0)  
   Fe(SO4)2-       6.492e-25   6.089e-25   -24.188   -24.215    -0.028     (0)  
   USO4+2          0.000e+00   0.000e+00   -48.325   -48.436    -0.111     (0)  
   U(SO4)2         0.000e+00   0.000e+00   -48.613   -48.613     0.000     (0)  
Si            1.510e-04
   SiO2            1.463e-04   1.463e-04    -3.835    -3.835     0.000     (0)  
   HSiO3-          4.219e-06   3.957e-06    -5.375    -5.403    -0.028     (0)  
   NaHSiO3         4.852e-07   4.852e-07    -6.314    -6.314     0.000     (0)  
   H2SiO4-2        8.254e-11   6.383e-11   -10.083   -10.195    -0.112     (0)  
   H6(H2SiO4)4-2   5.391e-13   4.169e-13   -12.268   -12.380    -0.112     (0)  
   H4(H2SiO4)4-4   2.329e-18   8.318e-19   -17.633   -18.080    -0.447     (0)  
   SiF6-2          4.930e-36   3.812e-36   -35.307   -35.419    -0.112     (0)  
Sr            5.147e-07
   Sr+2            4.994e-07   3.879e-07    -6.302    -6.411    -0.110     (0)  
   SrCO3           8.912e-09   8.912e-09    -8.050    -8.050     0.000     (0)  
   SrSO4           6.329e-09   6.329e-09    -8.199    -8.199     0.000     (0)  
   SrF+            5.043e-11   4.731e-11   -10.297   -10.325    -0.028     (0)  
   SrHPO4          3.551e-11   3.551e-11   -10.450   -10.450     0.000     (0)  
   SrCl+           1.126e-11   1.057e-11   -10.948   -10.976    -0.028     (0)  
   SrOH+           4.231e-12   3.969e-12   -11.374   -11.401    -0.028     (0)  
   SrP2O7-2        1.437e-17   1.111e-17   -16.843   -16.954    -0.112     (0)  
   SrH2PO4+        8.874e-21   8.324e-21   -20.052   -20.080    -0.028     (0)  
U(3)          0.000e+00
   U+3             0.000e+00   0.000e+00   -63.657   -63.904    -0.247     (0)  
U(4)          9.572e-23
   U(OH)4          9.572e-23   9.572e-23   -22.019   -22.019     0.000     (0)  
   U(CO3)4-4       1.293e-34   4.617e-35   -33.889   -34.336    -0.447     (0)  
   U(CO3)5-6       1.282e-39   1.263e-40   -38.892   -39.898    -1.006     (0)  
   UF3+            0.000e+00   0.000e+00   -41.622   -41.650    -0.028     (0)  
   UF4             0.000e+00   0.000e+00   -41.819   -41.819     0.000     (0)  
   UOH+3           0.000e+00   0.000e+00   -42.773   -43.020    -0.247     (0)  
   UF2+2           0.000e+00   0.000e+00   -42.810   -42.920    -0.111     (0)  
   UF5-            0.000e+00   0.000e+00   -44.548   -44.576    -0.028     (0)  
   UF+3            0.000e+00   0.000e+00   -45.513   -45.760    -0.247     (0)  
   UF6-2           0.000e+00   0.000e+00   -46.529   -46.641    -0.112     (0)  
   USO4+2          0.000e+00   0.000e+00   -48.325   -48.436    -0.111     (0)  
   U(SO4)2         0.000e+00   0.000e+00   -48.613   -48.613     0.000     (0)  
   U+4             0.000e+00   0.000e+00   -50.477   -50.912    -0.435     (0)  
   UCl+3           0.000e+00   0.000e+00   -53.364   -53.611    -0.247     (0)  
U(5)          1.244e-21
   UO2+            1.244e-21   1.167e-21   -20.905   -20.933    -0.028     (0)  
   UO2(CO3)3-5     1.837e-27   3.677e-28   -26.736   -27.435    -0.699     (0)  
U(6)          8.402e-11
   UO2(CO3)3-4     5.174e-11   1.848e-11   -10.286   -10.733    -0.447     (0)  
   UO2(CO3)2-2     3.138e-11   2.426e-11   -10.503   -10.615    -0.112     (0)  
   UO2(OH)2        6.782e-13   6.782e-13   -12.169   -12.169     0.000     (0)  
   UO2(OH)3-       1.786e-13   1.675e-13   -12.748   -12.776    -0.028     (0)  
   UO2CO3          4.564e-14   4.564e-14   -13.341   -13.341     0.000     (0)  
   UO2PO4-         7.165e-15   6.721e-15   -14.145   -14.173    -0.028     (0)  
   UO2OH+          6.205e-16   5.820e-16   -15.207   -15.235    -0.028     (0)  
   UO2HPO4         7.717e-17   7.717e-17   -16.113   -16.113     0.000     (0)  
   UO2F+           3.611e-18   3.387e-18   -17.442   -17.470    -0.028     (0)  
   (UO2)2CO3(OH)3-   3.194e-18   2.996e-18   -17.496   -17.523    -0.028     (0)  
   UO2F2           8.163e-19   8.163e-19   -18.088   -18.088     0.000     (0)  
   UO2(OH)4-2      6.736e-19   5.209e-19   -18.172   -18.283    -0.112     (0)  
   UO2+2           4.536e-19   3.516e-19   -18.343   -18.454    -0.111     (0)  
   UO2SO4          4.002e-20   4.002e-20   -19.398   -19.398     0.000     (0)  
   UO2F3-          1.303e-20   1.223e-20   -19.885   -19.913    -0.028     (0)  
   UO2H2PO4+       7.036e-22   6.600e-22   -21.153   -21.180    -0.028     (0)  
   UO2(SO4)2-2     4.241e-23   3.280e-23   -22.373   -22.484    -0.112     (0)  
   UO2Cl+          2.565e-23   2.406e-23   -22.591   -22.619    -0.028     (0)  
   UO2F4-2         7.522e-24   5.816e-24   -23.124   -23.235    -0.112     (0)  
   UO2(H2PO4)2     3.111e-26   3.111e-26   -25.507   -25.507     0.000     (0)  
   (UO2)2(OH)2+2   1.899e-26   1.472e-26   -25.721   -25.832    -0.111     (0)  
   (UO2)3(CO3)6-6   9.338e-29   9.206e-30   -28.030   -29.036    -1.006     (0)  
   UO2Cl2          5.563e-29   5.563e-29   -28.255   -28.255     0.000     (0)  
   (UO2)3(OH)7-    5.185e-29   4.864e-29   -28.285   -28.313    -0.028     (0)  
   (UO2)3(OH)5+    7.172e-30   6.727e-30   -29.144   -29.172    -0.028     (0)  
   UO2H3PO4+2      1.863e-30   1.444e-30   -29.730   -29.840    -0.111     (0)  
   (UO2)2OH+3      8.548e-32   4.840e-32   -31.068   -31.315    -0.247     (0)  
   UO2(H2PO4)(H3PO4)+   1.701e-33   1.596e-33   -32.769   -32.797    -0.028     (0)  
   (UO2)3(OH)4+2   1.046e-34   8.108e-35   -33.980   -34.091    -0.111     (0)  
   (UO2)3(OH)5CO2+   4.506e-35   4.227e-35   -34.346   -34.374    -0.028     (0)  
   (UO2)3O(OH)2(HCO3)+   3.634e-35   3.408e-35   -34.440   -34.467    -0.028     (0)  
   (UO2)4(OH)7+    2.295e-38   2.153e-38   -37.639   -37.667    -0.028     (0)  
   UO2ClO3+        0.000e+00   0.000e+00   -92.390   -92.418    -0.028     (0)  
   (UO2)11(CO3)6(OH)12-2   0.000e+00   0.000e+00   -94.772   -94.884    -0.112     (0)  

------------------------------Saturation indices-------------------------------

  Phase               SI** log IAP   log K(303 K,   1 atm)

  (UO2)2As2O7    -118.28   -111.03    7.25  (UO2)2As2O7
  (UO2)2Cl3       -64.74    -52.48   12.26  (UO2)2Cl3
  (UO2)2P2O7      -34.02    -49.10  -15.08  (UO2)2P2O7
  (UO2)3(AsO4)2  -121.62   -112.88    8.74  (UO2)3(AsO4)2
  (UO2)3(PO4)2    -36.41    -50.96  -14.55  (UO2)3(PO4)2
  (UO2)3(PO4)2:4H2O -23.77    -50.96  -27.19  (UO2)3(PO4)2:4H2O
  Afwillite       -30.04     28.99   59.03  Ca3Si2O4(OH)6
  Akermanite      -15.92     28.46   44.38  Ca2MgSi2O7
  Al             -113.66     33.42  147.09  Al
  Al(g)          -163.40     33.42  196.82  Al
  Al2(SO4)3       -66.09    -48.28   17.81  Al2(SO4)3
  Al2(SO4)3:6H2O  -49.21    -48.28    0.93  Al2(SO4)3:6H2O
  Albite           -1.36      1.14    2.51  NaAlSi3O8
  Albite_high      -2.65      1.14    3.79  NaAlSi3O8
  Albite_low       -1.36      1.14    2.51  NaAlSi3O8
  AlF3            -12.92    -30.29  -17.37  AlF3
  Alstonite        -2.24      0.35    2.58  BaCa(CO3)2
  Alum-K          -25.68    -30.62   -4.94  KAl(SO4)2:12H2O
  Alunite         -15.67    -16.83   -1.16  KAl3(OH)6(SO4)2
  Amesite-14A      -6.26     66.67   72.92  Mg4Al4Si2O10(OH)8
  Analcime         -1.52      4.32    5.84  Na.96Al.96Si2.04O6:H2O
  Analcime-dehy    -7.76      4.32   12.08  Na.96Al.96Si2.04O6
  Andalusite       -5.23      9.95   15.18  Al2SiO5
  Andradite         4.15     36.45   32.30  Ca3Fe2(SiO4)3
  Anhydrite        -4.06     -8.47   -4.41  CaSO4
  Annite          -10.42     18.14   28.56  KFe3AlSi3O10(OH)2
  Anorthite        -7.25     18.34   25.58  CaAl2(SiO4)2
  Antarcticite    -17.20    -13.11    4.09  CaCl2:6H2O
  Anthophyllite   -13.90     51.16   65.06  Mg7Si8O22(OH)2
  Antigorite      -34.94    430.80  465.74  Mg48Si34O85(OH)62
  Aphthitalite    -20.14    -24.03   -3.89  NaK3(SO4)2
  Aragonite        -0.56      1.33    1.89  CaCO3
  Arcanite        -11.18    -12.96   -1.78  K2SO4
  Arsenolite     -112.30   -131.89  -19.59  As2O3
  Artinite         -6.75     12.49   19.24  Mg2CO3(OH)2:3H2O
  As              -81.28    -39.41   41.86  As
  As2O5          -109.34   -107.32    2.02  As2O5
  As4O6(cubi)    -224.46   -263.79  -39.33  As4O6
  As4O6(mono)    -224.22   -263.79  -39.56  As4O6
  Autunite-H      -23.66    -49.10  -25.45  H2(UO2)2(PO4)2
  Ba             -111.22     27.60  138.82  Ba
  Ba(OH)2:8H2O    -14.42      9.91   24.33  Ba(OH)2:8H2O
  Ba2Si3O8        -14.63      8.32   22.94  Ba2Si3O8
  Ba2SiO4         -27.86     15.99   43.85  Ba2SiO4
  Ba2U2O7         -41.19     -5.44   35.74  Ba2U2O7
  Ba3UO6          -64.82     27.88   92.70  Ba3UO6
  BaCl2           -17.60    -15.42    2.19  BaCl2
  BaCl2:2H2O      -15.67    -15.42    0.25  BaCl2:2H2O
  BaCl2:H2O       -16.24    -15.42    0.83  BaCl2:H2O
  BaCrO4           -6.69    -16.55   -9.87  BaCrO4
  BaHPO4           -5.39    -12.79   -7.40  BaHPO4
  BaMnO4          -37.82    -47.91  -10.09  BaMnO4
  BaO             -37.09      9.91   47.00  BaO
  Barite           -0.84    -10.78   -9.94  BaSO4
  Barytocalcite    -2.40      0.35    2.74  BaCa(CO3)2
  BaSiF6          -36.36    -68.29  -31.94  BaSiF6
  Bassanite        -4.70     -8.47   -3.77  CaSO4:0.5H2O
  Bassetite       -24.73    -42.81  -18.08  Fe(UO2)2(PO4)2
  BaU2O7          -15.18      6.20   21.38  BaU2O7
  BaUO4            -9.74      8.06   17.80  BaUO4
  Beidellite-Ca    -0.96      4.00    4.96  Ca.165Al2.33Si3.67O10(OH)2
  Beidellite-H     -2.05      1.99    4.03  H.33Al2.33Si3.67O10(OH)2
  Beidellite-K     -1.46      3.26    4.72  K.33Al2.33Si3.67O10(OH)2
  Beidellite-Mg    -1.00      3.91    4.92  Mg.165Al2.33Si3.67O10(OH)2
  Beidellite-Na    -1.16      3.89    5.04  Na.33Al2.33Si3.67O10(OH)2
  Berlinite        -8.25    -15.81   -7.56  AlPO4
  Birnessite      -40.07   -125.62  -85.55  Mn8O14:5H2O
  Bischofite      -18.03    -13.64    4.39  MgCl2:6H2O
  Bixbyite         -5.56     -7.08   -1.52  Mn2O3
  Bloedite        -15.69    -18.17   -2.48  Na2Mg(SO4)2:4H2O
  Boehmite         -0.32      6.89    7.22  AlO2H
  Boltwoodite     -16.71     -1.83   14.89  K(H3O)(UO2)SiO4
  Boltwoodite-Na  -15.08     -0.50   14.58  Na.7K.3(H3O)(UO2)SiO4:H2O
  Brucite          -4.26     11.69   15.96  Mg(OH)2
  Brushite        -17.03    -10.48    6.55  CaHPO4:2H2O
  Burkeite        -27.21    -17.73    9.49  Na6CO3(SO4)2
  C               -38.50     24.48   62.99  C
  C(g)           -154.01     24.48  178.50  C
  Ca             -107.50     29.91  137.41  Ca
  Ca(g)          -132.22     29.91  162.12  Ca
  Ca-Al_Pyroxene  -12.67     22.17   34.84  CaAl2SiO6
  Ca2Al2O5:8H2O   -21.34     38.23   59.57  Ca2Al2O5:8H2O
  Ca2Cl2(OH)2:H2O -27.18     -0.89   26.29  Ca2Cl2(OH)2:H2O
  Ca3(AsO4)2      -88.02    -70.66   17.36  Ca3(AsO4)2
  Ca3Al2O6        -60.13     50.45  110.58  Ca3Al2O6
  Ca4Al2Fe2O10    -63.17     73.96  137.13  Ca4Al2Fe2O10
  Ca4Al2O7:13H2O  -44.59     62.67  107.25  Ca4Al2O7:13H2O
  Ca4Al2O7:19H2O  -41.02     62.67  103.68  Ca4Al2O7:19H2O
  Ca4Cl2(OH)6:13H2O -44.77     23.55   68.33  Ca4Cl2(OH)6:13H2O
  CaAl2O4         -19.61     26.01   45.62  CaAl2O4
  CaAl2O4:10H2O   -11.99     26.01   37.99  CaAl2O4:10H2O
  CaAl4O7         -26.69     39.79   66.48  CaAl4O7
  Calcite          -0.42      1.33    1.75  CaCO3
  Carnallite      -26.71    -22.43    4.27  KMgCl3:6H2O
  CaSO4:0.5H2O(beta)  -4.87     -8.47   -3.60  CaSO4:0.5H2O
  CaUO4            -5.18     10.37   15.55  CaUO4
  Celadonite        0.02      7.11    7.09  KMgAlSi4O10(OH)2
  Celestite        -4.75    -10.50   -5.75  SrSO4
  Chalcedony       -0.17     -3.83   -3.66  SiO2
  Chamosite-7A     -9.14     22.54   31.68  Fe2Al2SiO5(OH)4
  Chloromagnesite -34.98    -13.64   21.34  MgCl2
  Chromite          8.45     22.83   14.37  FeCr2O4
  Chrysotile       -2.99     27.40   30.39  Mg3Si2O5(OH)4
  Cl2(g)          -45.85    -43.01    2.83  Cl2
  Claudetite     -112.34   -131.89  -19.56  As2O3
  Clinochlore-14A  -4.51     60.74   65.25  Mg5Al2Si3O10(OH)8
  Clinochlore-7A   -7.84     60.74   68.58  Mg5Al2Si3O10(OH)8
  Clinoptilolite   -2.16    -12.52  -10.35  Na.954K.543Ca.761Mg.124Sr.036Ba.062Mn.002Al3.45Fe.017Si14.5330O46.922H21.844
  Clinoptilolite-Ca  -2.94    -10.67   -7.74  Ca1.7335Al3.45Fe.017Si14.533O36:10.922H2O
  Clinoptilolite-dehy -37.06    -12.52   24.54  Sr.036Mg.124Ca.761Mn.002Ba.062K.543Na.954Al3.45Fe.017Si14.533O36
  Clinoptilolite-dehy-Ca -37.84    -10.67   27.17  Ca1.7335Al3.45Fe.017Si14.533O36
  Clinoptilolite-dehy-K -42.10    -18.46   23.64  K3.467Al3.45Fe.017Si14.533O36
  Clinoptilolite-dehy-Na -39.16    -11.90   27.26  Na3.467Al3.45Fe.017Si14.533O36
  Clinoptilolite-dehy-Sr -41.24    -14.20   27.04  Sr1.7335Al3.45Fe.017Si14.533O36
  Clinoptilolite-hy-Ca  -2.97    -10.67   -7.71  Ca1.7335Al3.45Fe.017Si14.533O36:11.645H2O
  Clinoptilolite-hy-K  -7.10    -18.46  -11.37  K3.467Al3.45Fe.017Si14.533O36:7.499H2O
  Clinoptilolite-hy-Na  -4.26    -11.90   -7.64  Na3.467Al3.45Fe.017Si14.533O36:10.877H2O
  Clinoptilolite-hy-Sr  -6.44    -14.20   -7.75  Sr1.7335Al3.45Fe.017Si14.533O36:13.893H2O
  Clinoptilolite-K  -7.21    -18.46  -11.25  K3.467Al3.45Fe.017Si14.533O36:10.922H2O
  Clinoptilolite-Na  -4.26    -11.90   -7.64  Na3.467Al3.45Fe.017Si14.533O36:10.922H2O
  Clinoptilolite-Sr  -6.34    -14.20   -7.85  Sr1.7335Al3.45Fe.017Si14.533O36:10.922H2O
  Clinozoisite     -8.14     33.61   41.75  Ca2Al3Si3O12(OH)
  CO2(g)           -3.03    -10.89   -7.86  CO2
  Coesite          -0.70     -3.83   -3.13  SiO2
  Coffinite       -13.34    -21.55   -8.21  USiO4
  Cordierite_anhyd -18.45     31.78   50.23  Mg2Al4Si5O18
  Cordierite_hydr -16.01     31.78   47.79  Mg2Al4Si5O18:H2O
  Corundum         -3.74     13.79   17.52  Al2O3
  Cr              -61.93     34.80   96.73  Cr
  CrCl3           -47.10    -29.72   17.38  CrCl3
  CrF3            -20.03    -28.92   -8.89  CrF3
  CrF4            -56.48    -68.92  -12.44  CrF4
  Cristobalite(alpha)  -0.44     -3.83   -3.39  SiO2
  Cristobalite(beta)  -0.87     -3.83   -2.96  SiO2
  CrO2             -0.46    -19.34  -18.88  CrO2
  CrO3            -22.88    -26.46   -3.58  CrO3
  Cronstedtite-7A   4.59     20.05   15.46  Fe2Fe2SiO5(OH)4
  Daphnite-14A    -16.81     33.76   50.57  Fe5AlAlSi3O10(OH)8
  Daphnite-7A     -20.14     33.76   53.91  Fe5AlAlSi3O10(OH)8
  Dawsonite        -2.36      1.76    4.12  NaAlCO3(OH)2
  Diaspore          0.07      6.89    6.82  AlHO2
  Dicalcium_silicate -15.88     20.61   36.48  Ca2SiO4
  Diopside         -4.25     16.24   20.49  CaMgSi2O6
  Dolomite         -0.17      2.13    2.29  CaMg(CO3)2
  Dolomite-dis     -1.67      2.13    3.80  CaMg(CO3)2
  Dolomite-ord     -0.16      2.13    2.28  CaMg(CO3)2
  Enstatite        -3.19      7.86   11.04  MgSiO3
  Epidote           0.73     32.37   31.64  Ca2FeAl2Si3O12OH
  Epidote-ord       0.74     32.37   31.62  FeCa2Al2(OH)(SiO4)3
  Epsomite         -7.03     -9.00   -1.96  MgSO4:7H2O
  Eskolaite         9.47      0.14   -9.33  Cr2O3
  Ettringite      -36.31     25.04   61.35  Ca6Al2(SO4)3(OH)12:26H2O
  F2(g)           -97.04    -42.48   54.56  F2
  Fayalite         -9.85      8.76   18.61  Fe2SiO4
  Fe              -33.94     23.98   57.92  Fe
  Fe(OH)2          -7.32      6.30   13.61  Fe(OH)2
  Fe(OH)3           0.25      5.65    5.39  Fe(OH)3
  Fe2(SO4)3       -53.06    -50.77    2.29  Fe2(SO4)3
  FeF2            -15.91    -18.49   -2.58  FeF2
  FeF3            -12.24    -31.54  -19.30  FeF3
  FeO              -6.91      6.30   13.21  FeO
  Ferrite-Ca        2.80     23.51   20.71  CaFe2O4
  Ferrite-Dicalcium -19.66     35.73   55.40  Ca2Fe2O5
  Ferrite-Mg        2.79     22.98   20.19  MgFe2O4
  Ferrosilite      -4.78      2.46    7.24  FeSiO3
  FeSO4           -16.78    -14.39    2.39  FeSO4
  Fluorapatite      6.05    -19.39  -25.44  Ca5(PO4)3F
  Fluorite         -2.53    -12.57  -10.04  CaF2
  Forsterite       -7.66     19.55   27.20  Mg2SiO4
  Foshagite       -27.36     37.38   64.74  Ca4Si3O9(OH)2:0.5H2O
  Frankdicksonite  -9.12    -14.88   -5.76  BaF2
  Gaylussite       -9.22      1.95   11.16  CaNa2(CO3)2:5H2O
  Gehlenite       -20.39     34.39   54.78  Ca2Al2SiO7
  Gibbsite         -0.54      6.89    7.44  Al(OH)3
  Gismondine       -5.05     36.67   41.72  Ca2Al4Si4O16:9H2O
  Glauberite      -12.17    -17.64   -5.47  Na2Ca(SO4)2
  Goethite          5.30      5.65    0.35  FeOOH
  Greenalite      -10.87     11.22   22.09  Fe3Si2O5(OH)4
  Grossular       -11.56     38.94   50.50  Ca3Al2(SiO4)3
  Gypsum           -3.93     -8.47   -4.54  CaSO4:2H2O
  Gyrolite         -9.62     12.94   22.56  Ca2Si3O7(OH)2:1.5H2O
  H2(g)           -24.48    -27.60   -3.11  H2
  H2O(g)           -1.46     -0.00    1.46  H2O
  Haiweeite        -7.46    -14.50   -7.04  Ca(UO2)2(Si2O5)3:5H2O
  Halite           -8.48     -6.91    1.57  NaCl
  Hatrurite       -39.24     32.83   72.07  Ca3SiO5
  Hausmannite      -6.87      2.49    9.36  Mn3O4
  HCl(g)          -18.74    -12.66    6.08  HCl
  Hedenbergite     -8.32     10.85   19.16  CaFe(SiO3)2
  Hematite         11.60     11.29   -0.31  Fe2O3
  Hercynite        -7.70     20.08   27.78  FeAl2O4
  Heulandite       -1.82      1.00    2.82  Ba.065Sr.175Ca.585K.132Na.383Al2.165Si6.835O18:6H2O
  Hexahydrite      -7.27     -9.00   -1.73  MgSO4:6H2O
  Hillebrandite   -15.57     20.61   36.17  Ca2SiO3(OH)2:0.17H2O
  Huntite          -5.98      3.72    9.71  CaMg3(CO3)4
  Hydromagnesite  -14.96     14.89   29.85  Mg5(CO3)4(OH)2:4H2O
  Hydrophilite    -24.61    -13.11   11.50  CaCl2
  Hydroxylapatite  -3.19     -6.99   -3.80  Ca5(OH)(PO4)3
  Ice              -0.16     -0.00    0.16  H2O
  Illite           -0.70      7.67    8.37  K0.6Mg0.25Al1.8Al0.5Si3.5O10(OH)2
  Jadeite          -3.08      4.98    8.06  NaAl(SiO3)2
  Jarosite        -10.60    -20.57   -9.97  KFe3(SO4)2(OH)6
  Jarosite-Na     -13.23    -18.68   -5.45  NaFe3(SO4)2(OH)6
  K               -57.11     12.71   69.82  K
  K(g)            -67.45     12.71   80.16  K
  K-Feldspar       -0.30     -0.75   -0.45  KAlSi3O8
  K2CO3:1.5H2O    -16.54     -3.16   13.38  K2CO3:1.5H2O
  K2O             -75.05      7.73   82.78  K2O
  K2UO4           -27.49      5.87   33.36  K2UO4
  K3H(SO4)2       -26.16    -29.78   -3.62  K3H(SO4)2
  K8H4(CO3)6:3H2O -62.15    -34.44   27.71  K8H4(CO3)6:3H2O
  Kainite         -17.48    -17.80   -0.31  KMgClSO4:3H2O
  KAl(SO4)2       -33.47    -30.62    2.85  KAl(SO4)2
  Kalicinite       -7.31     -7.03    0.28  KHCO3
  Kalsilite        -3.61      6.92   10.53  KAlSiO4
  Kaolinite        -0.16      6.12    6.27  Al2Si2O5(OH)4
  Katoite         -28.50     50.45   78.94  Ca3Al2H12O12
  Kieserite        -8.73     -9.00   -0.27  MgSO4:H2O
  KMgCl3          -43.29    -22.43   20.86  KMgCl3
  KMgCl3:2H2O     -36.17    -22.43   13.74  KMgCl3:2H2O
  KNaCO3:6H2O     -11.53     -1.27   10.26  KNaCO3:6H2O
  KUO2AsO4        -47.48    -51.65   -4.17  KUO2AsO4
  Kyanite          -4.98      9.95   14.93  Al2SiO5
  Lansfordite      -4.04      0.80    4.84  MgCO3:5H2O
  Larnite         -17.15     20.61   37.75  Ca2SiO4
  Laumontite       -2.30     10.67   12.97  CaAl2Si4O12:4H2O
  Lawrencite      -27.83    -19.03    8.80  FeCl2
  Lawsonite        -3.05     18.34   21.38  CaAl2Si2O7(OH)2:H2O
  Leonite         -17.84    -21.96   -4.11  K2Mg(SO4)2:4H2O
  Lime            -19.78     12.22   32.00  CaO
  Lopezite        -27.98    -45.20  -17.21  K2Cr2O7
  Magnesiochromite   7.42     28.22   20.80  MgCr2O4
  Magnesite        -1.34      0.80    2.14  MgCO3
  Magnetite         7.81     17.59    9.78  Fe3O4
  Manganite        -3.38     -3.54   -0.16  MnO(OH)
  Manganosite      -7.99      9.57   17.56  MnO
  Margarite        -7.26     32.12   39.39  CaAl4Si2O10(OH)2
  Maximum_Microcline  -0.30     -0.75   -0.45  KAlSi3O8
  Mayenite       -239.08    243.14  482.22  Ca12Al14O33
  Melanterite     -12.02    -14.39   -2.37  FeSO4:7H2O
  Mercallite      -15.38    -16.82   -1.44  KHSO4
  Merwinite       -26.46     40.68   67.14  MgCa3(SiO4)2
  Mesolite          1.13     14.09   12.96  Na.676Ca.657Al1.99Si3.01O10:2.647H2O
  Mg              -90.94     29.38  120.32  Mg
  Mg(g)          -110.24     29.38  139.62  Mg
  Mg1.25SO4(OH)0.5:0.5H2O -10.98     -6.07    4.90  Mg1.25SO4(OH)0.5:0.5H2O
  Mg1.5SO4(OH)    -11.98     -3.15    8.83  Mg1.5SO4(OH)
  MgCl2:2H2O      -26.09    -13.64   12.46  MgCl2:2H2O
  MgCl2:4H2O      -20.80    -13.64    7.17  MgCl2:4H2O
  MgCl2:H2O       -29.35    -13.64   15.72  MgCl2:H2O
  MgOHCl          -16.51     -0.97   15.54  MgOHCl
  MgSO4           -13.55     -9.00    4.56  MgSO4
  MgUO4           -12.57      9.84   22.41  MgUO4
  Minnesotaite     -9.97      3.55   13.52  Fe3Si4O10(OH)2
  Mirabilite       -8.26     -9.17   -0.92  Na2SO4:10H2O
  Misenite       -102.82   -113.90  -11.08  K8H6(SO4)7
  Mn              -54.20     27.26   81.46  Mn
  Mn(OH)2(am)      -5.45      9.57   15.02  Mn(OH)2
  Mn(OH)3          -9.88     -3.54    6.34  Mn(OH)3
  Mn3(PO4)2       -17.50    -16.69    0.82  Mn3(PO4)2
  MnCl2:2H2O      -19.65    -15.76    3.90  MnCl2:2H2O
  MnCl2:4H2O      -18.48    -15.76    2.72  MnCl2:4H2O
  MnCl2:H2O       -21.15    -15.76    5.39  MnCl2:H2O
  MnHPO4           -0.18    -13.13  -12.95  MnHPO4
  MnO2(gamma)      -8.00    -24.13  -16.13  MnO2
  MnSO4           -13.53    -11.12    2.41  MnSO4
  Molysite        -45.36    -32.34   13.02  FeCl3
  Monohydrocalcite  -1.29      1.33    2.62  CaCO3:H2O
  Monticellite     -8.88     20.08   28.95  CaMgSiO4
  Montmor-Ca       -0.00      2.05    2.05  Ca.165Mg.33Al1.67Si4O10(OH)2
  Montmor-K        -0.42      1.30    1.73  K.33Mg.33Al1.67Si4O10(OH)2
  Montmor-Mg        0.03      1.96    1.93  Mg.495Al1.67Si4O10(OH)2
  Montmor-Na       -0.13      1.93    2.05  Na.33Mg.33Al1.67Si4O10(OH)2
  Mordenite        -2.00     -7.31   -5.31  Ca.2895Na.361Al.94Si5.06O12:3.468H2O
  Mordenite-dehy  -16.82     -7.31    9.51  Ca.2895Na.361Al.94Si5.06O12
  Muscovite         0.31     13.04   12.73  KAl3Si3O10(OH)2
  Na              -51.65     14.60   66.25  Na
  Na(g)           -64.82     14.60   79.42  Na
  Na2CO3          -10.42      0.62   11.04  Na2CO3
  Na2CO3:7H2O      -9.40      0.62   10.02  Na2CO3:7H2O
  Na2Cr2O7        -31.30    -41.41  -10.12  Na2Cr2O7
  Na2CrO4         -17.79    -14.95    2.84  Na2CrO4
  Na2O            -54.87     11.51   66.38  Na2O
  Na2SiO3         -14.28      7.68   21.96  Na2SiO3
  Na2U2O7         -14.28      7.80   22.08  Na2U2O7
  Na2UO4(alpha)   -19.85      9.66   29.51  Na2UO4
  Na3H(SO4)2      -23.21    -24.11   -0.89  Na3H(SO4)2
  Na3UO4          -50.74      4.64   55.38  Na3UO4
  Na4Ca(SO4)3:2H2O -20.92    -26.82   -5.89  Na4Ca(SO4)3:2H2O
  Na4SiO4         -50.44     19.19   69.63  Na4SiO4
  Na4UO2(CO3)3    -15.54    -11.51    4.04  Na4UO2(CO3)3
  Na6Si2O7        -73.27     26.87  100.14  Na6Si2O7
  NaFeO2           -8.00     11.40   19.40  NaFeO2
  Nahcolite        -5.04     -5.14   -0.09  NaHCO3
  Natrolite        -4.05     13.79   17.84  Na2Al2Si3O10:2H2O
  Natron           -9.12      0.62    9.74  Na2CO3:10H2O
  Natrosilite     -14.07      3.84   17.91  Na2Si2O5
  NaUO3           -15.04     -6.88    8.16  NaUO3
  Nepheline        -4.54      8.81   13.35  NaAlSiO4
  Nesquehonite     -4.36      0.80    5.16  MgCO3:3H2O
  Ningyoite       -20.97    -50.89  -29.92  CaUP2O8:2H2O
  Nontronite-Ca    13.35      1.51  -11.84  Ca.165Fe2Al.33Si3.67H2O12
  Nontronite-H     12.27     -0.51  -12.78  H.33Fe2Al.33Si3.67H2O12
  Nontronite-K     12.86      0.77  -12.09  K.33Fe2Al.33Si3.67H2O12
  Nontronite-Mg    13.31      1.42  -11.89  Mg.165Fe2Al.33Si3.67H2O12
  Nontronite-Na    13.16      1.39  -11.77  Na.33Fe2Al.33Si3.67H2O12
  O2(g)           -32.45    -35.38   -2.93  O2
  Okenite          -5.71      4.55   10.26  CaSi2O4(OH)2:H2O
  Oxychloride-Mg  -15.11     10.72   25.83  Mg2Cl(OH)3:4H2O
  P              -108.02     21.52  129.55  P
  Paragonite       -1.64     14.93   16.57  NaAl3Si3O10(OH)2
  Pargasite       -24.47     74.63   99.11  NaCa2Al3Mg4Si6O22(OH)2
  Pentahydrite     -7.61     -9.00   -1.39  MgSO4:5H2O
  Periclase        -9.19     11.69   20.88  MgO
  Phlogopite       -2.06     34.33   36.38  KAlMg3Si3O10(OH)2
  Picromerite     -17.52    -21.96   -4.44  K2Mg(SO4)2:6H2O
  Pirssonite       -9.37      1.95   11.32  Na2Ca(CO3)2:2H2O
  Polyhalite      -24.58    -38.89  -14.31  K2MgCa2(SO4)4:2H2O
  Portlandite      -9.95     12.22   22.17  Ca(OH)2
  Prehnite         -5.15     26.72   31.87  Ca2Al2Si3O10(OH)2
  Pseudowollastonite  -5.34      8.39   13.73  CaSiO3
  Pyrolusite       -6.71    -24.13  -17.42  MnO2
  Pyrophyllite     -1.54     -1.55   -0.01  Al2Si4O10(OH)2
  Quartz            0.10     -3.83   -3.93  SiO2
  Rankinite       -21.94     28.99   50.93  Ca3Si2O7
  Rhodochrosite    -1.04     -1.32   -0.28  MnCO3
  Rhodonite        -3.77      5.73    9.50  MnSiO3
  Ripidolite-14A   -9.14     49.95   59.09  Mg3Fe2Al2Si3O10(OH)8
  Ripidolite-7A   -12.48     49.95   62.43  Mg3Fe2Al2Si3O10(OH)8
  Rutherfordine    -8.57    -12.75   -4.18  UO2CO3
  Saleeite        -17.61    -37.41  -19.80  Mg(UO2)2(PO4)2
  Sanbornite       -7.07      2.24    9.32  BaSi2O5
  Sanidine_high    -1.46     -0.75    0.72  KAlSi3O8
  Saponite-Ca      -0.24     25.29   25.53  Ca.165Mg3Al.33Si3.67O10(OH)2
  Saponite-H       -1.32     23.27   24.60  H.33Mg3Al.33Si3.67O10(OH)2
  Saponite-K       -0.73     24.55   25.28  K.33Mg3Al.33Si3.67O10(OH)2
  Saponite-Mg      -0.28     25.20   25.48  Mg3.165Al.33Si3.67O10(OH)2
  Saponite-Na      -0.43     25.17   25.60  Na.33Mg3Al.33Si3.67O10(OH)2
  Scacchite       -24.28    -15.76    8.52  MnCl2
  Schoepite        -6.54     -1.85    4.69  UO3:2H2O
  Schoepite-dehy(.393)  -8.38     -1.85    6.52  UO3:.393H2O
  Schoepite-dehy(.648)  -7.87     -1.85    6.01  UO3:.648H2O
  Schoepite-dehy(.85)  -6.79     -1.85    4.93  UO3:.85H2O
  Schoepite-dehy(.9)  -6.71     -1.85    4.85  UO3:.9H2O
  Schoepite-dehy(1.0)  -6.79     -1.85    4.94  UO3:H2O
  Scolecite        -0.64     14.50   15.14  CaAl2Si3O10:3H2O
  Sellaite         -3.61    -13.10   -9.48  MgF2
  Sepiolite        -6.01     23.76   29.76  Mg4Si6O15(OH)2:6H2O
  Si             -114.77     31.54  146.31  Si
  Si(g)          -184.52     31.54  216.06  Si
  Siderite         -4.28     -4.60   -0.32  FeCO3
  SiF4(g)         -38.08    -53.41  -15.34  SiF4
  Sillimanite      -5.59      9.95   15.54  Al2SiO5
  SiO2(am)         -1.15     -3.83   -2.68  SiO2
  Sklodowskite    -13.48      0.31   13.79  Mg(H3O)2(UO2)2(SiO4)2:4H2O
  Smectite-high-Fe-Mg  -2.11     14.57   16.68  Ca.025Na.1K.2Fe.5Fe.2Mg1.15Al1.25Si3.5H2O12
  Smectite-low-Fe-Mg  -1.10      9.37   10.47  Ca.02Na.15K.2Fe.29Fe.16Mg.9Al1.25Si3.75H2O12
  Soddyite         -7.94     -7.54    0.39  (UO2)2SiO4:2H2O
  Spinel          -10.96     25.48   36.43  Al2MgO4
  Sr             -111.45     27.88  139.32  Sr
  Sr(OH)2         -16.88     10.19   27.07  Sr(OH)2
  Sr2SiO4         -25.50     16.54   42.04  Sr2SiO4
  Sr3(AsO4)2      -96.92    -76.75   20.17  Sr3(AsO4)2
  SrCl2           -22.87    -15.14    7.73  SrCl2
  SrCl2:2H2O      -18.37    -15.14    3.23  SrCl2:2H2O
  SrCl2:6H2O      -16.71    -15.14    1.57  SrCl2:6H2O
  SrCl2:H2O       -19.77    -15.14    4.63  SrCl2:H2O
  SrCrO4          -12.37    -16.27   -3.90  SrCrO4
  SrF2             -6.06    -14.60   -8.54  SrF2
  SrHPO4           -6.20    -12.51   -6.31  SrHPO4
  SrO             -30.97     10.19   41.16  SrO
  SrSiO3           -8.22      6.35   14.57  SrSiO3
  SrUO4(alpha)    -10.38      8.33   18.71  SrUO4
  Starkeyite       -8.00     -9.00   -1.00  MgSO4:4H2O
  Stilbite          1.56      2.13    0.57  Ca1.019Na.136K.006Al2.18Si6.82O18:7.33H2O
  Strengite        -5.55    -17.05  -11.51  FePO4:2H2O
  Strontianite     -0.34     -0.70   -0.36  SrCO3
  Sylvite          -9.68     -8.80    0.88  KCl
  Syngenite       -13.83    -21.43   -7.60  K2Ca(SO4)2:H2O
  Tachyhydrite    -57.52    -40.38   17.14  Mg2CaCl6:12H2O
  Talc             -0.82     19.73   20.55  Mg3Si4O10(OH)2
  Tarapacaite     -18.37    -18.74   -0.36  K2CrO4
  Tephroite        -7.25     15.30   22.55  Mn2SiO4
  Thenardite       -8.81     -9.17   -0.37  Na2SO4
  Thermonatrite   -10.23      0.62   10.85  Na2CO3:H2O
  Tobermorite-11A -26.45     38.09   64.55  Ca5Si6H11O22.5
  Tobermorite-14A -24.84     38.09   62.93  Ca5Si6H21O27.5
  Tobermorite-9A  -29.79     38.09   67.88  Ca5Si6H6O20
  Todorokite      -33.25    -79.07  -45.82  Mn7O12:3H2O
  Tremolite        -7.52     52.22   59.74  Ca2Mg5Si8O22(OH)2
  Tridymite        -0.09     -3.83   -3.75  SiO2
  Trona-K         -19.89     -8.30   11.59  K2NaH(CO3)2:2H2O
  U              -157.76     51.21  208.97  U
  U(CO3)2         -46.51    -39.50    7.02  U(CO3)2
  U(g)           -241.75     51.21  292.96  U
  U(HPO4)2:4H2O   -30.22    -63.11  -32.89  U(HPO4)2:4H2O
  U(OH)2SO4       -35.33    -38.40   -3.07  U(OH)2SO4
  U(SO4)2         -47.26    -59.09  -11.83  U(SO4)2
  U(SO4)2:4H2O    -47.33    -59.09  -11.75  U(SO4)2:4H2O
  U(SO4)2:8H2O    -46.42    -59.09  -12.67  U(SO4)2:8H2O
  U2C3           -398.42     48.51  446.92  U2C3
  U2Cl10(g)      -232.68   -151.90   80.78  U2Cl10
  U2Cl8(g)       -216.72   -136.73   79.99  U2Cl8
  U2F10(g)       -136.02   -149.22  -13.20  U2F10
  U2F9            -96.09   -141.90  -45.81  U2F9
  U2O2Cl5        -112.09    -93.66   18.43  U2O2Cl5
  U2O3F6          -75.00    -78.08   -3.08  U2O3F6
  U3As4          -673.46   -195.08  478.38  U3As4
  U3O5F8         -101.06   -104.72   -3.66  U3O5F8
  U3P4           -763.12     48.67  811.79  U3P4
  U4F17          -171.14   -276.48 -105.35  U4F17
  U5O12Cl         -57.01    -75.83  -18.82  U5O12Cl
  UAs            -198.06    -51.89  146.17  UAs
  UAs2           -276.78    -91.30  185.48  UAs2
  UC             -179.23     12.01  191.24  UC
  UC1.94(alpha)  -217.42     35.03  252.44  UC1.94
  UCl(g)         -207.64     10.08  217.72  UCl
  UCl2(g)        -172.07      8.20  180.27  UCl2
  UCl2F2          -63.85    -67.83   -3.98  UCl2F2
  UCl3            -89.58    -76.99   12.59  UCl3
  UCl3(g)        -134.23    -76.99   57.24  UCl3
  UCl3F           -77.79    -68.10    9.69  UCl3F
  UCl4            -89.56    -68.37   21.20  UCl4
  UCl4(g)        -113.41    -68.37   45.04  UCl4
  UCl5           -112.43    -75.95   36.48  UCl5
  UCl5(g)        -129.19    -75.95   53.24  UCl5
  UCl6           -134.19    -77.83   56.35  UCl6
  UCl6(g)        -139.83    -77.83   61.99  UCl6
  UClF3           -49.75    -67.56  -17.81  UClF3
  UF(g)          -192.06     10.35  202.41  UF
  UF2(g)         -160.20      8.73  168.93  UF2
  UF3             -56.74    -76.19  -19.45  UF3
  UF3(g)         -122.07    -76.19   45.88  UF3
  UF4             -37.97    -67.29  -29.32  UF4
  UF4(g)          -80.83    -67.29   13.54  UF4
  UF4:2.5H2O      -33.91    -67.29  -33.38  UF4:2.5H2O
  UF5(alpha)      -61.49    -74.61  -13.11  UF5
  UF5(beta)       -61.19    -74.61  -13.42  UF5
  UF5(g)          -80.23    -74.61    5.63  UF5
  UF6             -92.75    -76.22   16.53  UF6
  UF6(g)          -93.44    -76.22   17.22  UF6
  UH3(beta)      -182.17     14.06  196.23  UH3
  UO(g)          -174.22     33.52  207.75  UO
  UO2(am)         -17.82    -17.71    0.11  UO2
  UO2(AsO3)2     -115.76   -109.17    6.58  UO2(AsO3)2
  UO2(g)         -107.34     15.83  123.18  UO2
  UO2(OH)2(beta)   -6.63     -1.85    4.78  UO2(OH)2
  UO2(PO3)2       -30.73    -47.25  -16.52  UO2(PO3)2
  UO2.25          -10.23    -15.17   -4.95  UO2.25
  UO2.25(beta)    -10.30    -15.17   -4.87  UO2.25
  UO2.3333(beta)  -19.37    -47.22  -27.85  (UO2.3333)2
  UO2.6667        -15.56    -59.01  -43.45  (UO2.6667)2
  UO2Cl           -24.70    -25.30   -0.60  UO2Cl
  UO2Cl2          -38.96    -27.18   11.78  UO2Cl2
  UO2Cl2(g)       -73.99    -27.18   46.81  UO2Cl2
  UO2Cl2:3H2O     -32.66    -27.18    5.48  UO2Cl2:3H2O
  UO2Cl2:H2O      -35.23    -27.18    8.05  UO2Cl2:H2O
  UO2ClOH:2H2O    -16.72    -14.52    2.21  UO2ClOH:2H2O
  UO2CO3           -8.56    -12.75   -4.19  UO2CO3
  UO2F2           -19.27    -26.64   -7.38  UO2F2
  UO2F2(g)        -60.28    -26.64   33.63  UO2F2
  UO2F2:3H2O      -19.23    -26.64   -7.41  UO2F2:3H2O
  UO2FOH          -12.28    -14.25   -1.97  UO2FOH
  UO2FOH:2H2O     -11.52    -14.25   -2.73  UO2FOH:2H2O
  UO2FOH:H2O      -11.87    -14.25   -2.38  UO2FOH:H2O
  UO2HPO4         -11.87    -24.55  -12.68  UO2HPO4
  UO2HPO4:4H2O    -11.57    -24.55  -12.98  UO2HPO4:4H2O
  UO2SO4          -24.22    -22.54    1.68  UO2SO4
  UO2SO4:2.5H2O   -20.93    -22.54   -1.61  UO2SO4:2.5H2O
  UO2SO4:3.5H2O   -20.97    -22.54   -1.57  UO2SO4:3.5H2O
  UO2SO4:3H2O     -21.03    -22.54   -1.51  UO2SO4:3H2O
  UO2SO4:H2O      -16.36    -22.54   -6.18  UO2SO4:H2O
  UO3(alpha)      -10.24     -1.85    8.38  UO3
  UO3(beta)        -9.92     -1.85    8.06  UO3
  UO3(g)          -71.31     -1.85   69.46  UO3
  UO3(gamma)       -9.32     -1.85    7.47  UO3
  UO3:.9H2O(alpha)  -6.71     -1.85    4.86  UO3:.9H2O
  UO3:2H2O         -6.54     -1.85    4.69  UO3:2H2O
  UOCl            -61.72    -51.67   10.05  UOCl
  UOCl2           -48.04    -43.04    5.00  UOCl2
  UOCl3           -62.90    -50.62   12.28  UOCl3
  UOF2            -24.22    -42.50  -18.28  UOF2
  UOF2:H2O        -23.70    -42.50  -18.80  UOF2:H2O
  UOF4            -55.55    -51.43    4.11  UOF4
  UOF4(g)         -74.72    -51.43   23.28  UOF4
  UOFOH           -20.97    -30.11   -9.14  UOFOH
  UOFOH:.5H2O     -20.53      3.44   23.97  UOFOH:.5H2O
  UP             -220.02      9.05  229.07  UP
  UP2            -323.12     30.57  353.69  UP2
  UP2O7           -29.92    -63.11  -33.19  UP2O7
  UP2O7:20H2O     -34.48    -63.11  -28.63  UP2O7:20H2O
  UPO5            -15.81    -35.33  -19.52  UPO5
  Uraninite       -12.65    -17.71   -5.06  UO2
  Uranocircite    -19.16    -39.19  -20.04  Ba(UO2)2(PO4)2
  Uranophane      -16.44      0.84   17.29  Ca(UO2)2(SiO3)2(OH)2
  Vivianite       -21.78    -26.51   -4.72  Fe3(PO4)2:8H2O
  Wairakite        -6.55     10.67   17.22  CaAl2Si4O10(OH)4
  Weeksite        -34.36    -18.99   15.38  K2(UO2)2(Si2O5)3:4H2O
  Whitlockite      -4.06     -8.74   -4.67  Ca3(PO4)2
  Witherite         1.99     -0.98   -2.97  BaCO3
  Wollastonite     -5.11      8.39   13.50  CaSiO3
  Wustite          -6.21      5.89   12.10  Fe.947O
  Xonotlite       -39.98     50.31   90.29  Ca6Si6O17(OH)2
  Zoisite          -8.17     33.61   41.78  Ca2Al3(SiO4)3OH

**For a gas, SI = log10(fugacity). Fugacity = pressure * phi / 1 atm.
  For ideal gases, phi = 1.

------------------
End of simulation.
------------------

------------------------------------
Reading input data for simulation 4.
------------------------------------

	REACTION 1
			Calcite	0.0 
			Dolomite 0.0
			Gypsum 8.829e-05
			Strontianite 1.113e-06 
			Witherite 2.852e-07
			CO2(g) 0.00045
			CaX2 3.923e-04
			MgX2 1.062e-05
			KX 0.0
			NaX 0.0
			Quartz 0.0
			Albite 0.0
			Kaolinite 0.0
			Muscovite 2.220e-05
			Uraninite 0.0
			Arsenopyrite 0.0
			Goethite 3.857e+00
			Fe(OH)3 0.0 
			Siderite 0.0
			Mn(OH)3 5.620e-08
			Fluorapatite 0.0
			Halite 5.119e-06
			Illite 0.0
			Chromite 1.560e-09
	END
------------------
End of simulation.
------------------

------------------------------------
Reading input data for simulation 5.
------------------------------------

	Solution 2 # USGS-394155104425401 Downstream WQ
	        units		mol/kgw
	        redox       pe
	        temp		25.4
	        pH		    8.7
	        O(0)        9.37559E-06
	        Na		    0.002457612
	        Ca		    0.000183383
	        Mg		    2.03662E-05
	        K           4.45032E-05
	        Alkalinity	0.002437855	as CaCO3
	        S(6)		0.00020106
	        Cl		    5.72638E-05
	        F		    9.2113E-05
	        Mn		    2.56653E-07
	        Ba          5.77454E-07
	        Sr          1.60922E-06
	        Fe          1.52739E-06
	        Al          2.96494E-08
	        Si          0.000131407 as SiO2
	        As          1.33473E-09
	        U           8.40234E-11
	        Cr          7.6929E-09
	        P           9.68561E-08    as P
		water 1
	SAVE Solution 2
	END
-------------------------------------------
Beginning of initial solution calculations.
-------------------------------------------

Initial solution 2.	

WARNING: Equivalent wt for alkalinity should be Ca.5(CO3).5. Using 50.0355 g/eq.
-----------------------------Solution composition------------------------------

	Elements           Molality       Moles

	Al                2.965e-08   2.965e-08
	Alkalinity        2.438e-03   2.438e-03
	As                1.335e-09   1.335e-09
	Ba                5.775e-07   5.775e-07
	Ca                1.834e-04   1.834e-04
	Cl                5.726e-05   5.726e-05
	Cr                7.693e-09   7.693e-09
	F                 9.211e-05   9.211e-05
	Fe                1.527e-06   1.527e-06
	K                 4.450e-05   4.450e-05
	Mg                2.037e-05   2.037e-05
	Mn                2.567e-07   2.567e-07
	Na                2.458e-03   2.458e-03
	O(0)              9.376e-06   9.376e-06
	P                 9.686e-08   9.686e-08
	S(6)              2.011e-04   2.011e-04
	Si                1.314e-04   1.314e-04
	Sr                1.609e-06   1.609e-06
	U                 8.402e-11   8.402e-11

----------------------------Description of solution----------------------------

                                       pH  =   8.700    
                                       pe  =   4.000    
                        Activity of water  =   1.000
                 Ionic strength (mol/kgw)  =   3.339e-03
                       Mass of water (kg)  =   1.000e+00
                    Total carbon (mol/kg)  =   2.355e-03
                       Total CO2 (mol/kg)  =   2.355e-03
                         Temperature (°C)  =  25.40
                  Electrical balance (eq)  =  -7.324e-05
 Percent error, 100*(Cat-|An|)/(Cat+|An|)  =  -1.26
                               Iterations  =  17
                                  Total H  = 1.110529e+02
                                  Total O  = 5.553348e+01

---------------------------------Redox couples---------------------------------

	Redox couple             pe  Eh (volts)

	O(-2)/O(0)          11.4384      0.6776

----------------------------Distribution of species----------------------------

                                               Log       Log       Log    mole V
   Species          Molality    Activity  Molality  Activity     Gamma   cm³/mol

   OH-             5.301e-06   4.975e-06    -5.276    -5.303    -0.028     (0)  
   H+              2.114e-09   1.995e-09    -8.675    -8.700    -0.025      0.00
   H2O             5.553e+01   9.999e-01     1.744    -0.000     0.000     18.07
Al            2.965e-08
   AlO2-           2.948e-08   2.768e-08    -7.530    -7.558    -0.027     (0)  
   HAlO2           1.581e-10   1.581e-10    -9.801    -9.801     0.000     (0)  
   NaAlO2          1.220e-11   1.220e-11   -10.914   -10.914     0.000     (0)  
   Al(OH)2+        2.252e-13   2.114e-13   -12.647   -12.675    -0.027     (0)  
   AlF3            9.897e-16   9.897e-16   -15.004   -15.004     0.000     (0)  
   AlF2+           9.698e-16   9.106e-16   -15.013   -15.041    -0.027     (0)  
   AlOH+2          2.274e-16   1.770e-16   -15.643   -15.752    -0.109     (0)  
   AlF+2           3.404e-17   2.649e-17   -16.468   -16.577    -0.109     (0)  
   AlF4-           2.286e-17   2.146e-17   -16.641   -16.668    -0.027     (0)  
   AlHPO4+         5.178e-20   4.862e-20   -19.286   -19.313    -0.027     (0)  
   Al+3            5.178e-20   3.069e-20   -19.286   -19.513    -0.227     (0)  
   AlSO4+          5.067e-21   4.757e-21   -20.295   -20.323    -0.027     (0)  
   Al(SO4)2-       5.959e-23   5.595e-23   -22.225   -22.252    -0.027     (0)  
   Al2(OH)2+4      1.294e-29   4.827e-30   -28.888   -29.316    -0.428     (0)  
   AlH2PO4+2       6.247e-33   4.862e-33   -32.204   -32.313    -0.109     (0)  
   Al3(OH)4+5      1.107e-37   2.401e-38   -36.956   -37.620    -0.664     (0)  
   Al13O4(OH)24+7   0.000e+00   0.000e+00   -72.700   -74.001    -1.301     (0)  
As(-3)        0.000e+00
   AsH3            0.000e+00   0.000e+00  -138.684  -138.684     0.000     (0)  
As(3)         0.000e+00
   HAsO2           0.000e+00   0.000e+00   -57.548   -57.548     0.000     (0)  
   As(OH)3         0.000e+00   0.000e+00   -57.606   -57.606     0.000     (0)  
   H2AsO3-         0.000e+00   0.000e+00   -58.086   -58.113    -0.027     (0)  
   AsO2-           0.000e+00   0.000e+00   -58.106   -58.133    -0.027     (0)  
   AsO2OH-2        0.000e+00   0.000e+00   -60.307   -60.417    -0.110     (0)  
As(5)         1.335e-09
   AsO3F-2         1.333e-09   1.035e-09    -8.875    -8.985    -0.110     (0)  
   HAsO3F-         1.633e-12   1.534e-12   -11.787   -11.814    -0.027     (0)  
   HAsO4-2         0.000e+00   0.000e+00   -43.136   -43.246    -0.110     (0)  
   H2AsO4-         0.000e+00   0.000e+00   -45.139   -45.166    -0.027     (0)  
   AsO4-3          0.000e+00   0.000e+00   -45.885   -46.132    -0.247     (0)  
   H3AsO4          0.000e+00   0.000e+00   -51.619   -51.619     0.000     (0)  
Ba            5.775e-07
   Ba+2            5.670e-07   4.423e-07    -6.246    -6.354    -0.108     (0)  
   BaCO3           1.037e-08   1.037e-08    -7.984    -7.984     0.000     (0)  
   BaF+            2.816e-11   2.644e-11   -10.550   -10.578    -0.027     (0)  
   BaCl+           8.537e-12   8.016e-12   -11.069   -11.096    -0.027     (0)  
   BaOH+           7.999e-12   7.511e-12   -11.097   -11.124    -0.027     (0)  
C(4)          2.355e-03
   HCO3-           2.258e-03   2.120e-03    -2.646    -2.674    -0.027     (0)  
   CO3-2           6.105e-05   4.751e-05    -4.214    -4.323    -0.109     (0)  
   CaCO3           1.418e-05   1.418e-05    -4.848    -4.848     0.000     (0)  
   CO2             9.758e-06   9.766e-06    -5.011    -5.010     0.000     (0)  
   NaHCO3          6.917e-06   6.917e-06    -5.160    -5.160     0.000     (0)  
   CaHCO3+         3.418e-06   3.209e-06    -5.466    -5.494    -0.027     (0)  
   MgCO3           7.424e-07   7.424e-07    -6.129    -6.129     0.000     (0)  
   NaCO3-          4.023e-07   3.778e-07    -6.395    -6.423    -0.027     (0)  
   MgHCO3+         3.858e-07   3.623e-07    -6.414    -6.441    -0.027     (0)  
   MnCO3           1.413e-07   1.413e-07    -6.850    -6.850     0.000     (0)  
   SrCO3           4.625e-08   4.625e-08    -7.335    -7.335     0.000     (0)  
   BaCO3           1.037e-08   1.037e-08    -7.984    -7.984     0.000     (0)  
   MnHCO3+         1.472e-09   1.382e-09    -8.832    -8.860    -0.027     (0)  
   UO2(CO3)3-4     6.765e-11   2.458e-11   -10.170   -10.609    -0.440     (0)  
   FeCO3           2.939e-11   2.939e-11   -10.532   -10.532     0.000     (0)  
   UO2(CO3)2-2     1.527e-11   1.186e-11   -10.816   -10.926    -0.110     (0)  
   FeHCO3+         1.301e-11   1.222e-11   -10.886   -10.913    -0.027     (0)  
   UO2CO3          1.287e-14   1.287e-14   -13.890   -13.890     0.000     (0)  
   FeCO3+          3.010e-15   2.826e-15   -14.521   -14.549    -0.027     (0)  
   (UO2)2CO3(OH)3-   2.470e-18   2.319e-18   -17.607   -17.635    -0.027     (0)  
   UO2(CO3)3-5     2.276e-27   4.678e-28   -26.643   -27.330    -0.687     (0)  
   (UO2)3(CO3)6-6   2.174e-29   2.228e-30   -28.663   -29.652    -0.989     (0)  
   U(CO3)4-4       1.772e-35   6.440e-36   -34.751   -35.191    -0.440     (0)  
   (UO2)3(OH)5CO2+   5.334e-36   5.008e-36   -35.273   -35.300    -0.027     (0)  
   (UO2)3O(OH)2(HCO3)+   4.301e-36   4.038e-36   -35.366   -35.394    -0.027     (0)  
   U(CO3)5-6       2.523e-40   0.000e+00   -39.598   -40.587    -0.989     (0)  
   (UO2)11(CO3)6(OH)12-2   0.000e+00   0.000e+00   -97.027   -97.136    -0.110     (0)  
Ca            1.834e-04
   Ca+2            1.629e-04   1.276e-04    -3.788    -3.894    -0.106     (0)  
   CaCO3           1.418e-05   1.418e-05    -4.848    -4.848     0.000     (0)  
   CaHCO3+         3.418e-06   3.209e-06    -5.466    -5.494    -0.027     (0)  
   CaSO4           2.833e-06   2.833e-06    -5.548    -5.548     0.000     (0)  
   CaF+            5.983e-08   5.618e-08    -7.223    -7.250    -0.027     (0)  
   CaOH+           9.618e-09   9.031e-09    -8.017    -8.044    -0.027     (0)  
   CaPO4-          5.905e-09   5.544e-09    -8.229    -8.256    -0.027     (0)  
   CaHPO4          4.422e-09   4.422e-09    -8.354    -8.354     0.000     (0)  
   CaCl+           1.548e-09   1.454e-09    -8.810    -8.838    -0.027     (0)  
   CaCl2           9.143e-14   9.143e-14   -13.039   -13.039     0.000     (0)  
   CaP2O7-2        7.397e-16   5.745e-16   -15.131   -15.241    -0.110     (0)  
   CaH2PO4+        4.295e-19   4.033e-19   -18.367   -18.394    -0.027     (0)  
Cl(-1)        5.726e-05
   Cl-             5.724e-05   5.369e-05    -4.242    -4.270    -0.028     (0)  
   NaCl            2.174e-08   2.174e-08    -7.663    -7.663     0.000     (0)  
   CaCl+           1.548e-09   1.454e-09    -8.810    -8.838    -0.027     (0)  
   MgCl+           6.557e-10   6.157e-10    -9.183    -9.211    -0.027     (0)  
   KCl             7.576e-11   7.576e-11   -10.121   -10.121     0.000     (0)  
   SrCl+           4.062e-11   3.814e-11   -10.391   -10.419    -0.027     (0)  
   MnCl+           1.053e-11   9.883e-12   -10.978   -11.005    -0.027     (0)  
   BaCl+           8.537e-12   8.016e-12   -11.069   -11.096    -0.027     (0)  
   CaCl2           9.143e-14   9.143e-14   -13.039   -13.039     0.000     (0)  
   HCl             2.407e-14   2.407e-14   -13.619   -13.619     0.000     (0)  
   FeCl+           4.582e-16   4.302e-16   -15.339   -15.366    -0.027     (0)  
   MnCl3-          6.560e-21   6.160e-21   -20.183   -20.210    -0.027     (0)  
   CrCl+2          3.810e-22   2.965e-22   -21.419   -21.528    -0.109     (0)  
   FeCl2           1.242e-22   1.242e-22   -21.906   -21.906     0.000     (0)  
   CrO3Cl-         4.152e-23   3.899e-23   -22.382   -22.409    -0.027     (0)  
   UO2Cl+          4.599e-24   4.318e-24   -23.337   -23.365    -0.027     (0)  
   FeCl+2          1.250e-25   9.728e-26   -24.903   -25.012    -0.109     (0)  
   CrCl2+          3.814e-26   3.581e-26   -25.419   -25.446    -0.027     (0)  
   FeCl2+          4.413e-27   4.144e-27   -26.355   -26.383    -0.027     (0)  
   UO2Cl2          1.191e-29   1.191e-29   -28.924   -28.924     0.000     (0)  
   FeCl4-2         1.334e-30   1.036e-30   -29.875   -29.985    -0.110     (0)  
   FeCl4-          1.529e-38   1.436e-38   -37.816   -37.843    -0.027     (0)  
   UCl+3           0.000e+00   0.000e+00   -55.358   -55.600    -0.243     (0)  
Cl(1)         1.412e-37
   ClO-            1.320e-37   1.239e-37   -36.879   -36.907    -0.027     (0)  
   HClO            9.171e-39   9.171e-39   -38.038   -38.038     0.000     (0)  
Cl(3)         0.000e+00
   ClO2-           0.000e+00   0.000e+00   -62.415   -62.442    -0.027     (0)  
   HClO2           0.000e+00   0.000e+00   -67.973   -67.973     0.000     (0)  
Cl(5)         0.000e+00
   ClO3-           0.000e+00   0.000e+00   -74.117   -74.144    -0.028     (0)  
   UO2ClO3+        0.000e+00   0.000e+00   -92.881   -92.908    -0.027     (0)  
Cl(7)         0.000e+00
   ClO4-           0.000e+00   0.000e+00   -90.117   -90.145    -0.028     (0)  
Cr(2)         3.223e-30
   Cr+2            3.223e-30   2.509e-30   -29.492   -29.601    -0.109     (0)  
Cr(3)         1.604e-09
   Cr(OH)3         9.797e-10   9.797e-10    -9.009    -9.009     0.000     (0)  
   Cr(OH)2+        4.154e-10   3.900e-10    -9.382    -9.409    -0.027     (0)  
   Cr(OH)4-        2.082e-10   1.954e-10    -9.682    -9.709    -0.027     (0)  
   CrOH+2          5.012e-13   3.901e-13   -12.300   -12.409    -0.109     (0)  
   Cr+3            1.313e-17   7.784e-18   -16.882   -17.109    -0.227     (0)  
   CrCl+2          3.810e-22   2.965e-22   -21.419   -21.528    -0.109     (0)  
   Cr2(OH)2+4      3.553e-22   1.325e-22   -21.449   -21.878    -0.428     (0)  
   Cr3(OH)4+5      9.705e-25   2.106e-25   -24.013   -24.677    -0.664     (0)  
   CrCl2+          3.814e-26   3.581e-26   -25.419   -25.446    -0.027     (0)  
Cr(5)         4.133e-11
   CrO4-3          4.133e-11   2.339e-11   -10.384   -10.631    -0.247     (0)  
Cr(6)         6.048e-09
   CrO4-2          6.015e-09   4.671e-09    -8.221    -8.331    -0.110     (0)  
   HCrO4-          3.306e-11   3.105e-11   -10.481   -10.508    -0.027     (0)  
   Cr2O7-2         4.100e-20   3.184e-20   -19.387   -19.497    -0.110     (0)  
   H2CrO4          2.892e-21   2.892e-21   -20.539   -20.539     0.000     (0)  
   CrO3Cl-         4.152e-23   3.899e-23   -22.382   -22.409    -0.027     (0)  
F             9.211e-05
   F-              9.200e-05   8.633e-05    -4.036    -4.064    -0.028     (0)  
   CaF+            5.983e-08   5.618e-08    -7.223    -7.250    -0.027     (0)  
   MgF+            3.265e-08   3.065e-08    -7.486    -7.514    -0.027     (0)  
   NaF             2.131e-08   2.131e-08    -7.672    -7.672     0.000     (0)  
   AsO3F-2         1.333e-09   1.035e-09    -8.875    -8.985    -0.110     (0)  
   HF              2.665e-10   2.665e-10    -9.574    -9.574     0.000     (0)  
   MnF+            2.118e-10   1.989e-10    -9.674    -9.701    -0.027     (0)  
   SrF+            1.605e-10   1.507e-10    -9.795    -9.822    -0.027     (0)  
   BaF+            2.816e-11   2.644e-11   -10.550   -10.578    -0.027     (0)  
   HAsO3F-         1.633e-12   1.534e-12   -11.787   -11.814    -0.027     (0)  
   PO3F-2          2.214e-13   1.719e-13   -12.655   -12.765    -0.110     (0)  
   FeF+            2.312e-14   2.171e-14   -13.636   -13.663    -0.027     (0)  
   HF2-            5.958e-15   5.594e-15   -14.225   -14.252    -0.027     (0)  
   AlF3            9.897e-16   9.897e-16   -15.004   -15.004     0.000     (0)  
   AlF2+           9.698e-16   9.106e-16   -15.013   -15.041    -0.027     (0)  
   AlF+2           3.404e-17   2.649e-17   -16.468   -16.577    -0.109     (0)  
   AlF4-           2.286e-17   2.146e-17   -16.641   -16.668    -0.027     (0)  
   HPO3F-          4.594e-18   4.314e-18   -17.338   -17.365    -0.027     (0)  
   UO2F+           5.840e-19   5.484e-19   -18.234   -18.261    -0.027     (0)  
   H2F2            1.739e-19   1.739e-19   -18.760   -18.760     0.000     (0)  
   UO2F2           1.420e-19   1.420e-19   -18.848   -18.848     0.000     (0)  
   FeF2+           2.081e-20   1.954e-20   -19.682   -19.709    -0.027     (0)  
   FeF+2           1.787e-20   1.391e-20   -19.748   -19.857    -0.109     (0)  
   UO2F3-          2.416e-21   2.268e-21   -20.617   -20.644    -0.027     (0)  
   UO2F4-2         1.503e-24   1.167e-24   -23.823   -23.933    -0.110     (0)  
   H2PO3F          5.505e-26   5.505e-26   -25.259   -25.259     0.000     (0)  
   SiF6-2          2.441e-37   1.896e-37   -36.612   -36.722    -0.110     (0)  
   UF3+            0.000e+00   0.000e+00   -43.668   -43.695    -0.027     (0)  
   UF4             0.000e+00   0.000e+00   -43.817   -43.817     0.000     (0)  
   UF2+2           0.000e+00   0.000e+00   -44.875   -44.984    -0.109     (0)  
   UF5-            0.000e+00   0.000e+00   -46.524   -46.552    -0.027     (0)  
   UF+3            0.000e+00   0.000e+00   -47.604   -47.847    -0.243     (0)  
   UF6-2           0.000e+00   0.000e+00   -48.475   -48.585    -0.110     (0)  
Fe(2)         5.858e-11
   FeCO3           2.939e-11   2.939e-11   -10.532   -10.532     0.000     (0)  
   Fe+2            1.402e-11   1.098e-11   -10.853   -10.959    -0.106     (0)  
   FeHCO3+         1.301e-11   1.222e-11   -10.886   -10.913    -0.027     (0)  
   FeOH+           1.853e-12   1.740e-12   -11.732   -11.759    -0.027     (0)  
   FeSO4           2.636e-13   2.636e-13   -12.579   -12.579     0.000     (0)  
   FeF+            2.312e-14   2.171e-14   -13.636   -13.663    -0.027     (0)  
   FePO4-          1.500e-14   1.408e-14   -13.824   -13.851    -0.027     (0)  
   Fe(OH)2         6.926e-15   6.926e-15   -14.160   -14.160     0.000     (0)  
   FeHPO4          2.757e-15   2.757e-15   -14.560   -14.560     0.000     (0)  
   FeCl+           4.582e-16   4.302e-16   -15.339   -15.366    -0.027     (0)  
   Fe(OH)3-        1.472e-16   1.382e-16   -15.832   -15.860    -0.027     (0)  
   FeCl2           1.242e-22   1.242e-22   -21.906   -21.906     0.000     (0)  
   Fe(OH)4-2       8.916e-23   6.924e-23   -22.050   -22.160    -0.110     (0)  
   FeH2PO4+        7.375e-25   6.925e-25   -24.132   -24.160    -0.027     (0)  
   FeCl4-2         1.334e-30   1.036e-30   -29.875   -29.985    -0.110     (0)  
Fe(3)         1.527e-06
   Fe(OH)3         1.341e-06   1.341e-06    -5.872    -5.872     0.000     (0)  
   Fe(OH)4-        1.798e-07   1.689e-07    -6.745    -6.772    -0.027     (0)  
   Fe(OH)2+        6.095e-09   5.723e-09    -8.215    -8.242    -0.027     (0)  
   FeOH+2          4.431e-14   3.449e-14   -13.354   -13.462    -0.109     (0)  
   FeCO3+          3.010e-15   2.826e-15   -14.521   -14.549    -0.027     (0)  
   FeHPO4+         1.084e-17   1.018e-17   -16.965   -16.992    -0.027     (0)  
   FeF2+           2.081e-20   1.954e-20   -19.682   -19.709    -0.027     (0)  
   Fe+3            1.798e-20   1.066e-20   -19.745   -19.972    -0.227     (0)  
   FeF+2           1.787e-20   1.391e-20   -19.748   -19.857    -0.109     (0)  
   FeSO4+          1.690e-22   1.587e-22   -21.772   -21.800    -0.027     (0)  
   Fe(SO4)2-       4.261e-25   4.001e-25   -24.370   -24.398    -0.027     (0)  
   FeCl+2          1.250e-25   9.728e-26   -24.903   -25.012    -0.109     (0)  
   Fe2(OH)2+4      8.582e-26   3.201e-26   -25.066   -25.495    -0.428     (0)  
   FeCl2+          4.413e-27   4.144e-27   -26.355   -26.383    -0.027     (0)  
   Fe3(OH)4+5      1.764e-31   3.827e-32   -30.754   -31.417    -0.664     (0)  
   FeH2PO4+2       2.549e-32   1.984e-32   -31.594   -31.702    -0.109     (0)  
   FeCl4-          1.529e-38   1.436e-38   -37.816   -37.843    -0.027     (0)  
H(0)          6.434e-29
   H2              3.217e-29   3.219e-29   -28.493   -28.492     0.000     (0)  
K             4.450e-05
   K+              4.445e-05   4.169e-05    -4.352    -4.380    -0.028     (0)  
   KSO4-           5.439e-08   5.107e-08    -7.264    -7.292    -0.027     (0)  
   KCl             7.576e-11   7.576e-11   -10.121   -10.121     0.000     (0)  
   KOH             7.244e-11   7.244e-11   -10.140   -10.140     0.000     (0)  
   KHPO4-          1.687e-11   1.584e-11   -10.773   -10.800    -0.027     (0)  
   KHSO4           9.125e-17   9.125e-17   -16.040   -16.040     0.000     (0)  
   KP2O7-3         1.274e-20   7.211e-21   -19.895   -20.142    -0.247     (0)  
Mg            2.037e-05
   Mg+2            1.860e-05   1.469e-05    -4.730    -4.833    -0.103     (0)  
   MgCO3           7.424e-07   7.424e-07    -6.129    -6.129     0.000     (0)  
   MgSO4           6.006e-07   6.006e-07    -6.221    -6.221     0.000     (0)  
   MgHCO3+         3.858e-07   3.623e-07    -6.414    -6.441    -0.027     (0)  
   MgF+            3.265e-08   3.065e-08    -7.486    -7.514    -0.027     (0)  
   MgPO4-          9.150e-10   8.592e-10    -9.039    -9.066    -0.027     (0)  
   MgHPO4          7.532e-10   7.532e-10    -9.123    -9.123     0.000     (0)  
   MgCl+           6.557e-10   6.157e-10    -9.183    -9.211    -0.027     (0)  
   MgP2O7-2        2.577e-16   2.001e-16   -15.589   -15.699    -0.110     (0)  
   MgH2PO4+        9.000e-20   8.451e-20   -19.046   -19.073    -0.027     (0)  
   Mg4(OH)4+4      1.400e-24   5.223e-25   -23.854   -24.282    -0.428     (0)  
Mn(2)         2.567e-07
   MnCO3           1.413e-07   1.413e-07    -6.850    -6.850     0.000     (0)  
   Mn+2            1.093e-07   8.559e-08    -6.962    -7.068    -0.106     (0)  
   MnSO4           3.217e-09   3.217e-09    -8.493    -8.493     0.000     (0)  
   MnHCO3+         1.472e-09   1.382e-09    -8.832    -8.860    -0.027     (0)  
   MnOH+           1.174e-09   1.102e-09    -8.930    -8.958    -0.027     (0)  
   MnF+            2.118e-10   1.989e-10    -9.674    -9.701    -0.027     (0)  
   MnPO4-          2.127e-11   1.997e-11   -10.672   -10.700    -0.027     (0)  
   MnHPO4          2.052e-11   2.052e-11   -10.688   -10.688     0.000     (0)  
   MnCl+           1.053e-11   9.883e-12   -10.978   -11.005    -0.027     (0)  
   Mn(OH)2         1.356e-12   1.356e-12   -11.868   -11.868     0.000     (0)  
   Mn2(OH)3+       1.236e-12   1.161e-12   -11.908   -11.935    -0.027     (0)  
   MnH2PO4+        4.121e-15   3.870e-15   -14.385   -14.412    -0.027     (0)  
   Mn(OH)3-        6.789e-16   6.375e-16   -15.168   -15.196    -0.027     (0)  
   Mn2OH+3         1.769e-16   1.011e-16   -15.752   -15.995    -0.243     (0)  
   MnCl3-          6.560e-21   6.160e-21   -20.183   -20.210    -0.027     (0)  
   Mn(OH)4-2       3.484e-21   2.705e-21   -20.458   -20.568    -0.110     (0)  
Mn(3)         4.115e-29
   Mn+3            4.115e-29   2.352e-29   -28.386   -28.629    -0.243     (0)  
Mn(6)         2.204e-40
   MnO4-2          2.204e-40   1.712e-40   -39.657   -39.767    -0.110     (0)  
Mn(7)         0.000e+00
   MnO4-           0.000e+00   0.000e+00   -45.073   -45.101    -0.028     (0)  
Na            2.458e-03
   Na+             2.447e-03   2.298e-03    -2.611    -2.639    -0.027     (0)  
   NaHCO3          6.917e-06   6.917e-06    -5.160    -5.160     0.000     (0)  
   NaSO4-          2.449e-06   2.300e-06    -5.611    -5.638    -0.027     (0)  
   NaHSiO3         7.670e-07   7.670e-07    -6.115    -6.115     0.000     (0)  
   NaCO3-          4.023e-07   3.778e-07    -6.395    -6.423    -0.027     (0)  
   NaCl            2.174e-08   2.174e-08    -7.663    -7.663     0.000     (0)  
   NaF             2.131e-08   2.131e-08    -7.672    -7.672     0.000     (0)  
   NaOH            1.971e-09   1.971e-09    -8.705    -8.705     0.000     (0)  
   NaHPO4-         1.284e-09   1.205e-09    -8.891    -8.919    -0.027     (0)  
   NaAlO2          1.220e-11   1.220e-11   -10.914   -10.914     0.000     (0)  
   NaP2O7-3        5.649e-19   3.197e-19   -18.248   -18.495    -0.247     (0)  
   NaHP2O7-2       1.662e-19   1.291e-19   -18.779   -18.889    -0.110     (0)  
   Na2P2O7-2       7.514e-20   5.835e-20   -19.124   -19.234    -0.110     (0)  
O(0)          9.376e-06
   O2              4.688e-06   4.692e-06    -5.329    -5.329     0.000     (0)  
P(-3)         0.000e+00
   PH4+            0.000e+00   0.000e+00  -175.849  -175.877    -0.027     (0)  
P(5)          9.686e-08
   HPO4-2          8.122e-08   6.308e-08    -7.090    -7.200    -0.110     (0)  
   CaPO4-          5.905e-09   5.544e-09    -8.229    -8.256    -0.027     (0)  
   CaHPO4          4.422e-09   4.422e-09    -8.354    -8.354     0.000     (0)  
   H2PO4-          2.262e-09   2.124e-09    -8.645    -8.673    -0.027     (0)  
   NaHPO4-         1.284e-09   1.205e-09    -8.891    -8.919    -0.027     (0)  
   MgPO4-          9.150e-10   8.592e-10    -9.039    -9.066    -0.027     (0)  
   MgHPO4          7.532e-10   7.532e-10    -9.123    -9.123     0.000     (0)  
   PO4-3           2.551e-11   1.444e-11   -10.593   -10.841    -0.247     (0)  
   MnPO4-          2.127e-11   1.997e-11   -10.672   -10.700    -0.027     (0)  
   MnHPO4          2.052e-11   2.052e-11   -10.688   -10.688     0.000     (0)  
   KHPO4-          1.687e-11   1.584e-11   -10.773   -10.800    -0.027     (0)  
   SrHPO4          8.624e-12   8.624e-12   -11.064   -11.064     0.000     (0)  
   PO3F-2          2.214e-13   1.719e-13   -12.655   -12.765    -0.110     (0)  
   FePO4-          1.500e-14   1.408e-14   -13.824   -13.851    -0.027     (0)  
   MnH2PO4+        4.121e-15   3.870e-15   -14.385   -14.412    -0.027     (0)  
   FeHPO4          2.757e-15   2.757e-15   -14.560   -14.560     0.000     (0)  
   CaP2O7-2        7.397e-16   5.745e-16   -15.131   -15.241    -0.110     (0)  
   H3PO4           6.560e-16   6.560e-16   -15.183   -15.183     0.000     (0)  
   MgP2O7-2        2.577e-16   2.001e-16   -15.589   -15.699    -0.110     (0)  
   UO2PO4-         2.177e-16   2.045e-16   -15.662   -15.689    -0.027     (0)  
   FeHPO4+         1.084e-17   1.018e-17   -16.965   -16.992    -0.027     (0)  
   HPO3F-          4.594e-18   4.314e-18   -17.338   -17.365    -0.027     (0)  
   HP2O7-3         4.508e-18   2.551e-18   -17.346   -17.593    -0.247     (0)  
   P2O7-4          2.159e-18   7.844e-19   -17.666   -18.105    -0.440     (0)  
   UO2HPO4         9.345e-19   9.345e-19   -18.029   -18.029     0.000     (0)  
   NaP2O7-3        5.649e-19   3.197e-19   -18.248   -18.495    -0.247     (0)  
   CaH2PO4+        4.295e-19   4.033e-19   -18.367   -18.394    -0.027     (0)  
   SrP2O7-2        2.749e-19   2.135e-19   -18.561   -18.671    -0.110     (0)  
   NaHP2O7-2       1.662e-19   1.291e-19   -18.779   -18.889    -0.110     (0)  
   MgH2PO4+        9.000e-20   8.451e-20   -19.046   -19.073    -0.027     (0)  
   Na2P2O7-2       7.514e-20   5.835e-20   -19.124   -19.234    -0.110     (0)  
   AlHPO4+         5.178e-20   4.862e-20   -19.286   -19.313    -0.027     (0)  
   H2P2O7-2        2.705e-20   2.100e-20   -19.568   -19.678    -0.110     (0)  
   KP2O7-3         1.274e-20   7.211e-21   -19.895   -20.142    -0.247     (0)  
   SrH2PO4+        8.572e-22   8.049e-22   -21.067   -21.094    -0.027     (0)  
   UO2H2PO4+       3.389e-24   3.182e-24   -23.470   -23.497    -0.027     (0)  
   FeH2PO4+        7.375e-25   6.925e-25   -24.132   -24.160    -0.027     (0)  
   H2PO3F          5.505e-26   5.505e-26   -25.259   -25.259     0.000     (0)  
   H3P2O7-         1.027e-26   9.643e-27   -25.988   -26.016    -0.027     (0)  
   UO2(H2PO4)2     4.725e-30   4.725e-30   -29.326   -29.326     0.000     (0)  
   FeH2PO4+2       2.549e-32   1.984e-32   -31.594   -31.702    -0.109     (0)  
   AlH2PO4+2       6.247e-33   4.862e-33   -32.204   -32.313    -0.109     (0)  
   UO2H3PO4+2      3.561e-33   2.771e-33   -32.448   -32.557    -0.109     (0)  
   H4P2O7          5.671e-34   5.671e-34   -33.246   -33.246     0.000     (0)  
   UO2(H2PO4)(H3PO4)+   1.027e-37   9.646e-38   -36.988   -37.016    -0.027     (0)  
S(6)          2.011e-04
   SO4-2           1.951e-04   1.515e-04    -3.710    -3.820    -0.110     (0)  
   CaSO4           2.833e-06   2.833e-06    -5.548    -5.548     0.000     (0)  
   NaSO4-          2.449e-06   2.300e-06    -5.611    -5.638    -0.027     (0)  
   MgSO4           6.006e-07   6.006e-07    -6.221    -6.221     0.000     (0)  
   KSO4-           5.439e-08   5.107e-08    -7.264    -7.292    -0.027     (0)  
   SrSO4           3.600e-08   3.600e-08    -7.444    -7.444     0.000     (0)  
   MnSO4           3.217e-09   3.217e-09    -8.493    -8.493     0.000     (0)  
   HSO4-           3.289e-11   3.088e-11   -10.483   -10.510    -0.027     (0)  
   FeSO4           2.636e-13   2.636e-13   -12.579   -12.579     0.000     (0)  
   KHSO4           9.125e-17   9.125e-17   -16.040   -16.040     0.000     (0)  
   UO2SO4          1.002e-20   1.002e-20   -19.999   -19.999     0.000     (0)  
   AlSO4+          5.067e-21   4.757e-21   -20.295   -20.323    -0.027     (0)  
   FeSO4+          1.690e-22   1.587e-22   -21.772   -21.800    -0.027     (0)  
   Al(SO4)2-       5.959e-23   5.595e-23   -22.225   -22.252    -0.027     (0)  
   H2SO4           5.748e-23   5.748e-23   -22.240   -22.240     0.000     (0)  
   UO2(SO4)2-2     1.749e-23   1.358e-23   -22.757   -22.867    -0.110     (0)  
   Fe(SO4)2-       4.261e-25   4.001e-25   -24.370   -24.398    -0.027     (0)  
   USO4+2          0.000e+00   0.000e+00   -50.217   -50.326    -0.109     (0)  
   U(SO4)2         0.000e+00   0.000e+00   -50.301   -50.301     0.000     (0)  
Si            1.314e-04
   SiO2            1.230e-04   1.230e-04    -3.910    -3.910     0.000     (0)  
   HSiO3-          7.603e-06   7.139e-06    -5.119    -5.146    -0.027     (0)  
   NaHSiO3         7.670e-07   7.670e-07    -6.115    -6.115     0.000     (0)  
   H2SiO4-2        4.363e-10   3.388e-10    -9.360    -9.470    -0.110     (0)  
   H6(H2SiO4)4-2   1.697e-12   1.318e-12   -11.770   -11.880    -0.110     (0)  
   H4(H2SiO4)4-4   4.565e-17   1.659e-17   -16.341   -16.780    -0.440     (0)  
   SiF6-2          2.441e-37   1.896e-37   -36.612   -36.722    -0.110     (0)  
Sr            1.609e-06
   Sr+2            1.527e-06   1.191e-06    -5.816    -5.924    -0.108     (0)  
   SrCO3           4.625e-08   4.625e-08    -7.335    -7.335     0.000     (0)  
   SrSO4           3.600e-08   3.600e-08    -7.444    -7.444     0.000     (0)  
   SrF+            1.605e-10   1.507e-10    -9.795    -9.822    -0.027     (0)  
   SrCl+           4.062e-11   3.814e-11   -10.391   -10.419    -0.027     (0)  
   SrOH+           3.260e-11   3.061e-11   -10.487   -10.514    -0.027     (0)  
   SrHPO4          8.624e-12   8.624e-12   -11.064   -11.064     0.000     (0)  
   SrP2O7-2        2.749e-19   2.135e-19   -18.561   -18.671    -0.110     (0)  
   SrH2PO4+        8.572e-22   8.049e-22   -21.067   -21.094    -0.027     (0)  
U(3)          0.000e+00
   U+3             0.000e+00   0.000e+00   -66.122   -66.365    -0.243     (0)  
U(4)          1.720e-23
   U(OH)4          1.720e-23   1.720e-23   -22.765   -22.765     0.000     (0)  
   U(CO3)4-4       1.772e-35   6.440e-36   -34.751   -35.191    -0.440     (0)  
   U(CO3)5-6       2.523e-40   0.000e+00   -39.598   -40.587    -0.989     (0)  
   UF3+            0.000e+00   0.000e+00   -43.668   -43.695    -0.027     (0)  
   UF4             0.000e+00   0.000e+00   -43.817   -43.817     0.000     (0)  
   UOH+3           0.000e+00   0.000e+00   -44.635   -44.878    -0.243     (0)  
   UF2+2           0.000e+00   0.000e+00   -44.875   -44.984    -0.109     (0)  
   UF5-            0.000e+00   0.000e+00   -46.524   -46.552    -0.027     (0)  
   UF+3            0.000e+00   0.000e+00   -47.604   -47.847    -0.243     (0)  
   UF6-2           0.000e+00   0.000e+00   -48.475   -48.585    -0.110     (0)  
   USO4+2          0.000e+00   0.000e+00   -50.217   -50.326    -0.109     (0)  
   U(SO4)2         0.000e+00   0.000e+00   -50.301   -50.301     0.000     (0)  
   U+4             0.000e+00   0.000e+00   -52.615   -53.043    -0.428     (0)  
   UCl+3           0.000e+00   0.000e+00   -55.358   -55.600    -0.243     (0)  
U(5)          1.747e-22
   UO2+            1.747e-22   1.640e-22   -21.758   -21.785    -0.027     (0)  
   UO2(CO3)3-5     2.276e-27   4.678e-28   -26.643   -27.330    -0.687     (0)  
U(6)          8.402e-11
   UO2(CO3)3-4     6.765e-11   2.458e-11   -10.170   -10.609    -0.440     (0)  
   UO2(CO3)2-2     1.527e-11   1.186e-11   -10.816   -10.926    -0.110     (0)  
   UO2(OH)2        6.550e-13   6.550e-13   -12.184   -12.184     0.000     (0)  
   UO2(OH)3-       4.329e-13   4.065e-13   -12.364   -12.391    -0.027     (0)  
   UO2CO3          1.287e-14   1.287e-14   -13.890   -13.890     0.000     (0)  
   UO2PO4-         2.177e-16   2.045e-16   -15.662   -15.689    -0.027     (0)  
   UO2OH+          1.820e-16   1.709e-16   -15.740   -15.767    -0.027     (0)  
   UO2(OH)4-2      4.088e-18   3.174e-18   -17.389   -17.498    -0.110     (0)  
   (UO2)2CO3(OH)3-   2.470e-18   2.319e-18   -17.607   -17.635    -0.027     (0)  
   UO2HPO4         9.345e-19   9.345e-19   -18.029   -18.029     0.000     (0)  
   UO2F+           5.840e-19   5.484e-19   -18.234   -18.261    -0.027     (0)  
   UO2F2           1.420e-19   1.420e-19   -18.848   -18.848     0.000     (0)  
   UO2+2           6.915e-20   5.382e-20   -19.160   -19.269    -0.109     (0)  
   UO2SO4          1.002e-20   1.002e-20   -19.999   -19.999     0.000     (0)  
   UO2F3-          2.416e-21   2.268e-21   -20.617   -20.644    -0.027     (0)  
   UO2(SO4)2-2     1.749e-23   1.358e-23   -22.757   -22.867    -0.110     (0)  
   UO2Cl+          4.599e-24   4.318e-24   -23.337   -23.365    -0.027     (0)  
   UO2H2PO4+       3.389e-24   3.182e-24   -23.470   -23.497    -0.027     (0)  
   UO2F4-2         1.503e-24   1.167e-24   -23.823   -23.933    -0.110     (0)  
   (UO2)2(OH)2+2   2.218e-27   1.726e-27   -26.654   -26.763    -0.109     (0)  
   (UO2)3(OH)7-    1.172e-28   1.101e-28   -27.931   -27.958    -0.027     (0)  
   (UO2)3(CO3)6-6   2.174e-29   2.228e-30   -28.663   -29.652    -0.989     (0)  
   UO2Cl2          1.191e-29   1.191e-29   -28.924   -28.924     0.000     (0)  
   UO2(H2PO4)2     4.725e-30   4.725e-30   -29.326   -29.326     0.000     (0)  
   (UO2)3(OH)5+    1.409e-30   1.323e-30   -29.851   -29.878    -0.027     (0)  
   (UO2)2OH+3      4.984e-33   2.849e-33   -32.302   -32.545    -0.243     (0)  
   UO2H3PO4+2      3.561e-33   2.771e-33   -32.448   -32.557    -0.109     (0)  
   (UO2)3(OH)4+2   1.488e-35   1.158e-35   -34.828   -34.936    -0.109     (0)  
   (UO2)3(OH)5CO2+   5.334e-36   5.008e-36   -35.273   -35.300    -0.027     (0)  
   (UO2)3O(OH)2(HCO3)+   4.301e-36   4.038e-36   -35.366   -35.394    -0.027     (0)  
   UO2(H2PO4)(H3PO4)+   1.027e-37   9.646e-38   -36.988   -37.016    -0.027     (0)  
   (UO2)4(OH)7+    7.943e-39   7.459e-39   -38.100   -38.127    -0.027     (0)  
   UO2ClO3+        0.000e+00   0.000e+00   -92.881   -92.908    -0.027     (0)  
   (UO2)11(CO3)6(OH)12-2   0.000e+00   0.000e+00   -97.027   -97.136    -0.110     (0)  

------------------------------Saturation indices-------------------------------

  Phase               SI** log IAP   log K(298 K,   1 atm)

  (UO2)2As2O7    -119.12   -111.47    7.65  (UO2)2As2O7
  (UO2)2Cl3       -66.51    -53.86   12.65  (UO2)2Cl3
  (UO2)2P2O7      -38.15    -52.94  -14.79  (UO2)2P2O7
  (UO2)3(AsO4)2  -122.59   -113.34    9.25  (UO2)3(AsO4)2
  (UO2)3(PO4)2    -40.67    -54.81  -14.13  (UO2)3(PO4)2
  (UO2)3(PO4)2:4H2O -27.74    -54.81  -27.06  (UO2)3(PO4)2:4H2O
  Afwillite       -27.19     32.70   59.89  Ca3Si2O4(OH)6
  Akermanite      -13.40     31.76   45.16  Ca2MgSi2O7
  Al             -139.10     10.58  149.69  Al
  Al(g)          -189.73     10.58  200.32  Al
  Al2(SO4)3       -69.30    -50.48   18.81  Al2(SO4)3
  Al2(SO4)3:6H2O  -51.99    -50.49    1.51  Al2(SO4)3:6H2O
  Albite           -1.73      0.92    2.65  NaAlSi3O8
  Albite_high      -3.04      0.92    3.96  NaAlSi3O8
  Albite_low       -1.73      0.92    2.65  NaAlSi3O8
  AlF3            -14.43    -31.70  -17.27  AlF3
  Alstonite        -0.78      1.80    2.58  BaCa(CO3)2
  Alum-K          -26.56    -31.53   -4.97  KAl(SO4)2:12H2O
  Alunite         -17.83    -18.36   -0.52  KAl3(OH)6(SO4)2
  Amesite-14A      -6.29     68.80   75.09  Mg4Al4Si2O10(OH)8
  Analcime         -1.87      4.17    6.04  Na.96Al.96Si2.04O6:H2O
  Analcime-dehy    -8.23      4.17   12.40  Na.96Al.96Si2.04O6
  Andalusite       -6.56      9.26   15.82  Al2SiO5
  Andradite         7.93     41.04   33.12  Ca3Fe2(SiO4)3
  Anhydrite        -3.36     -7.71   -4.35  CaSO4
  Annite          -10.77     18.50   29.27  KFe3AlSi3O10(OH)2
  Anorthite        -7.55     18.86   26.41  CaAl2(SiO4)2
  Antarcticite    -16.53    -12.43    4.09  CaCl2:6H2O
  Anthophyllite    -9.68     56.69   66.37  Mg7Si8O22(OH)2
  Antigorite       -4.57    470.27  474.85  Mg48Si34O85(OH)62
  Aphthitalite    -19.53    -23.42   -3.89  NaK3(SO4)2
  Aragonite         0.17      2.13    1.96  CaCO3
  Arcanite        -10.74    -12.58   -1.84  K2SO4
  Arsenolite     -113.80   -133.63  -19.82  As2O3
  Artinite         -5.84     13.76   19.60  Mg2CO3(OH)2:3H2O
  As             -105.43    -62.82   42.62  As
  As2O5          -109.86   -107.73    2.13  As2O5
  As4O6(cubi)    -227.47   -267.25  -39.78  As4O6
  As4O6(mono)    -227.24   -267.25  -40.01  As4O6
  Autunite-H      -27.58    -52.94  -25.36  H2(UO2)2(PO4)2
  Ba             -127.33     13.71  141.04  Ba
  Ba(OH)2:8H2O    -13.43     11.05   24.48  Ba(OH)2:8H2O
  Ba2Si3O8        -12.84     10.36   23.20  Ba2Si3O8
  Ba2SiO4         -26.31     18.18   44.49  Ba2SiO4
  Ba2U2O7         -40.48     -4.08   36.40  Ba2U2O7
  Ba3UO6          -62.96     31.27   94.23  Ba3UO6
  BaCl2           -17.12    -14.89    2.23  BaCl2
  BaCl2:2H2O      -15.11    -14.89    0.21  BaCl2:2H2O
  BaCl2:H2O       -15.72    -14.89    0.83  BaCl2:H2O
  BaCrO4           -4.75    -14.68   -9.94  BaCrO4
  BaHPO4           -6.15    -13.55   -7.40  BaHPO4
  BaMnO4          -36.03    -46.12  -10.09  BaMnO4
  BaO             -36.69     11.05   47.73  BaO
  Barite           -0.17    -10.17  -10.01  BaSO4
  Barytocalcite    -0.94      1.80    2.74  BaCa(CO3)2
  BaSiF6          -37.25    -69.45  -32.19  BaSiF6
  Bassanite        -4.00     -7.71   -3.71  CaSO4:0.5H2O
  Bassetite       -28.73    -46.50  -17.77  Fe(UO2)2(PO4)2
  BaU2O7          -14.61      7.31   21.91  BaU2O7
  BaUO4            -8.99      9.18   18.16  BaUO4
  Beidellite-Ca    -2.18      3.23    5.41  Ca.165Al2.33Si3.67O10(OH)2
  Beidellite-H     -3.46      1.00    4.45  H.33Al2.33Si3.67O10(OH)2
  Beidellite-K     -2.70      2.42    5.13  K.33Al2.33Si3.67O10(OH)2
  Beidellite-Mg    -2.30      3.07    5.37  Mg.165Al2.33Si3.67O10(OH)2
  Beidellite-Na    -2.47      3.00    5.46  Na.33Al2.33Si3.67O10(OH)2
  Berlinite       -10.72    -18.01   -7.29  AlPO4
  Birnessite      -34.29   -119.84  -85.55  Mn8O14:5H2O
  Bischofite      -17.77    -13.37    4.39  MgCl2:6H2O
  Bixbyite         -4.05     -5.06   -1.01  Mn2O3
  Bloedite        -15.27    -17.75   -2.48  Na2Mg(SO4)2:4H2O
  Boehmite         -0.94      6.59    7.52  AlO2H
  Boltwoodite     -16.34     -1.46   14.89  K(H3O)(UO2)SiO4
  Boltwoodite-Na  -14.82     -0.24   14.58  Na.7K.3(H3O)(UO2)SiO4:H2O
  Brucite          -3.69     12.57   16.26  Mg(OH)2
  Brushite        -17.64    -11.09    6.55  CaHPO4:2H2O
  Burkeite        -26.93    -17.44    9.49  Na6CO3(SO4)2
  C               -70.10     -6.04   64.05  C
  C(g)           -187.55     -6.04  181.51  C
  Ca             -123.47     16.17  139.64  Ca
  Ca(g)          -148.67     16.17  164.84  Ca
  Ca-Al_Pyroxene  -13.05     22.77   35.82  CaAl2SiO6
  Ca2Al2O5:8H2O   -19.38     40.18   59.57  Ca2Al2O5:8H2O
  Ca2Cl2(OH)2:H2O -25.22      1.07   26.29  Ca2Cl2(OH)2:H2O
  Ca3(AsO4)2      -84.98    -67.22   17.77  Ca3(AsO4)2
  Ca3Al2O6        -59.15     53.69  112.84  Ca3Al2O6
  Ca4Al2Fe2O10    -60.76     79.45  140.22  Ca4Al2Fe2O10
  Ca4Al2O7:13H2O  -40.06     67.20  107.25  Ca4Al2O7:13H2O
  Ca4Al2O7:19H2O  -36.49     67.20  103.68  Ca4Al2O7:19H2O
  Ca4Cl2(OH)6:13H2O -40.25     28.08   68.33  Ca4Cl2(OH)6:13H2O
  CaAl2O4         -20.13     26.68   46.81  CaAl2O4
  CaAl2O4:10H2O   -11.32     26.68   37.99  CaAl2O4:10H2O
  CaAl4O7         -28.57     39.85   68.42  CaAl4O7
  Calcite           0.31      2.13    1.82  CaCO3
  Carnallite      -26.30    -22.02    4.27  KMgCl3:6H2O
  CaSO4:0.5H2O(beta)  -4.17     -7.71   -3.54  CaSO4:0.5H2O
  CaUO4            -4.27     11.64   15.90  CaUO4
  Celadonite        0.54      7.83    7.29  KMgAlSi4O10(OH)2
  Celestite        -4.02     -9.74   -5.73  SrSO4
  Chalcedony       -0.16     -3.91   -3.75  SiO2
  Chamosite-7A    -10.53     22.14   32.67  Fe2Al2SiO5(OH)4
  Chloromagnesite -35.15    -13.37   21.78  MgCl2
  Chromite          9.33     24.42   15.10  FeCr2O4
  Chrysotile       -1.10     29.88   30.98  Mg3Si2O5(OH)4
  Cl2(g)          -31.59    -28.60    2.98  Cl2
  Claudetite     -113.85   -133.63  -19.78  As2O3
  Clinochlore-14A  -2.63     64.28   66.91  Mg5Al2Si3O10(OH)8
  Clinochlore-7A   -6.00     64.28   70.28  Mg5Al2Si3O10(OH)8
  Clinoptilolite   -2.62    -12.91  -10.30  Na.954K.543Ca.761Mg.124Sr.036Ba.062Mn.002Al3.45Fe.017Si14.5330O46.922H21.844
  Clinoptilolite-Ca  -3.05    -10.58   -7.53  Ca1.7335Al3.45Fe.017Si14.533O36:10.922H2O
  Clinoptilolite-dehy -38.21    -12.91   25.29  Sr.036Mg.124Ca.761Mn.002Ba.062K.543Na.954Al3.45Fe.017Si14.533O36
  Clinoptilolite-dehy-Ca -38.65    -10.58   28.06  Ca1.7335Al3.45Fe.017Si14.533O36
  Clinoptilolite-dehy-K -43.18    -19.02   24.16  K3.467Al3.45Fe.017Si14.533O36
  Clinoptilolite-dehy-Na -40.93    -12.98   27.95  Na3.467Al3.45Fe.017Si14.533O36
  Clinoptilolite-dehy-Sr -42.02    -14.10   27.92  Sr1.7335Al3.45Fe.017Si14.533O36
  Clinoptilolite-hy-Ca  -3.05    -10.58   -7.53  Ca1.7335Al3.45Fe.017Si14.533O36:11.645H2O
  Clinoptilolite-hy-K  -7.57    -19.02  -11.44  K3.467Al3.45Fe.017Si14.533O36:7.499H2O
  Clinoptilolite-hy-Na  -5.34    -12.98   -7.64  Na3.467Al3.45Fe.017Si14.533O36:10.877H2O
  Clinoptilolite-hy-Sr  -6.43    -14.10   -7.67  Sr1.7335Al3.45Fe.017Si14.533O36:13.893H2O
  Clinoptilolite-K  -7.59    -19.02  -11.43  K3.467Al3.45Fe.017Si14.533O36:10.922H2O
  Clinoptilolite-Na  -5.34    -12.98   -7.64  Na3.467Al3.45Fe.017Si14.533O36:10.922H2O
  Clinoptilolite-Sr  -6.43    -14.10   -7.67  Sr1.7335Al3.45Fe.017Si14.533O36:10.922H2O
  Clinozoisite     -7.95     35.04   42.99  Ca2Al3Si3O12(OH)
  CO2(g)           -3.54    -11.37   -7.83  CO2
  Coesite          -0.70     -3.91   -3.21  SiO2
  Coffinite       -14.08    -22.15   -8.08  USiO4
  Cordierite_anhyd -19.99     31.93   51.92  Mg2Al4Si5O18
  Cordierite_hydr -17.51     31.93   49.44  Mg2Al4Si5O18:H2O
  Corundum         -5.06     13.17   18.23  Al2O3
  Cr              -85.53     12.99   98.52  Cr
  CrCl3           -47.80    -29.92   17.88  CrCl3
  CrF3            -20.64    -29.30   -8.66  CrF3
  CrF4            -57.68    -70.02  -12.34  CrF4
  Cristobalite(alpha)  -0.44     -3.91   -3.47  SiO2
  Cristobalite(beta)  -0.88     -3.91   -3.03  SiO2
  CrO2              0.15    -18.97  -19.12  CrO2
  CrO3            -22.17    -25.73   -3.56  CrO3
  Cronstedtite-7A   5.11     21.23   16.12  Fe2Fe2SiO5(OH)4
  Daphnite-14A    -18.33     33.65   51.98  Fe5AlAlSi3O10(OH)8
  Daphnite-7A     -21.70     33.65   55.35  Fe5AlAlSi3O10(OH)8
  Dawsonite        -3.05      1.27    4.32  NaAlCO3(OH)2
  Diaspore         -0.53      6.59    7.12  AlHO2
  Dicalcium_silicate -13.97     23.10   37.08  Ca2SiO4
  Diopside         -2.60     18.25   20.85  CaMgSi2O6
  Dolomite          0.87      3.33    2.46  CaMg(CO3)2
  Dolomite-dis     -0.67      3.33    3.99  CaMg(CO3)2
  Dolomite-ord      0.88      3.33    2.45  CaMg(CO3)2
  Enstatite        -2.61      8.66   11.27  MgSiO3
  Epidote           1.90     34.58   32.68  Ca2FeAl2Si3O12OH
  Epidote-ord       1.91     34.58   32.67  FeCa2Al2(OH)(SiO4)3
  Epsomite         -6.69     -8.65   -1.96  MgSO4:7H2O
  Eskolaite       -34.24    -43.47   -9.23  Cr2O3
  Ettringite      -31.83     30.55   62.37  Ca6Al2(SO4)3(OH)12:26H2O
  F2(g)           -83.81    -28.19   55.62  F2
  Fayalite        -10.05      8.97   19.02  Fe2SiO4
  Fe              -49.83      9.10   58.93  Fe
  Fe(OH)2          -7.43      6.44   13.87  Fe(OH)2
  Fe(OH)3           0.51      6.13    5.62  Fe(OH)3
  Fe2(SO4)3       -54.39    -51.40    2.99  Fe2(SO4)3
  FeF2            -16.65    -19.09   -2.44  FeF2
  FeF3            -12.90    -32.16  -19.26  FeF3
  FeO              -7.06      6.44   13.50  FeO
  Ferrite-Ca        4.33     25.76   21.43  CaFe2O4
  Ferrite-Dicalcium -17.42     39.27   56.69  Ca2Fe2O5
  Ferrite-Mg        3.87     24.82   20.95  MgFe2O4
  Ferrosilite      -4.86      2.53    7.39  FeSiO3
  FeSO4           -17.37    -14.78    2.59  FeSO4
  Fluorapatite      6.14    -19.04  -25.18  Ca5(PO4)3F
  Fluorite         -1.96    -12.02  -10.07  CaF2
  Forsterite       -6.54     21.22   27.76  Mg2SiO4
  Foshagite       -23.42     42.29   65.71  Ca4Si3O9(OH)2:0.5H2O
  Frankdicksonite  -8.72    -14.48   -5.76  BaF2
  Gaylussite       -8.28      2.88   11.16  CaNa2(CO3)2:5H2O
  Gehlenite       -19.83     36.28   56.11  Ca2Al2SiO7
  Gibbsite         -1.13      6.59    7.72  Al(OH)3
  Gismondine       -4.00     37.72   41.72  Ca2Al4Si4O16:9H2O
  Glauberite      -11.34    -16.81   -5.47  Na2Ca(SO4)2
  Goethite          5.61      6.13    0.52  FeOOH
  Greenalite      -11.04     11.50   22.54  Fe3Si2O5(OH)4
  Grossular        -9.71     41.96   51.68  Ca3Al2(SiO4)3
  Gypsum           -3.18     -7.71   -4.53  CaSO4:2H2O
  Gyrolite         -7.50     15.28   22.78  Ca2Si3O7(OH)2:1.5H2O
  H2(g)           -25.39    -28.49   -3.10  H2
  H2O(g)           -1.58     -0.00    1.58  H2O
  Haiweeite        -6.65    -13.69   -7.04  Ca(UO2)2(Si2O5)3:5H2O
  Halite           -8.47     -6.91    1.56  NaCl
  Hatrurite       -36.64     36.61   73.25  Ca3SiO5
  Hausmannite      -4.81      5.28   10.08  Mn3O4
  HCl(g)          -19.25    -12.97    6.28  HCl
  Hedenbergite     -7.37     12.13   19.50  CaFe(SiO3)2
  Hematite         12.21     12.26    0.04  Fe2O3
  Hercynite        -9.11     19.61   28.72  FeAl2O4
  Heulandite       -2.03      1.05    3.08  Ba.065Sr.175Ca.585K.132Na.383Al2.165Si6.835O18:6H2O
  Hexahydrite      -6.93     -8.65   -1.73  MgSO4:6H2O
  Hillebrandite   -13.62     23.10   36.72  Ca2SiO3(OH)2:0.17H2O
  Huntite          -4.46      5.71   10.18  CaMg3(CO3)4
  Hydromagnesite  -13.33     17.34   30.67  Mg5(CO3)4(OH)2:4H2O
  Hydrophilite    -24.16    -12.43   11.73  CaCl2
  Hydroxylapatite  -3.00     -6.27   -3.27  Ca5(OH)(PO4)3
  Ice              -0.14     -0.00    0.14  H2O
  Illite           -1.64      7.20    8.84  K0.6Mg0.25Al1.8Al0.5Si3.5O10(OH)2
  Jadeite          -3.46      4.83    8.29  NaAl(SiO3)2
  Jarosite        -10.28    -19.74   -9.46  KFe3(SO4)2(OH)6
  Jarosite-Na     -12.55    -18.00   -5.45  NaFe3(SO4)2(OH)6
  K               -65.23      5.65   70.88  K
  K(g)            -75.81      5.65   81.47  K
  K-Feldspar       -0.44     -0.82   -0.38  KAlSi3O8
  K2CO3:1.5H2O    -16.11     -2.73   13.38  K2CO3:1.5H2O
  K2O             -75.30      8.64   83.94  K2O
  K2UO4           -27.06      6.77   33.83  K2UO4
  K3H(SO4)2       -25.86    -29.48   -3.62  K3H(SO4)2
  K8H4(CO3)6:3H2O -61.39    -33.68   27.71  K8H4(CO3)6:3H2O
  Kainite         -16.99    -17.30   -0.31  KMgClSO4:3H2O
  KAl(SO4)2       -34.77    -31.53    3.24  KAl(SO4)2
  Kalicinite       -7.34     -7.05    0.28  KHCO3
  Kalsilite        -3.83      7.00   10.82  KAlSiO4
  Kaolinite        -1.33      5.35    6.68  Al2Si2O5(OH)4
  Katoite         -25.25     53.69   78.94  Ca3Al2H12O12
  Kieserite        -8.39     -8.65   -0.27  MgSO4:H2O
  KMgCl3          -43.24    -22.02   21.22  KMgCl3
  KMgCl3:2H2O     -35.97    -22.02   13.94  KMgCl3:2H2O
  KNaCO3:6H2O     -11.25     -0.99   10.26  KNaCO3:6H2O
  KUO2AsO4        -47.24    -51.42   -4.17  KUO2AsO4
  Kyanite          -6.29      9.26   15.55  Al2SiO5
  Lansfordite      -3.65      1.19    4.84  MgCO3:5H2O
  Larnite         -15.27     23.10   38.37  Ca2SiO4
  Laumontite       -2.43     11.04   13.47  CaAl2Si4O12:4H2O
  Lawrencite      -28.53    -19.50    9.03  FeCl2
  Lawsonite        -3.19     18.86   22.05  CaAl2Si2O7(OH)2:H2O
  Leonite         -17.12    -21.23   -4.11  K2Mg(SO4)2:4H2O
  Lime            -19.02     13.51   32.52  CaO
  Lopezite        -25.38    -42.82  -17.44  K2Cr2O7
  Magnesiochromite   8.93     30.55   21.62  MgCr2O4
  Magnesite        -1.07      1.19    2.26  MgCO3
  Magnetite         8.33     18.70   10.37  Fe3O4
  Manganite        -2.36     -2.53   -0.16  MnO(OH)
  Manganosite      -7.56     10.33   17.89  MnO
  Margarite        -8.77     32.03   40.80  CaAl4Si2O10(OH)2
  Maximum_Microcline  -0.44     -0.82   -0.39  KAlSi3O8
  Mayenite       -238.91    254.29  493.20  Ca12Al14O33
  Melanterite     -12.38    -14.78   -2.40  FeSO4:7H2O
  Mercallite      -15.46    -16.90   -1.44  KHSO4
  Merwinite       -23.04     45.26   68.31  MgCa3(SiO4)2
  Mesolite          0.86     14.31   13.45  Na.676Ca.657Al1.99Si3.01O10:2.647H2O
  Mg             -107.11     15.23  122.35  Mg
  Mg(g)          -126.80     15.23  142.04  Mg
  Mg1.25SO4(OH)0.5:0.5H2O -10.68     -5.51    5.17  Mg1.25SO4(OH)0.5:0.5H2O
  Mg1.5SO4(OH)    -11.55     -2.37    9.18  Mg1.5SO4(OH)
  MgCl2:2H2O      -26.08    -13.37   12.71  MgCl2:2H2O
  MgCl2:4H2O      -20.66    -13.37    7.29  MgCl2:4H2O
  MgCl2:H2O       -29.42    -13.37   16.04  MgCl2:H2O
  MgOHCl          -16.27     -0.40   15.86  MgOHCl
  MgSO4           -13.46     -8.65    4.81  MgSO4
  MgUO4           -12.25     10.70   22.95  MgUO4
  Minnesotaite    -10.13      3.68   13.81  Fe3Si4O10(OH)2
  Mirabilite       -7.96     -9.10   -1.14  Na2SO4:10H2O
  Misenite       -102.90   -113.98  -11.08  K8H6(SO4)7
  Mn              -69.82     13.00   82.82  Mn
  Mn(OH)2(am)      -4.95     10.33   15.29  Mn(OH)2
  Mn(OH)3          -8.87     -2.53    6.34  Mn(OH)3
  Mn3(PO4)2       -19.02    -18.20    0.82  Mn3(PO4)2
  MnCl2:2H2O      -19.60    -15.61    3.99  MnCl2:2H2O
  MnCl2:4H2O      -18.36    -15.61    2.75  MnCl2:4H2O
  MnCl2:H2O       -21.14    -15.61    5.53  MnCl2:H2O
  MnHPO4           -1.32    -14.27  -12.95  MnHPO4
  MnO2(gamma)      -7.29    -23.42  -16.13  MnO2
  MnSO4           -13.48    -10.89    2.59  MnSO4
  Molysite        -46.22    -32.78   13.43  FeCl3
  Monohydrocalcite  -0.54      2.13    2.67  CaCO3:H2O
  Monticellite     -7.32     22.16   29.49  CaMgSiO4
  Montmor-Ca       -0.59      1.74    2.32  Ca.165Mg.33Al1.67Si4O10(OH)2
  Montmor-K        -1.04      0.93    1.97  K.33Mg.33Al1.67Si4O10(OH)2
  Montmor-Mg       -0.63      1.58    2.21  Mg.495Al1.67Si4O10(OH)2
  Montmor-Na       -0.80      1.51    2.31  Na.33Mg.33Al1.67Si4O10(OH)2
  Mordenite        -2.14     -7.49   -5.36  Ca.2895Na.361Al.94Si5.06O12:3.468H2O
  Mordenite-dehy  -17.24     -7.49    9.75  Ca.2895Na.361Al.94Si5.06O12
  Muscovite        -1.04     12.35   13.39  KAl3Si3O10(OH)2
  Na              -59.89      7.39   67.28  Na
  Na(g)           -73.35      7.39   80.74  Na
  Na2CO3          -10.40      0.75   11.15  Na2CO3
  Na2CO3:7H2O      -9.20      0.75    9.95  Na2CO3:7H2O
  Na2Cr2O7        -29.16    -39.34  -10.18  Na2Cr2O7
  Na2CrO4         -16.50    -13.61    2.89  Na2CrO4
  Na2O            -55.21     12.12   67.34  Na2O
  Na2SiO3         -13.97      8.21   22.18  Na2SiO3
  Na2U2O7         -14.16      8.38   22.55  Na2U2O7
  Na2UO4(alpha)   -19.72     10.25   29.98  Na2UO4
  Na3H(SO4)2      -23.36    -24.26   -0.89  Na3H(SO4)2
  Na3UO4          -51.07      5.10   56.17  Na3UO4
  Na4Ca(SO4)3:2H2O -20.01    -25.91   -5.89  Na4Ca(SO4)3:2H2O
  Na4SiO4         -50.19     20.34   70.52  Na4SiO4
  Na4UO2(CO3)3    -15.78    -11.74    4.04  Na4UO2(CO3)3
  Na6Si2O7        -72.87     28.55  101.42  Na6Si2O7
  NaFeO2           -7.66     12.19   19.85  NaFeO2
  Nahcolite        -5.17     -5.31   -0.14  NaHCO3
  Natrolite        -4.78     13.57   18.35  Na2Al2Si3O10:2H2O
  Natron           -8.85      0.75    9.60  Na2CO3:10H2O
  Natrosilite     -13.75      4.30   18.05  Na2Si2O5
  NaUO3           -15.34     -7.02    8.32  NaUO3
  Nepheline        -4.98      8.74   13.72  NaAlSiO4
  Nesquehonite     -4.08      1.19    5.28  MgCO3:3H2O
  Ningyoite       -24.12    -53.94  -29.82  CaUP2O8:2H2O
  Nontronite-Ca    14.05      2.31  -11.74  Ca.165Fe2Al.33Si3.67H2O12
  Nontronite-H     12.78      0.08  -12.70  H.33Fe2Al.33Si3.67H2O12
  Nontronite-K     13.52      1.50  -12.02  K.33Fe2Al.33Si3.67H2O12
  Nontronite-Mg    13.93      2.15  -11.78  Mg.165Fe2Al.33Si3.67H2O12
  Nontronite-Na    13.76      2.08  -11.68  Na.33Fe2Al.33Si3.67H2O12
  O2(g)            -2.43     -5.33   -2.90  O2
  Okenite          -4.62      5.69   10.31  CaSi2O4(OH)2:H2O
  Oxychloride-Mg  -13.67     12.16   25.83  Mg2Cl(OH)3:4H2O
  P              -149.79    -17.94  131.85  P
  Paragonite       -3.22     14.09   17.32  NaAl3Si3O10(OH)2
  Pargasite       -21.85     79.64  101.49  NaCa2Al3Mg4Si6O22(OH)2
  Pentahydrite     -7.27     -8.65   -1.39  MgSO4:5H2O
  Periclase        -8.72     12.57   21.29  MgO
  Phlogopite       -0.35     36.88   37.22  KAlMg3Si3O10(OH)2
  Picromerite     -16.79    -21.23   -4.44  K2Mg(SO4)2:6H2O
  Pirssonite       -8.44      2.88   11.32  Na2Ca(CO3)2:2H2O
  Polyhalite      -22.35    -36.66  -14.31  K2MgCa2(SO4)4:2H2O
  Portlandite      -9.01     13.51   22.52  Ca(OH)2
  Prehnite         -4.26     28.46   32.72  Ca2Al2Si3O10(OH)2
  Pseudowollastonite  -4.35      9.60   13.94  CaSiO3
  Pyrolusite       -5.78    -23.42  -17.64  MnO2
  Pyrophyllite     -2.73     -2.47    0.27  Al2Si4O10(OH)2
  Quartz            0.11     -3.91   -4.02  SiO2
  Rankinite       -19.05     32.70   51.75  Ca3Si2O7
  Rhodochrosite    -0.82     -1.04   -0.22  MnCO3
  Rhodonite        -3.25      6.42    9.67  MnSiO3
  Ripidolite-14A   -8.62     52.03   60.64  Mg3Fe2Al2Si3O10(OH)8
  Ripidolite-7A   -11.99     52.03   64.02  Mg3Fe2Al2Si3O10(OH)8
  Rutherfordine    -9.12    -13.24   -4.12  UO2CO3
  Saleeite        -20.87    -40.37  -19.50  Mg(UO2)2(PO4)2
  Sanbornite       -6.17      3.23    9.40  BaSi2O5
  Sanidine_high    -1.63     -0.82    0.81  KAlSi3O8
  Saponite-Ca       1.66     27.75   26.09  Ca.165Mg3Al.33Si3.67O10(OH)2
  Saponite-H        0.39     25.52   25.14  H.33Mg3Al.33Si3.67O10(OH)2
  Saponite-K        1.14     26.95   25.81  K.33Mg3Al.33Si3.67O10(OH)2
  Saponite-Mg       1.55     27.60   26.05  Mg3.165Al.33Si3.67O10(OH)2
  Saponite-Na       1.38     27.53   26.15  Na.33Mg3Al.33Si3.67O10(OH)2
  Scacchite       -24.33    -15.61    8.72  MnCl2
  Schoepite        -6.69     -1.87    4.82  UO3:2H2O
  Schoepite-dehy(.393)  -8.58     -1.87    6.71  UO3:.393H2O
  Schoepite-dehy(.648)  -8.06     -1.87    6.19  UO3:.648H2O
  Schoepite-dehy(.85)  -6.95     -1.87    5.08  UO3:.85H2O
  Schoepite-dehy(.9)  -6.87     -1.87    5.01  UO3:.9H2O
  Schoepite-dehy(1.0)  -6.96     -1.87    5.09  UO3:H2O
  Scolecite        -0.75     14.95   15.70  CaAl2Si3O10:3H2O
  Sellaite         -3.51    -12.96   -9.45  MgF2
  Sepiolite        -3.38     26.81   30.18  Mg4Si6O15(OH)2:6H2O
  Si             -147.24      1.42  148.66  Si
  Si(g)          -218.21      1.42  219.63  Si
  Siderite         -4.71     -4.93   -0.23  FeCO3
  SiF4(g)         -39.72    -54.97  -15.25  SiF4
  Sillimanite      -6.92      9.26   16.19  Al2SiO5
  SiO2(am)         -1.17     -3.91   -2.74  SiO2
  Sklodowskite    -12.78      1.01   13.79  Mg(H3O)2(UO2)2(SiO4)2:4H2O
  Smectite-high-Fe-Mg  -1.97     15.25   17.23  Ca.025Na.1K.2Fe.5Fe.2Mg1.15Al1.25Si3.5H2O12
  Smectite-low-Fe-Mg  -1.09      9.77   10.86  Ca.02Na.15K.2Fe.29Fe.16Mg.9Al1.25Si3.75H2O12
  Soddyite         -8.04     -7.65    0.39  (UO2)2SiO4:2H2O
  Spinel          -11.77     25.74   37.51  Al2MgO4
  Sr             -127.44     14.14  141.58  Sr
  Sr(OH)2         -16.01     11.48   27.48  Sr(OH)2
  Sr2SiO4         -23.66     19.04   42.70  Sr2SiO4
  Sr3(AsO4)2      -93.88    -73.30   20.58  Sr3(AsO4)2
  SrCl2           -22.35    -14.46    7.89  SrCl2
  SrCl2:2H2O      -17.75    -14.46    3.28  SrCl2:2H2O
  SrCl2:6H2O      -15.96    -14.46    1.50  SrCl2:6H2O
  SrCl2:H2O       -19.19    -14.46    4.73  SrCl2:H2O
  SrCrO4          -10.36    -14.25   -3.90  SrCrO4
  SrF2             -5.51    -14.05   -8.54  SrF2
  SrHPO4           -6.87    -13.12   -6.26  SrHPO4
  SrO             -30.35     11.48   41.82  SrO
  SrSiO3           -7.22      7.57   14.79  SrSiO3
  SrUO4(alpha)     -9.52      9.61   19.12  SrUO4
  Starkeyite       -7.65     -8.65   -1.00  MgSO4:4H2O
  Stilbite          1.51      2.31    0.79  Ca1.019Na.136K.006Al2.18Si6.82O18:7.33H2O
  Strengite        -7.07    -18.47  -11.40  FePO4:2H2O
  Strontianite      0.45      0.10   -0.34  SrCO3
  Sylvite          -9.48     -8.65    0.83  KCl
  Syngenite       -12.69    -20.29   -7.60  K2Ca(SO4)2:H2O
  Tachyhydrite    -56.33    -39.18   17.14  Mg2CaCl6:12H2O
  Talc              1.11     22.06   20.95  Mg3Si4O10(OH)2
  Tarapacaite     -16.68    -17.09   -0.41  K2CrO4
  Tephroite        -6.23     16.75   22.99  Mn2SiO4
  Thenardite       -8.74     -9.10   -0.36  Na2SO4
  Thermonatrite   -10.18      0.75   10.93  Na2CO3:H2O
  Tobermorite-11A -21.25     44.07   65.32  Ca5Si6H11O22.5
  Tobermorite-14A -19.49     44.07   63.56  Ca5Si6H21O27.5
  Tobermorite-9A  -24.71     44.07   68.78  Ca5Si6H6O20
  Todorokite      -26.51    -72.34  -45.82  Mn7O12:3H2O
  Tremolite        -2.27     58.57   60.83  Ca2Mg5Si8O22(OH)2
  Tridymite        -0.08     -3.91   -3.83  SiO2
  Trona-K         -19.63     -8.05   11.59  K2NaH(CO3)2:2H2O
  U              -206.34      6.12  212.46  U
  U(CO3)2         -48.47    -40.99    7.48  U(CO3)2
  U(g)           -291.77      6.12  297.89  U
  U(HPO4)2:4H2O   -34.52    -67.44  -32.92  U(HPO4)2:4H2O
  U(OH)2SO4       -36.39    -39.46   -3.07  U(OH)2SO4
  U(SO4)2         -49.13    -60.68  -11.56  U(SO4)2
  U(SO4)2:4H2O    -49.12    -60.68  -11.56  U(SO4)2:4H2O
  U(SO4)2:8H2O    -48.11    -60.68  -12.58  U(SO4)2:8H2O
  U2C3           -545.23    -90.67  454.55  U2C3
  U2Cl10(g)      -238.33   -155.87   82.46  U2Cl10
  U2Cl8(g)       -222.34   -140.25   82.09  U2Cl8
  U2F10(g)       -141.28   -153.81  -12.53  U2F10
  U2F9           -100.53   -146.20  -45.67  U2F9
  U2O2Cl5        -115.31    -96.18   19.13  U2O2Cl5
  U2O3F6          -77.75    -80.32   -2.58  U2O3F6
  U3As4          -846.92   -360.07  486.85  U3As4
  U3O5F8         -104.78   -107.72   -2.94  U3O5F8
  U3P4           -1006.70   -180.56  826.14  U3P4
  U4F17          -179.70   -284.80 -105.10  U4F17
  U5O12Cl         -59.60    -78.40  -18.79  U5O12Cl
  UAs            -247.84    -99.08  148.75  UAs
  UAs2           -350.67   -161.90  188.77  UAs2
  UC             -236.82    -42.31  194.51  UC
  UC1.94(alpha)  -304.74    -48.00  256.75  UC1.94
  UCl(g)         -242.16    -20.73  221.43  UCl
  UCl2(g)        -205.95    -22.48  183.47  UCl2
  UCl2F2          -66.09    -69.71   -3.62  UCl2F2
  UCl3            -92.11    -79.18   12.94  UCl3
  UCl3(g)        -137.65    -79.18   58.47  UCl3
  UCl3F           -80.11    -69.92   10.20  UCl3F
  UCl4            -91.98    -70.12   21.86  UCl4
  UCl4(g)        -116.37    -70.12   46.24  UCl4
  UCl5           -115.11    -77.94   37.17  UCl5
  UCl5(g)        -132.29    -77.94   54.35  UCl5
  UCl6           -137.10    -79.69   57.41  UCl6
  UCl6(g)        -142.95    -79.69   63.26  UCl6
  UClF3           -51.90    -69.51  -17.60  UClF3
  UF(g)          -226.45    -20.52  205.93  UF
  UF2(g)         -194.12    -22.07  172.05  UF2
  UF3             -59.09    -78.56  -19.46  UF3
  UF3(g)         -125.64    -78.56   47.08  UF3
  UF4             -40.03    -69.30  -29.27  UF4
  UF4(g)          -83.75    -69.30   14.45  UF4
  UF4:2.5H2O      -35.86    -69.30  -33.44  UF4:2.5H2O
  UF5(alpha)      -63.95    -76.90  -12.96  UF5
  UF5(beta)       -63.62    -76.90  -13.28  UF5
  UF5(g)          -83.14    -76.90    6.23  UF5
  UF6             -95.70    -78.45   17.25  UF6
  UF6(g)          -96.52    -78.45   18.07  UF6
  UH3(beta)      -231.76    -32.27  199.49  UH3
  UO(g)          -207.88      3.46  211.34  UO
  UO2(am)         -18.35    -18.24    0.11  UO2
  UO2(AsO3)2     -116.49   -109.60    6.89  UO2(AsO3)2
  UO2(g)         -124.61      0.80  125.40  UO2
  UO2(OH)2(beta)   -6.80     -1.87    4.93  UO2(OH)2
  UO2(PO3)2       -34.71    -51.07  -16.36  UO2(PO3)2
  UO2.25          -10.82    -15.66   -4.85  UO2.25
  UO2.25(beta)    -10.90    -15.66   -4.77  UO2.25
  UO2.3333(beta)  -10.54    -38.26  -27.72  (UO2.3333)2
  UO2.6667          3.55    -40.04  -43.59  (UO2.6667)2
  UO2Cl           -25.52    -26.06   -0.54  UO2Cl
  UO2Cl2          -39.89    -27.81   12.08  UO2Cl2
  UO2Cl2(g)       -75.65    -27.81   47.84  UO2Cl2
  UO2Cl2:3H2O     -33.41    -27.81    5.60  UO2Cl2:3H2O
  UO2Cl2:H2O      -36.07    -27.81    8.27  UO2Cl2:H2O
  UO2ClOH:2H2O    -17.14    -14.84    2.30  UO2ClOH:2H2O
  UO2CO3           -9.11    -13.24   -4.13  UO2CO3
  UO2F2           -20.12    -27.40   -7.27  UO2F2
  UO2F2(g)        -61.95    -27.40   34.55  UO2F2
  UO2F2:3H2O      -20.02    -27.40   -7.38  UO2F2:3H2O
  UO2FOH          -12.78    -14.63   -1.85  UO2FOH
  UO2FOH:2H2O     -11.96    -14.63   -2.67  UO2FOH:2H2O
  UO2FOH:H2O      -12.34    -14.63   -2.29  UO2FOH:H2O
  UO2HPO4         -13.79    -26.47  -12.68  UO2HPO4
  UO2HPO4:4H2O    -13.44    -26.47  -13.03  UO2HPO4:4H2O
  UO2SO4          -25.00    -23.09    1.91  UO2SO4
  UO2SO4:2.5H2O   -21.58    -23.09   -1.51  UO2SO4:2.5H2O
  UO2SO4:3.5H2O   -21.59    -23.09   -1.50  UO2SO4:3.5H2O
  UO2SO4:3H2O     -21.67    -23.09   -1.42  UO2SO4:3H2O
  UO2SO4:H2O      -17.01    -23.09   -6.07  UO2SO4:H2O
  UO3(alpha)      -10.49     -1.87    8.62  UO3
  UO3(beta)       -10.16     -1.87    8.29  UO3
  UO3(g)          -72.70     -1.87   70.83  UO3
  UO3(gamma)       -9.56     -1.87    7.69  UO3
  UO3:.9H2O(alpha)  -6.87     -1.87    5.01  UO3:.9H2O
  UO3:2H2O         -6.69     -1.87    4.82  UO3:2H2O
  UOCl            -63.58    -53.24   10.34  UOCl
  UOCl2           -49.57    -44.18    5.39  UOCl2
  UOCl3           -64.56    -52.00   12.56  UOCl3
  UOF2            -25.61    -43.77  -18.16  UOF2
  UOF2:H2O        -25.06    -43.77  -18.71  UOF2:H2O
  UOF4            -57.45    -52.92    4.52  UOF4
  UOF4(g)         -77.06    -52.92   24.14  UOF4
  UOFOH           -22.06    -31.01   -8.94  UOFOH
  UOFOH:.5H2O     -36.48    -11.97   24.52  UOFOH:.5H2O
  UP             -287.31    -54.21  233.10  UP
  UP2            -432.08    -72.15  359.94  UP2
  UP2O7           -34.37    -67.44  -33.08  UP2O7
  UP2O7:20H2O     -38.81    -67.44  -28.63  UP2O7:20H2O
  UPO5            -18.08    -37.69  -19.61  UPO5
  Uraninite       -13.39    -18.24   -4.85  UO2
  Uranocircite    -22.05    -41.89  -19.84  Ba(UO2)2(PO4)2
  Uranophane      -15.34      1.95   17.29  Ca(UO2)2(SiO3)2(OH)2
  Vivianite       -25.16    -29.88   -4.72  Fe3(PO4)2:8H2O
  Wairakite        -6.82     11.04   17.86  CaAl2Si4O10(OH)4
  Weeksite        -33.93    -18.56   15.38  K2(UO2)2(Si2O5)3:4H2O
  Whitlockite      -4.34     -8.68   -4.35  Ca3(PO4)2
  Witherite         2.68     -0.33   -3.01  BaCO3
  Wollastonite     -4.11      9.60   13.71  CaSiO3
  Wustite          -6.31      6.07   12.38  Fe.947O
  Xonotlite       -34.05     57.57   91.62  Ca6Si6O17(OH)2
  Zoisite          -7.99     35.04   43.03  Ca2Al3(SiO4)3OH

**For a gas, SI = log10(fugacity). Fugacity = pressure * phi / 1 atm.
  For ideal gases, phi = 1.

------------------
End of simulation.
------------------

------------------------------------
Reading input data for simulation 6.
------------------------------------

	TITLE Mix Upstream and Downstream Water Qaulity
	MIX 1 
	1 0.5
	2 0.5
	SAVE Solution 3 
	END
-----
TITLE
-----

 Mix Upstream and Downstream Water Qaulity

-----------------------------------------
Beginning of batch-reaction calculations.
-----------------------------------------

Reaction step 1.

Using mix 1.	

Mixture 1.	

	  5.000e-01 Solution 1	                                                       
	  5.000e-01 Solution 2	                                                       

-----------------------------Solution composition------------------------------

	Elements           Molality       Moles

	Al                5.189e-08   5.189e-08
	As                1.068e-09   1.068e-09
	Ba                4.220e-07   4.220e-07
	C                 2.577e-03   2.577e-03
	Ca                1.208e-04   1.208e-04
	Cl                5.176e-05   5.176e-05
	Cr                4.135e-09   4.135e-09
	F                 8.895e-05   8.895e-05
	Fe                9.992e-07   9.992e-07
	K                 4.182e-05   4.182e-05
	Mg                1.858e-05   1.858e-05
	Mn                2.275e-07   2.275e-07
	Na                2.760e-03   2.760e-03
	P                 6.296e-07   6.296e-07
	S                 1.547e-04   1.547e-04
	Si                1.412e-04   1.412e-04
	Sr                1.062e-06   1.062e-06
	U                 8.402e-11   8.402e-11

----------------------------Description of solution----------------------------

                                       pH  =   8.507      Charge balance
                                       pe  =  11.391      Adjusted to redox equilibrium
                        Activity of water  =   1.000
                 Ionic strength (mol/kgw)  =   3.370e-03
                       Mass of water (kg)  =   1.000e+00
                 Total alkalinity (eq/kg)  =   2.628e-03
                       Total CO2 (mol/kg)  =   2.577e-03
                         Temperature (°C)  =  27.75
                  Electrical balance (eq)  =   7.252e-06
 Percent error, 100*(Cat-|An|)/(Cat+|An|)  =   0.12
                               Iterations  =  14
                                  Total H  = 1.110532e+02
                                  Total O  = 5.553396e+01

----------------------------Distribution of species----------------------------

                                               Log       Log       Log    mole V
   Species          Molality    Activity  Molality  Activity     Gamma   cm³/mol

   OH-             4.047e-06   3.796e-06    -5.393    -5.421    -0.028     (0)  
   H+              3.298e-09   3.111e-09    -8.482    -8.507    -0.025      0.00
   H2O             5.553e+01   9.999e-01     1.744    -0.000     0.000     18.08
Al            5.189e-08
   AlO2-           5.148e-08   4.831e-08    -7.288    -7.316    -0.028     (0)  
   HAlO2           3.847e-10   3.847e-10    -9.415    -9.415     0.000     (0)  
   NaAlO2          2.466e-11   2.466e-11   -10.608   -10.608     0.000     (0)  
   Al(OH)2+        7.387e-13   6.933e-13   -12.132   -12.159    -0.028     (0)  
   AlF2+           5.288e-15   4.963e-15   -14.277   -14.304    -0.028     (0)  
   AlF3            5.207e-15   5.207e-15   -14.283   -14.283     0.000     (0)  
   AlOH+2          1.000e-15   7.768e-16   -15.000   -15.110    -0.110     (0)  
   AlF+2           1.926e-16   1.496e-16   -15.715   -15.825    -0.110     (0)  
   AlF4-           1.162e-16   1.090e-16   -15.935   -15.963    -0.028     (0)  
   AlHPO4+         2.048e-18   1.922e-18   -17.689   -17.716    -0.028     (0)  
   Al+3            3.041e-19   1.795e-19   -18.517   -18.746    -0.229     (0)  
   AlSO4+          2.283e-20   2.142e-20   -19.642   -19.669    -0.028     (0)  
   Al(SO4)2-       2.067e-22   1.940e-22   -21.685   -21.712    -0.028     (0)  
   Al2(OH)2+4      1.835e-28   6.788e-29   -27.736   -28.168    -0.432     (0)  
   AlH2PO4+2       3.859e-31   2.997e-31   -30.414   -30.523    -0.110     (0)  
   Al3(OH)4+5      3.792e-36   8.121e-37   -35.421   -36.090    -0.669     (0)  
   Al13O4(OH)24+7   0.000e+00   0.000e+00   -68.892   -70.204    -1.312     (0)  
As(-3)        0.000e+00
   AsH3            0.000e+00   0.000e+00  -196.205  -196.205     0.000     (0)  
As(3)         0.000e+00
   HAsO2           0.000e+00   0.000e+00   -71.942   -71.942     0.000     (0)  
   As(OH)3         0.000e+00   0.000e+00   -72.001   -72.001     0.000     (0)  
   H2AsO3-         0.000e+00   0.000e+00   -72.636   -72.664    -0.028     (0)  
   AsO2-           0.000e+00   0.000e+00   -72.661   -72.688    -0.028     (0)  
   AsO2OH-2        0.000e+00   0.000e+00   -75.015   -75.126    -0.111     (0)  
   HAsS2           0.000e+00   0.000e+00  -343.844  -343.844     0.000     (0)  
As(5)         1.068e-09
   AsO3F-2         1.066e-09   8.258e-10    -8.972    -9.083    -0.111     (0)  
   HAsO3F-         2.033e-12   1.908e-12   -11.692   -11.719    -0.028     (0)  
   HAsO4-2         0.000e+00   0.000e+00   -43.407   -43.518    -0.111     (0)  
   H2AsO4-         0.000e+00   0.000e+00   -45.222   -45.249    -0.028     (0)  
   AsO4-3          0.000e+00   0.000e+00   -46.324   -46.573    -0.249     (0)  
   H3AsO4          0.000e+00   0.000e+00   -51.499   -51.499     0.000     (0)  
Ba            4.220e-07
   Ba+2            4.160e-07   3.238e-07    -6.381    -6.490    -0.109     (0)  
   BaCO3           5.946e-09   5.946e-09    -8.226    -8.226     0.000     (0)  
   BaF+            2.052e-11   1.926e-11   -10.688   -10.715    -0.028     (0)  
   BaCl+           5.863e-12   5.502e-12   -11.232   -11.259    -0.028     (0)  
   BaOH+           3.757e-12   3.526e-12   -11.425   -11.453    -0.028     (0)  
C(-2)         0.000e+00
   C2H4            0.000e+00   0.000e+00  -257.363  -257.363     0.000     (0)  
C(-3)         0.000e+00
   C2H6            0.000e+00   0.000e+00  -250.438  -250.438     0.000     (0)  
C(-4)         0.000e+00
   CH4             0.000e+00   0.000e+00  -142.583  -142.583     0.000     (0)  
C(2)          0.000e+00
   CO              0.000e+00   0.000e+00   -49.552   -49.552     0.000     (0)  
C(4)          2.577e-03
   HCO3-           2.496e-03   2.343e-03    -2.603    -2.630    -0.028     (0)  
   CO3-2           4.530e-05   3.518e-05    -4.344    -4.454    -0.110     (0)  
   CO2             1.634e-05   1.636e-05    -4.787    -4.786     0.000     (0)  
   NaHCO3          8.212e-06   8.212e-06    -5.086    -5.086     0.000     (0)  
   CaCO3           7.411e-06   7.411e-06    -5.130    -5.130     0.000     (0)  
   CaHCO3+         2.546e-06   2.389e-06    -5.594    -5.622    -0.028     (0)  
   MgCO3           5.227e-07   5.227e-07    -6.282    -6.282     0.000     (0)  
   MgHCO3+         3.963e-07   3.719e-07    -6.402    -6.430    -0.028     (0)  
   NaCO3-          3.134e-07   2.941e-07    -6.504    -6.532    -0.028     (0)  
   MnCO3           1.049e-07   1.049e-07    -6.979    -6.979     0.000     (0)  
   SrCO3           2.426e-08   2.426e-08    -7.615    -7.615     0.000     (0)  
   BaCO3           5.946e-09   5.946e-09    -8.226    -8.226     0.000     (0)  
   MnHCO3+         1.705e-09   1.600e-09    -8.768    -8.796    -0.028     (0)  
   UO2(CO3)3-4     6.098e-11   2.196e-11   -10.215   -10.658    -0.444     (0)  
   UO2(CO3)2-2     2.208e-11   1.711e-11   -10.656   -10.767    -0.111     (0)  
   UO2CO3          2.388e-14   2.388e-14   -13.622   -13.622     0.000     (0)  
   FeCO3+          4.726e-15   4.435e-15   -14.326   -14.353    -0.028     (0)  
   (UO2)2CO3(OH)3-   2.798e-18   2.625e-18   -17.553   -17.581    -0.028     (0)  
   FeCO3           2.032e-18   2.032e-18   -17.692   -17.692     0.000     (0)  
   FeHCO3+         1.404e-18   1.318e-18   -17.853   -17.880    -0.028     (0)  
   (UO2)3(CO3)6-6   4.605e-29   4.625e-30   -28.337   -29.335    -0.998     (0)  
   UO2(CO3)3-5     8.560e-35   1.735e-35   -34.068   -34.761    -0.693     (0)  
   (UO2)3(OH)5CO2+   1.487e-35   1.396e-35   -34.828   -34.855    -0.028     (0)  
   (UO2)3O(OH)2(HCO3)+   1.199e-35   1.126e-35   -34.921   -34.949    -0.028     (0)  
   U(CO3)4-4       0.000e+00   0.000e+00   -49.109   -49.553    -0.444     (0)  
   U(CO3)5-6       0.000e+00   0.000e+00   -54.024   -55.022    -0.998     (0)  
   (UO2)11(CO3)6(OH)12-2   0.000e+00   0.000e+00   -95.935   -96.046    -0.111     (0)  
Ca            1.208e-04
   Ca+2            1.092e-04   8.538e-05    -3.962    -4.069    -0.107     (0)  
   CaCO3           7.411e-06   7.411e-06    -5.130    -5.130     0.000     (0)  
   CaHCO3+         2.546e-06   2.389e-06    -5.594    -5.622    -0.028     (0)  
   CaSO4           1.490e-06   1.490e-06    -5.827    -5.827     0.000     (0)  
   CaF+            3.946e-08   3.703e-08    -7.404    -7.431    -0.028     (0)  
   CaHPO4          2.001e-08   2.001e-08    -7.699    -7.699     0.000     (0)  
   CaPO4-          1.714e-08   1.608e-08    -7.766    -7.794    -0.028     (0)  
   CaOH+           4.130e-09   3.876e-09    -8.384    -8.412    -0.028     (0)  
   CaCl+           9.446e-10   8.865e-10    -9.025    -9.052    -0.028     (0)  
   CaCl2           4.924e-14   4.924e-14   -13.308   -13.308     0.000     (0)  
   CaP2O7-2        2.267e-14   1.757e-14   -13.645   -13.755    -0.111     (0)  
   CaH2PO4+        3.032e-18   2.845e-18   -17.518   -17.546    -0.028     (0)  
Cl(-1)        5.176e-05
   Cl-             5.174e-05   4.850e-05    -4.286    -4.314    -0.028     (0)  
   NaCl            2.244e-08   2.244e-08    -7.649    -7.649     0.000     (0)  
   CaCl+           9.446e-10   8.865e-10    -9.025    -9.052    -0.028     (0)  
   MgCl+           5.461e-10   5.125e-10    -9.263    -9.290    -0.028     (0)  
   KCl             6.733e-11   6.733e-11   -10.172   -10.172     0.000     (0)  
   SrCl+           2.510e-11   2.355e-11   -10.600   -10.628    -0.028     (0)  
   MnCl+           1.059e-11   9.934e-12   -10.975   -11.003    -0.028     (0)  
   BaCl+           5.863e-12   5.502e-12   -11.232   -11.259    -0.028     (0)  
   CaCl2           4.924e-14   4.924e-14   -13.308   -13.308     0.000     (0)  
   HCl             3.396e-14   3.396e-14   -13.469   -13.469     0.000     (0)  
   MnCl3-          5.072e-21   4.759e-21   -20.295   -20.322    -0.028     (0)  
   CrO3Cl-         6.383e-23   5.990e-23   -22.195   -22.223    -0.028     (0)  
   FeCl+           4.090e-23   3.838e-23   -22.388   -22.416    -0.028     (0)  
   UO2Cl+          1.052e-23   9.871e-24   -22.978   -23.006    -0.028     (0)  
   FeCl+2          3.291e-25   2.555e-25   -24.483   -24.593    -0.110     (0)  
   FeCl2+          9.311e-27   8.738e-27   -26.031   -26.059    -0.028     (0)  
   UO2Cl2          2.508e-29   2.508e-29   -28.601   -28.601     0.000     (0)  
   FeCl2           1.014e-29   1.014e-29   -28.994   -28.994     0.000     (0)  
   FeCl4-2         9.018e-38   6.988e-38   -37.045   -37.156    -0.111     (0)  
   FeCl4-          2.633e-38   2.471e-38   -37.580   -37.607    -0.028     (0)  
   CrCl+2          0.000e+00   0.000e+00   -42.862   -42.972    -0.110     (0)  
   CrCl2+          0.000e+00   0.000e+00   -46.849   -46.876    -0.028     (0)  
   UCl+3           0.000e+00   0.000e+00   -69.187   -69.432    -0.245     (0)  
Cl(1)         8.637e-23
   ClO-            7.793e-23   7.314e-23   -22.108   -22.136    -0.028     (0)  
   HClO            8.439e-24   8.439e-24   -23.074   -23.074     0.000     (0)  
Cl(3)         1.401e-33
   ClO2-           1.401e-33   1.315e-33   -32.854   -32.881    -0.028     (0)  
   HClO2           6.048e-39   6.048e-39   -38.218   -38.218     0.000     (0)  
Cl(5)         1.342e-30
   ClO3-           1.342e-30   1.259e-30   -29.872   -29.900    -0.028     (0)  
   UO2ClO3+        0.000e+00   0.000e+00   -48.250   -48.277    -0.028     (0)  
Cl(7)         6.713e-32
   ClO4-           6.713e-32   6.296e-32   -31.173   -31.201    -0.028     (0)  
Cr(2)         0.000e+00
   Cr+2            0.000e+00   0.000e+00   -58.126   -58.236    -0.110     (0)  
Cr(3)         1.850e-31
   Cr(OH)3         1.028e-31   1.028e-31   -30.988   -30.988     0.000     (0)  
   Cr(OH)2+        6.801e-32   6.382e-32   -31.167   -31.195    -0.028     (0)  
   Cr(OH)4-        1.401e-32   1.315e-32   -31.853   -31.881    -0.028     (0)  
   CrOH+2          1.282e-34   9.954e-35   -33.892   -34.002    -0.110     (0)  
   Cr+3            5.249e-39   3.097e-39   -38.280   -38.509    -0.229     (0)  
   CrCl+2          0.000e+00   0.000e+00   -42.862   -42.972    -0.110     (0)  
   CrCl2+          0.000e+00   0.000e+00   -46.849   -46.876    -0.028     (0)  
   Cr2(OH)2+4      0.000e+00   0.000e+00   -64.632   -65.064    -0.432     (0)  
   Cr3(OH)4+5      0.000e+00   0.000e+00   -88.980   -89.649    -0.669     (0)  
Cr(5)         7.854e-19
   CrO4-3          7.854e-19   4.422e-19   -18.105   -18.354    -0.249     (0)  
Cr(6)         4.135e-09
   CrO4-2          4.099e-09   3.177e-09    -8.387    -8.498    -0.111     (0)  
   HCrO4-          3.549e-11   3.330e-11   -10.450   -10.478    -0.028     (0)  
   Cr2O7-2         4.443e-20   3.442e-20   -19.352   -19.463    -0.111     (0)  
   H2CrO4          5.477e-21   5.477e-21   -20.261   -20.261     0.000     (0)  
   CrO3Cl-         6.383e-23   5.990e-23   -22.195   -22.223    -0.028     (0)  
F             8.895e-05
   F-              8.886e-05   8.334e-05    -4.051    -4.079    -0.028     (0)  
   CaF+            3.946e-08   3.703e-08    -7.404    -7.431    -0.028     (0)  
   MgF+            2.932e-08   2.752e-08    -7.533    -7.560    -0.028     (0)  
   NaF             2.366e-08   2.366e-08    -7.626    -7.626     0.000     (0)  
   AsO3F-2         1.066e-09   8.258e-10    -8.972    -9.083    -0.111     (0)  
   HF              4.199e-10   4.199e-10    -9.377    -9.377     0.000     (0)  
   MnF+            2.144e-10   2.012e-10    -9.669    -9.696    -0.028     (0)  
   SrF+            1.050e-10   9.856e-11    -9.979   -10.006    -0.028     (0)  
   BaF+            2.052e-11   1.926e-11   -10.688   -10.715    -0.028     (0)  
   PO3F-2          2.258e-12   1.750e-12   -11.646   -11.757    -0.111     (0)  
   HAsO3F-         2.033e-12   1.908e-12   -11.692   -11.719    -0.028     (0)  
   HF2-            9.265e-15   8.695e-15   -14.033   -14.061    -0.028     (0)  
   AlF2+           5.288e-15   4.963e-15   -14.277   -14.304    -0.028     (0)  
   AlF3            5.207e-15   5.207e-15   -14.283   -14.283     0.000     (0)  
   AlF+2           1.926e-16   1.496e-16   -15.715   -15.825    -0.110     (0)  
   AlF4-           1.162e-16   1.090e-16   -15.935   -15.963    -0.028     (0)  
   HPO3F-          7.294e-17   6.845e-17   -16.137   -16.165    -0.028     (0)  
   UO2F+           1.399e-18   1.313e-18   -17.854   -17.882    -0.028     (0)  
   H2F2            3.941e-19   3.941e-19   -18.404   -18.404     0.000     (0)  
   UO2F2           3.282e-19   3.282e-19   -18.484   -18.484     0.000     (0)  
   FeF2+           5.435e-20   5.100e-20   -19.265   -19.292    -0.028     (0)  
   FeF+2           4.688e-20   3.641e-20   -19.329   -19.439    -0.110     (0)  
   UO2F3-          5.415e-21   5.082e-21   -20.266   -20.294    -0.028     (0)  
   FeF+            2.180e-21   2.046e-21   -20.661   -20.689    -0.028     (0)  
   UO2F4-2         3.245e-24   2.515e-24   -23.489   -23.600    -0.111     (0)  
   H2PO3F          1.362e-24   1.362e-24   -23.866   -23.866     0.000     (0)  
   SiF6-2          1.033e-36   8.007e-37   -35.986   -36.097    -0.111     (0)  
   UF3+            0.000e+00   0.000e+00   -57.473   -57.500    -0.028     (0)  
   UF4             0.000e+00   0.000e+00   -57.646   -57.646     0.000     (0)  
   UF2+2           0.000e+00   0.000e+00   -58.671   -58.780    -0.110     (0)  
   UF5-            0.000e+00   0.000e+00   -60.363   -60.391    -0.028     (0)  
   UF+3            0.000e+00   0.000e+00   -61.387   -61.632    -0.245     (0)  
   UF6-2           0.000e+00   0.000e+00   -62.329   -62.440    -0.111     (0)  
Fe(2)         4.954e-18
   FeCO3           2.032e-18   2.032e-18   -17.692   -17.692     0.000     (0)  
   FeHCO3+         1.404e-18   1.318e-18   -17.853   -17.880    -0.028     (0)  
   Fe+2            1.371e-18   1.072e-18   -17.863   -17.970    -0.107     (0)  
   FeOH+           1.161e-19   1.089e-19   -18.935   -18.963    -0.028     (0)  
   FeSO4           1.981e-20   1.981e-20   -19.703   -19.703     0.000     (0)  
   FePO4-          6.349e-21   5.958e-21   -20.197   -20.225    -0.028     (0)  
   FeF+            2.180e-21   2.046e-21   -20.661   -20.689    -0.028     (0)  
   FeHPO4          1.819e-21   1.819e-21   -20.740   -20.740     0.000     (0)  
   Fe(OH)2         2.780e-22   2.780e-22   -21.556   -21.556     0.000     (0)  
   FeCl+           4.090e-23   3.838e-23   -22.388   -22.416    -0.028     (0)  
   Fe(OH)3-        3.790e-24   3.557e-24   -23.421   -23.449    -0.028     (0)  
   FeCl2           1.014e-29   1.014e-29   -28.994   -28.994     0.000     (0)  
   Fe(OH)4-2       1.475e-30   1.143e-30   -29.831   -29.942    -0.111     (0)  
   FeH2PO4+        7.593e-31   7.126e-31   -30.120   -30.147    -0.028     (0)  
   FeCl4-2         9.018e-38   6.988e-38   -37.045   -37.156    -0.111     (0)  
Fe(3)         9.992e-07
   Fe(OH)3         9.141e-07   9.141e-07    -6.039    -6.039     0.000     (0)  
   Fe(OH)4-        7.863e-08   7.379e-08    -7.104    -7.132    -0.028     (0)  
   Fe(OH)2+        6.480e-09   6.081e-09    -8.188    -8.216    -0.028     (0)  
   FeOH+2          7.358e-14   5.714e-14   -13.133   -13.243    -0.110     (0)  
   FeCO3+          4.726e-15   4.435e-15   -14.326   -14.353    -0.028     (0)  
   FeHPO4+         1.894e-16   1.777e-16   -15.723   -15.750    -0.028     (0)  
   FeF2+           5.435e-20   5.100e-20   -19.265   -19.292    -0.028     (0)  
   FeF+2           4.688e-20   3.641e-20   -19.329   -19.439    -0.110     (0)  
   Fe+3            4.667e-20   2.754e-20   -19.331   -19.560    -0.229     (0)  
   FeSO4+          3.683e-22   3.457e-22   -21.434   -21.461    -0.028     (0)  
   Fe(SO4)2-       6.532e-25   6.130e-25   -24.185   -24.213    -0.028     (0)  
   FeCl+2          3.291e-25   2.555e-25   -24.483   -24.593    -0.110     (0)  
   Fe2(OH)2+4      2.377e-25   8.789e-26   -24.624   -25.056    -0.432     (0)  
   FeCl2+          9.311e-27   8.738e-27   -26.031   -26.059    -0.028     (0)  
   FeH2PO4+2       6.958e-31   5.404e-31   -30.157   -30.267    -0.110     (0)  
   Fe3(OH)4+5      5.214e-31   1.117e-31   -30.283   -30.952    -0.669     (0)  
   FeCl4-          2.633e-38   2.471e-38   -37.580   -37.607    -0.028     (0)  
H(0)          0.000e+00
   H2              0.000e+00   0.000e+00   -42.841   -42.841     0.000     (0)  
K             4.182e-05
   K+              4.178e-05   3.916e-05    -4.379    -4.407    -0.028     (0)  
   KSO4-           3.980e-08   3.735e-08    -7.400    -7.428    -0.028     (0)  
   KHPO4-          1.072e-10   1.006e-10    -9.970    -9.997    -0.028     (0)  
   KCl             6.733e-11   6.733e-11   -10.172   -10.172     0.000     (0)  
   KOH             4.364e-11   4.364e-11   -10.360   -10.360     0.000     (0)  
   KHSO4           1.135e-16   1.135e-16   -15.945   -15.945     0.000     (0)  
   KP2O7-3         6.161e-19   3.469e-19   -18.210   -18.460    -0.249     (0)  
Mg            1.858e-05
   Mg+2            1.717e-05   1.353e-05    -4.765    -4.869    -0.103     (0)  
   MgCO3           5.227e-07   5.227e-07    -6.282    -6.282     0.000     (0)  
   MgSO4           4.531e-07   4.531e-07    -6.344    -6.344     0.000     (0)  
   MgHCO3+         3.963e-07   3.719e-07    -6.402    -6.430    -0.028     (0)  
   MgF+            2.932e-08   2.752e-08    -7.533    -7.560    -0.028     (0)  
   MgHPO4          4.688e-09   4.688e-09    -8.329    -8.329     0.000     (0)  
   MgPO4-          3.655e-09   3.430e-09    -8.437    -8.465    -0.028     (0)  
   MgCl+           5.461e-10   5.125e-10    -9.263    -9.290    -0.028     (0)  
   MgP2O7-2        1.230e-14   9.532e-15   -13.910   -14.021    -0.111     (0)  
   MgH2PO4+        8.741e-19   8.203e-19   -18.058   -18.086    -0.028     (0)  
   Mg4(OH)4+4      1.718e-25   6.354e-26   -24.765   -25.197    -0.432     (0)  
Mn(2)         2.253e-07
   Mn+2            1.147e-07   8.970e-08    -6.940    -7.047    -0.107     (0)  
   MnCO3           1.049e-07   1.049e-07    -6.979    -6.979     0.000     (0)  
   MnSO4           2.680e-09   2.680e-09    -8.572    -8.572     0.000     (0)  
   MnHCO3+         1.705e-09   1.600e-09    -8.768    -8.796    -0.028     (0)  
   MnOH+           7.895e-10   7.409e-10    -9.103    -9.130    -0.028     (0)  
   MnF+            2.144e-10   2.012e-10    -9.669    -9.696    -0.028     (0)  
   MnHPO4          1.454e-10   1.454e-10    -9.837    -9.837     0.000     (0)  
   MnPO4-          9.669e-11   9.074e-11   -10.015   -10.042    -0.028     (0)  
   MnCl+           1.059e-11   9.934e-12   -10.975   -11.003    -0.028     (0)  
   Mn(OH)2         5.845e-13   5.845e-13   -12.233   -12.233     0.000     (0)  
   Mn2(OH)3+       3.582e-13   3.362e-13   -12.446   -12.473    -0.028     (0)  
   MnH2PO4+        4.555e-14   4.275e-14   -13.342   -13.369    -0.028     (0)  
   Mn(OH)3-        1.877e-16   1.762e-16   -15.726   -15.754    -0.028     (0)  
   Mn2OH+3         1.252e-16   7.121e-17   -15.902   -16.147    -0.245     (0)  
   MnCl3-          5.072e-21   4.759e-21   -20.295   -20.322    -0.028     (0)  
   Mn(OH)4-2       6.188e-22   4.795e-22   -21.208   -21.319    -0.111     (0)  
Mn(3)         1.269e-21
   Mn+3            1.269e-21   7.220e-22   -20.896   -21.141    -0.245     (0)  
Mn(6)         1.769e-11
   MnO4-2          1.769e-11   1.370e-11   -10.752   -10.863    -0.111     (0)  
Mn(7)         2.240e-09
   MnO4-           2.240e-09   2.101e-09    -8.650    -8.678    -0.028     (0)  
Na            2.760e-03
   Na+             2.749e-03   2.579e-03    -2.561    -2.588    -0.028     (0)  
   NaHCO3          8.212e-06   8.212e-06    -5.086    -5.086     0.000     (0)  
   NaSO4-          2.118e-06   1.988e-06    -5.674    -5.702    -0.028     (0)  
   NaHSiO3         6.267e-07   6.267e-07    -6.203    -6.203     0.000     (0)  
   NaCO3-          3.134e-07   2.941e-07    -6.504    -6.532    -0.028     (0)  
   NaF             2.366e-08   2.366e-08    -7.626    -7.626     0.000     (0)  
   NaCl            2.244e-08   2.244e-08    -7.649    -7.649     0.000     (0)  
   NaHPO4-         9.747e-09   9.147e-09    -8.011    -8.039    -0.028     (0)  
   NaOH            1.681e-09   1.681e-09    -8.774    -8.774     0.000     (0)  
   NaAlO2          2.466e-11   2.466e-11   -10.608   -10.608     0.000     (0)  
   NaP2O7-3        2.912e-17   1.640e-17   -16.536   -16.785    -0.249     (0)  
   NaHP2O7-2       1.332e-17   1.032e-17   -16.875   -16.986    -0.111     (0)  
   Na2P2O7-2       4.336e-18   3.360e-18   -17.363   -17.474    -0.111     (0)  
O(0)          4.681e-06
   O2              2.340e-06   2.342e-06    -5.631    -5.630     0.000     (0)  
P(-3)         0.000e+00
   PH4+            0.000e+00   0.000e+00  -233.344  -233.372    -0.028     (0)  
P(5)          6.296e-07
   HPO4-2          5.502e-07   4.264e-07    -6.259    -6.370    -0.111     (0)  
   H2PO4-          2.359e-08   2.214e-08    -7.627    -7.655    -0.028     (0)  
   CaHPO4          2.001e-08   2.001e-08    -7.699    -7.699     0.000     (0)  
   CaPO4-          1.714e-08   1.608e-08    -7.766    -7.794    -0.028     (0)  
   NaHPO4-         9.747e-09   9.147e-09    -8.011    -8.039    -0.028     (0)  
   MgHPO4          4.688e-09   4.688e-09    -8.329    -8.329     0.000     (0)  
   MgPO4-          3.655e-09   3.430e-09    -8.437    -8.465    -0.028     (0)  
   MnHPO4          1.454e-10   1.454e-10    -9.837    -9.837     0.000     (0)  
   PO4-3           1.160e-10   6.531e-11    -9.936   -10.185    -0.249     (0)  
   KHPO4-          1.072e-10   1.006e-10    -9.970    -9.997    -0.028     (0)  
   MnPO4-          9.669e-11   9.074e-11   -10.015   -10.042    -0.028     (0)  
   SrHPO4          3.883e-11   3.883e-11   -10.411   -10.411     0.000     (0)  
   PO3F-2          2.258e-12   1.750e-12   -11.646   -11.757    -0.111     (0)  
   MnH2PO4+        4.555e-14   4.275e-14   -13.342   -13.369    -0.028     (0)  
   CaP2O7-2        2.267e-14   1.757e-14   -13.645   -13.755    -0.111     (0)  
   MgP2O7-2        1.230e-14   9.532e-15   -13.910   -14.021    -0.111     (0)  
   H3PO4           1.096e-14   1.096e-14   -13.960   -13.960     0.000     (0)  
   UO2PO4-         2.325e-15   2.182e-15   -14.634   -14.661    -0.028     (0)  
   HP2O7-3         3.508e-16   1.975e-16   -15.455   -15.704    -0.249     (0)  
   FeHPO4+         1.894e-16   1.777e-16   -15.723   -15.750    -0.028     (0)  
   P2O7-4          1.089e-16   3.922e-17   -15.963   -16.406    -0.444     (0)  
   HPO3F-          7.294e-17   6.845e-17   -16.137   -16.165    -0.028     (0)  
   NaP2O7-3        2.912e-17   1.640e-17   -16.536   -16.785    -0.249     (0)  
   UO2HPO4         1.555e-17   1.555e-17   -16.808   -16.808     0.000     (0)  
   NaHP2O7-2       1.332e-17   1.032e-17   -16.875   -16.986    -0.111     (0)  
   SrP2O7-2        8.384e-18   6.496e-18   -17.077   -17.187    -0.111     (0)  
   Na2P2O7-2       4.336e-18   3.360e-18   -17.363   -17.474    -0.111     (0)  
   H2P2O7-2        3.226e-18   2.500e-18   -17.491   -17.602    -0.111     (0)  
   CaH2PO4+        3.032e-18   2.845e-18   -17.518   -17.546    -0.028     (0)  
   AlHPO4+         2.048e-18   1.922e-18   -17.689   -17.716    -0.028     (0)  
   MgH2PO4+        8.741e-19   8.203e-19   -18.058   -18.086    -0.028     (0)  
   KP2O7-3         6.161e-19   3.469e-19   -18.210   -18.460    -0.249     (0)  
   FePO4-          6.349e-21   5.958e-21   -20.197   -20.225    -0.028     (0)  
   SrH2PO4+        6.021e-21   5.651e-21   -20.220   -20.248    -0.028     (0)  
   FeHPO4          1.819e-21   1.819e-21   -20.740   -20.740     0.000     (0)  
   UO2H2PO4+       8.799e-23   8.257e-23   -22.056   -22.083    -0.028     (0)  
   H3P2O7-         1.920e-24   1.802e-24   -23.717   -23.744    -0.028     (0)  
   H2PO3F          1.362e-24   1.362e-24   -23.866   -23.866     0.000     (0)  
   UO2(H2PO4)2     1.292e-27   1.292e-27   -26.889   -26.889     0.000     (0)  
   FeH2PO4+        7.593e-31   7.126e-31   -30.120   -30.147    -0.028     (0)  
   FeH2PO4+2       6.958e-31   5.404e-31   -30.157   -30.267    -0.110     (0)  
   AlH2PO4+2       3.859e-31   2.997e-31   -30.414   -30.523    -0.110     (0)  
   H4P2O7          1.684e-31   1.684e-31   -30.774   -30.774     0.000     (0)  
   UO2H3PO4+2      1.444e-31   1.121e-31   -30.840   -30.950    -0.110     (0)  
   UO2(H2PO4)(H3PO4)+   4.384e-35   4.114e-35   -34.358   -34.386    -0.028     (0)  
S(-2)         0.000e+00
   HS-             0.000e+00   0.000e+00  -138.042  -138.070    -0.028     (0)  
   H2S             0.000e+00   0.000e+00  -139.603  -139.603     0.000     (0)  
   S-2             0.000e+00   0.000e+00  -142.300  -142.409    -0.109     (0)  
   S2-2            0.000e+00   0.000e+00  -245.935  -246.046    -0.111     (0)  
   HAsS2           0.000e+00   0.000e+00  -343.844  -343.844     0.000     (0)  
   S3-2            0.000e+00   0.000e+00  -349.612  -349.723    -0.111     (0)  
   S4-2            0.000e+00   0.000e+00  -453.516  -453.626    -0.111     (0)  
   S5-2            0.000e+00   0.000e+00  -557.633  -557.744    -0.111     (0)  
S(2)          0.000e+00
   S2O3-2          0.000e+00   0.000e+00  -145.608  -145.719    -0.111     (0)  
   HS2O3-          0.000e+00   0.000e+00  -153.184  -153.212    -0.028     (0)  
   UO2S2O3         0.000e+00   0.000e+00  -162.373  -162.373     0.000     (0)  
S(3)          0.000e+00
   S2O4-2          0.000e+00   0.000e+00  -133.532  -133.641    -0.109     (0)  
S(4)          0.000e+00
   SO3-2           0.000e+00   0.000e+00   -47.197   -47.307    -0.110     (0)  
   HSO3-           0.000e+00   0.000e+00   -48.538   -48.566    -0.028     (0)  
   H2SO3           0.000e+00   0.000e+00   -55.107   -55.107     0.000     (0)  
   SO2             0.000e+00   0.000e+00   -55.164   -55.164     0.000     (0)  
   UO2SO3          0.000e+00   0.000e+00   -59.431   -59.431     0.000     (0)  
   S2O6-2          0.000e+00   0.000e+00   -72.750   -72.861    -0.111     (0)  
   UO2(SO3)2-2     0.000e+00   0.000e+00  -105.470  -105.581    -0.111     (0)  
   S3O6-2          0.000e+00   0.000e+00  -178.898  -179.009    -0.111     (0)  
   S4O6-2          0.000e+00   0.000e+00  -269.235  -269.346    -0.111     (0)  
   S5O6-2          0.000e+00   0.000e+00  -388.288  -388.399    -0.111     (0)  
S(5)          0.000e+00
   S2O5-2          0.000e+00   0.000e+00  -101.858  -101.969    -0.111     (0)  
S(6)          1.547e-04
   SO4-2           1.505e-04   1.166e-04    -3.822    -3.933    -0.111     (0)  
   NaSO4-          2.118e-06   1.988e-06    -5.674    -5.702    -0.028     (0)  
   CaSO4           1.490e-06   1.490e-06    -5.827    -5.827     0.000     (0)  
   MgSO4           4.531e-07   4.531e-07    -6.344    -6.344     0.000     (0)  
   KSO4-           3.980e-08   3.735e-08    -7.400    -7.428    -0.028     (0)  
   SrSO4           1.846e-08   1.846e-08    -7.734    -7.734     0.000     (0)  
   MnSO4           2.680e-09   2.680e-09    -8.572    -8.572     0.000     (0)  
   HSO4-           4.224e-11   3.964e-11   -10.374   -10.402    -0.028     (0)  
   KHSO4           1.135e-16   1.135e-16   -15.945   -15.945     0.000     (0)  
   AlSO4+          2.283e-20   2.142e-20   -19.642   -19.669    -0.028     (0)  
   UO2SO4          2.021e-20   2.021e-20   -19.694   -19.694     0.000     (0)  
   FeSO4           1.981e-20   1.981e-20   -19.703   -19.703     0.000     (0)  
   FeSO4+          3.683e-22   3.457e-22   -21.434   -21.461    -0.028     (0)  
   Al(SO4)2-       2.067e-22   1.940e-22   -21.685   -21.712    -0.028     (0)  
   H2SO4           1.076e-22   1.076e-22   -21.968   -21.968     0.000     (0)  
   UO2(SO4)2-2     2.882e-23   2.233e-23   -22.540   -22.651    -0.111     (0)  
   Fe(SO4)2-       6.532e-25   6.130e-25   -24.185   -24.213    -0.028     (0)  
   USO4+2          0.000e+00   0.000e+00   -64.080   -64.189    -0.110     (0)  
   U(SO4)2         0.000e+00   0.000e+00   -64.245   -64.245     0.000     (0)  
S(7)          0.000e+00
   S2O8-2          0.000e+00   0.000e+00   -49.726   -49.837    -0.111     (0)  
S(8)          5.455e-33
   HSO5-           5.455e-33   5.119e-33   -32.263   -32.291    -0.028     (0)  
Si            1.412e-04
   SiO2            1.348e-04   1.348e-04    -3.870    -3.870     0.000     (0)  
   HSiO3-          5.786e-06   5.430e-06    -5.238    -5.265    -0.028     (0)  
   NaHSiO3         6.267e-07   6.267e-07    -6.203    -6.203     0.000     (0)  
   H2SiO4-2        1.970e-10   1.526e-10    -9.706    -9.816    -0.111     (0)  
   H6(H2SiO4)4-2   1.007e-12   7.800e-13   -11.997   -12.108    -0.111     (0)  
   H4(H2SiO4)4-4   1.121e-17   4.038e-18   -16.950   -17.394    -0.444     (0)  
   SiF6-2          1.033e-36   8.007e-37   -35.986   -36.097    -0.111     (0)  
Sr            1.062e-06
   Sr+2            1.019e-06   7.932e-07    -5.992    -6.101    -0.109     (0)  
   SrCO3           2.426e-08   2.426e-08    -7.615    -7.615     0.000     (0)  
   SrSO4           1.846e-08   1.846e-08    -7.734    -7.734     0.000     (0)  
   SrF+            1.050e-10   9.856e-11    -9.979   -10.006    -0.028     (0)  
   SrHPO4          3.883e-11   3.883e-11   -10.411   -10.411     0.000     (0)  
   SrCl+           2.510e-11   2.355e-11   -10.600   -10.628    -0.028     (0)  
   SrOH+           1.393e-11   1.307e-11   -10.856   -10.884    -0.028     (0)  
   SrP2O7-2        8.384e-18   6.496e-18   -17.077   -17.187    -0.111     (0)  
   SrH2PO4+        6.021e-21   5.651e-21   -20.220   -20.248    -0.028     (0)  
U(3)          0.000e+00
   U+3             0.000e+00   0.000e+00   -87.108   -87.353    -0.245     (0)  
U(4)          6.431e-38
   U(OH)4          6.431e-38   6.431e-38   -37.192   -37.192     0.000     (0)  
   U(CO3)4-4       0.000e+00   0.000e+00   -49.109   -49.553    -0.444     (0)  
   U(CO3)5-6       0.000e+00   0.000e+00   -54.024   -55.022    -0.998     (0)  
   UF3+            0.000e+00   0.000e+00   -57.473   -57.500    -0.028     (0)  
   UF4             0.000e+00   0.000e+00   -57.646   -57.646     0.000     (0)  
   UOH+3           0.000e+00   0.000e+00   -58.525   -58.770    -0.245     (0)  
   UF2+2           0.000e+00   0.000e+00   -58.671   -58.780    -0.110     (0)  
   UF5-            0.000e+00   0.000e+00   -60.363   -60.391    -0.028     (0)  
   UF+3            0.000e+00   0.000e+00   -61.387   -61.632    -0.245     (0)  
   UF6-2           0.000e+00   0.000e+00   -62.329   -62.440    -0.111     (0)  
   USO4+2          0.000e+00   0.000e+00   -64.080   -64.189    -0.110     (0)  
   U(SO4)2         0.000e+00   0.000e+00   -64.245   -64.245     0.000     (0)  
   U+4             0.000e+00   0.000e+00   -66.374   -66.806    -0.432     (0)  
   UCl+3           0.000e+00   0.000e+00   -69.187   -69.432    -0.245     (0)  
U(5)          1.824e-29
   UO2+            1.824e-29   1.711e-29   -28.739   -28.767    -0.028     (0)  
   UO2(CO3)3-5     8.560e-35   1.735e-35   -34.068   -34.761    -0.693     (0)  
U(6)          8.402e-11
   UO2(CO3)3-4     6.098e-11   2.196e-11   -10.215   -10.658    -0.444     (0)  
   UO2(CO3)2-2     2.208e-11   1.711e-11   -10.656   -10.767    -0.111     (0)  
   UO2(OH)2        6.631e-13   6.631e-13   -12.178   -12.178     0.000     (0)  
   UO2(OH)3-       2.812e-13   2.639e-13   -12.551   -12.579    -0.028     (0)  
   UO2CO3          2.388e-14   2.388e-14   -13.622   -13.622     0.000     (0)  
   UO2PO4-         2.325e-15   2.182e-15   -14.634   -14.661    -0.028     (0)  
   UO2OH+          3.294e-16   3.091e-16   -15.482   -15.510    -0.028     (0)  
   UO2HPO4         1.555e-17   1.555e-17   -16.808   -16.808     0.000     (0)  
   (UO2)2CO3(OH)3-   2.798e-18   2.625e-18   -17.553   -17.581    -0.028     (0)  
   UO2(OH)4-2      1.706e-18   1.322e-18   -17.768   -17.879    -0.111     (0)  
   UO2F+           1.399e-18   1.313e-18   -17.854   -17.882    -0.028     (0)  
   UO2F2           3.282e-19   3.282e-19   -18.484   -18.484     0.000     (0)  
   UO2+2           1.706e-19   1.325e-19   -18.768   -18.878    -0.110     (0)  
   UO2SO4          2.021e-20   2.021e-20   -19.694   -19.694     0.000     (0)  
   UO2F3-          5.415e-21   5.082e-21   -20.266   -20.294    -0.028     (0)  
   UO2H2PO4+       8.799e-23   8.257e-23   -22.056   -22.083    -0.028     (0)  
   UO2(SO4)2-2     2.882e-23   2.233e-23   -22.540   -22.651    -0.111     (0)  
   UO2Cl+          1.052e-23   9.871e-24   -22.978   -23.006    -0.028     (0)  
   UO2F4-2         3.245e-24   2.515e-24   -23.489   -23.600    -0.111     (0)  
   (UO2)2(OH)2+2   6.230e-27   4.838e-27   -26.206   -26.315    -0.110     (0)  
   UO2(H2PO4)2     1.292e-27   1.292e-27   -26.889   -26.889     0.000     (0)  
   (UO2)3(OH)7-    7.805e-29   7.324e-29   -28.108   -28.135    -0.028     (0)  
   (UO2)3(CO3)6-6   4.605e-29   4.625e-30   -28.337   -29.335    -0.998     (0)  
   UO2Cl2          2.508e-29   2.508e-29   -28.601   -28.601     0.000     (0)  
   (UO2)3(OH)5+    3.092e-30   2.902e-30   -29.510   -29.537    -0.028     (0)  
   UO2H3PO4+2      1.444e-31   1.121e-31   -30.840   -30.950    -0.110     (0)  
   (UO2)2OH+3      1.946e-32   1.107e-32   -31.711   -31.956    -0.245     (0)  
   UO2(H2PO4)(H3PO4)+   4.384e-35   4.114e-35   -34.358   -34.386    -0.028     (0)  
   (UO2)3(OH)4+2   3.762e-35   2.921e-35   -34.425   -34.534    -0.110     (0)  
   (UO2)3(OH)5CO2+   1.487e-35   1.396e-35   -34.828   -34.855    -0.028     (0)  
   (UO2)3O(OH)2(HCO3)+   1.199e-35   1.126e-35   -34.921   -34.949    -0.028     (0)  
   (UO2)4(OH)7+    1.302e-38   1.222e-38   -37.885   -37.913    -0.028     (0)  
   UO2ClO3+        0.000e+00   0.000e+00   -48.250   -48.277    -0.028     (0)  
   UO2SO3          0.000e+00   0.000e+00   -59.431   -59.431     0.000     (0)  
   (UO2)11(CO3)6(OH)12-2   0.000e+00   0.000e+00   -95.935   -96.046    -0.111     (0)  
   UO2(SO3)2-2     0.000e+00   0.000e+00  -105.470  -105.581    -0.111     (0)  
   UO2S2O3         0.000e+00   0.000e+00  -162.373  -162.373     0.000     (0)  

------------------------------Saturation indices-------------------------------

  Phase               SI** log IAP   log K(300 K,   1 atm)

  (UO2)2As2O7    -118.69   -111.24    7.45  (UO2)2As2O7
  (UO2)2Cl3       -73.04    -60.59   12.45  (UO2)2Cl3
  (UO2)2P2O7      -35.56    -50.50  -14.94  (UO2)2P2O7
  (UO2)3(AsO4)2  -122.10   -113.10    8.99  (UO2)3(AsO4)2
  (UO2)3(PO4)2    -38.02    -52.36  -14.34  (UO2)3(PO4)2
  (UO2)3(PO4)2:4H2O -25.24    -52.36  -27.12  (UO2)3(PO4)2:4H2O
  Afwillite       -28.36     31.10   59.46  Ca3Si2O4(OH)6
  Akermanite      -14.47     30.30   44.77  Ca2MgSi2O7
  Al             -137.38     11.00  148.38  Al
  Al(g)          -187.56     11.00  198.56  Al
  Al2(SO4)3       -67.60    -49.29   18.31  Al2(SO4)3
  Al2(SO4)3:6H2O  -50.51    -49.29    1.22  Al2(SO4)3:6H2O
  Alabandite     -136.15   -136.61   -0.46  MnS
  Albite           -1.49      1.08    2.58  NaAlSi3O8
  Albite_high      -2.79      1.08    3.88  NaAlSi3O8
  Albite_low       -1.49      1.08    2.58  NaAlSi3O8
  AlF3            -13.66    -30.98  -17.32  AlF3
  Alstonite        -1.39      1.20    2.58  BaCa(CO3)2
  Alum-K          -26.07    -31.02   -4.95  KAl(SO4)2:12H2O
  Alunite         -16.63    -17.47   -0.84  KAl3(OH)6(SO4)2
  Amesite-14A      -6.06     67.94   74.00  Mg4Al4Si2O10(OH)8
  Analcime         -1.65      4.29    5.94  Na.96Al.96Si2.04O6:H2O
  Analcime-dehy    -7.95      4.29   12.24  Na.96Al.96Si2.04O6
  Andalusite       -5.82      9.68   15.50  Al2SiO5
  Andradite         6.44     39.15   32.71  Ca3Fe2(SiO4)3
  Anhydrite        -3.62     -8.00   -4.38  CaSO4
  Annite          -32.52     -3.60   28.91  KFe3AlSi3O10(OH)2
  Anorthite        -7.24     18.75   25.99  CaAl2(SiO4)2
  Antarcticite    -16.79    -12.70    4.09  CaCl2:6H2O
  Anthophyllite   -11.65     54.05   65.71  Mg7Si8O22(OH)2
  Antigorite      -18.89    451.38  470.26  Mg48Si34O85(OH)62
  Aphthitalite    -19.79    -23.68   -3.89  NaK3(SO4)2
  Aragonite        -0.12      1.81    1.93  CaCO3
  Arcanite        -10.94    -12.75   -1.81  K2SO4
  Arsenolite     -142.63   -162.34  -19.71  As2O3
  Arsenopyrite   -271.82   -286.22  -14.40  FeAsS
  Artinite         -6.26     13.15   19.42  Mg2CO3(OH)2:3H2O
  As             -119.19    -76.95   42.24  As
  As2O5          -109.59   -107.51    2.08  As2O5
  As4O6(cubi)    -285.13   -324.68  -39.56  As4O6
  As4O6(mono)    -284.90   -324.68  -39.79  As4O6
  Autunite-H      -25.09    -50.50  -25.40  H2(UO2)2(PO4)2
  Ba             -126.58     13.34  139.92  Ba
  Ba(OH)2:8H2O    -13.88     10.52   24.40  Ba(OH)2:8H2O
  Ba2Si3O8        -13.64      9.44   23.07  Ba2Si3O8
  Ba2SiO4         -26.99     17.18   44.17  Ba2SiO4
  Ba2U2O7         -55.54    -19.47   36.07  Ba2U2O7
  Ba3UO6          -63.75     29.71   93.46  Ba3UO6
  BaCl2           -17.32    -15.12    2.21  BaCl2
  BaCl2:2H2O      -15.35    -15.12    0.23  BaCl2:2H2O
  BaCl2:H2O       -15.95    -15.12    0.83  BaCl2:H2O
  BaCrO4           -5.09    -14.99   -9.90  BaCrO4
  BaHPO4           -5.46    -12.86   -7.40  BaHPO4
  BaMnO4           -7.26    -17.35  -10.09  BaMnO4
  BaO             -36.84     10.52   47.36  BaO
  Barite           -0.45    -10.42   -9.97  BaSO4
  Barytocalcite    -1.55      1.20    2.74  BaCa(CO3)2
  BaS            -152.14   -136.05   16.09  BaS
  BaSiF6          -36.80    -68.86  -32.06  BaSiF6
  Bassanite        -4.26     -8.00   -3.74  CaSO4:0.5H2O
  Bassetite       -33.53    -51.45  -17.93  Fe(UO2)2(PO4)2
  BaU2O7          -14.85      6.80   21.65  BaU2O7
  BaUO4            -9.32      8.66   17.98  BaUO4
  Beidellite-Ca    -1.47      3.72    5.18  Ca.165Al2.33Si3.67O10(OH)2
  Beidellite-H     -2.66      1.58    4.24  H.33Al2.33Si3.67O10(OH)2
  Beidellite-K     -1.99      2.93    4.92  K.33Al2.33Si3.67O10(OH)2
  Beidellite-Mg    -1.56      3.59    5.14  Mg.165Al2.33Si3.67O10(OH)2
  Beidellite-Na    -1.72      3.53    5.25  Na.33Al2.33Si3.67O10(OH)2
  Berlinite        -9.19    -16.61   -7.42  AlPO4
  Birnessite       51.75    -33.80  -85.55  Mn8O14:5H2O
  Bischofite      -17.89    -13.50    4.39  MgCl2:6H2O
  Bixbyite         10.03      8.76   -1.27  Mn2O3
  Bloedite        -15.43    -17.91   -2.48  Na2Mg(SO4)2:4H2O
  Boehmite         -0.59      6.78    7.37  AlO2H
  Boltwoodite     -16.52     -1.63   14.89  K(H3O)(UO2)SiO4
  Boltwoodite-Na  -14.94     -0.36   14.58  Na.7K.3(H3O)(UO2)SiO4:H2O
  Brezinaite     -655.93   -653.50    2.43  Cr3S4
  Brucite          -3.96     12.15   16.11  Mg(OH)2
  Brushite        -16.99    -10.44    6.55  CaHPO4:2H2O
  Burkeite        -27.01    -17.52    9.49  Na6CO3(SO4)2
  C               -69.02     -5.51   63.52  C
  C(g)           -185.50     -5.51  179.99  C
  Ca             -122.75     15.76  138.51  Ca
  Ca(g)          -147.71     15.76  163.47  Ca
  Ca-Al_Pyroxene  -12.70     22.63   35.32  CaAl2SiO6
  Ca2Al2O5:8H2O   -20.13     39.44   59.57  Ca2Al2O5:8H2O
  Ca2Cl2(OH)2:H2O -26.04      0.25   26.29  Ca2Cl2(OH)2:H2O
  Ca3(AsO4)2      -86.24    -68.68   17.56  Ca3(AsO4)2
  Ca3Al2O6        -59.31     52.39  111.70  Ca3Al2O6
  Ca4Al2Fe2O10    -61.41     77.25  138.66  Ca4Al2Fe2O10
  Ca4Al2O7:13H2O  -41.92     65.33  107.25  Ca4Al2O7:13H2O
  Ca4Al2O7:19H2O  -38.35     65.33  103.68  Ca4Al2O7:19H2O
  Ca4Cl2(OH)6:13H2O -42.19     26.14   68.33  Ca4Cl2(OH)6:13H2O
  CaAl2O4         -19.71     26.50   46.21  CaAl2O4
  CaAl2O4:10H2O   -11.50     26.50   37.99  CaAl2O4:10H2O
  CaAl4O7         -27.40     40.05   67.44  CaAl4O7
  Calcite           0.03      1.81    1.78  CaCO3
  Carnallite      -26.49    -22.22    4.27  KMgCl3:6H2O
  CaSO4:0.5H2O(beta)  -4.43     -8.00   -3.57  CaSO4:0.5H2O
  CaUO4            -4.64     11.08   15.72  CaUO4
  Celadonite        0.35      7.54    7.19  KMgAlSi4O10(OH)2
  Celestite        -4.30    -10.03   -5.74  SrSO4
  CH4(g)         -139.72   -142.58   -2.86  CH4
  Chalcedony       -0.16     -3.87   -3.71  SiO2
  Chamosite-7A    -24.41      7.77   32.17  Fe2Al2SiO5(OH)4
  Chloromagnesite -35.06    -13.50   21.56  MgCl2
  Chromite        -41.66    -26.93   14.73  FeCr2O4
  Chrysotile       -1.99     28.69   30.68  Mg3Si2O5(OH)4
  Cl2(g)          -31.36    -28.46    2.91  Cl2
  Claudetite     -142.68   -162.34  -19.67  As2O3
  Clinochlore-14A  -3.41     62.67   66.07  Mg5Al2Si3O10(OH)8
  Clinochlore-7A   -6.76     62.67   69.42  Mg5Al2Si3O10(OH)8
  Clinoptilolite   -2.16    -12.48  -10.32  Na.954K.543Ca.761Mg.124Sr.036Ba.062Mn.002Al3.45Fe.017Si14.5330O46.922H21.844
  Clinoptilolite-Ca  -2.70    -10.33   -7.63  Ca1.7335Al3.45Fe.017Si14.533O36:10.922H2O
  Clinoptilolite-dehy -37.40    -12.48   24.92  Sr.036Mg.124Ca.761Mn.002Ba.062K.543Na.954Al3.45Fe.017Si14.533O36
  Clinoptilolite-dehy-Ca -37.95    -10.33   27.62  Ca1.7335Al3.45Fe.017Si14.533O36
  Clinoptilolite-dehy-K -42.46    -18.56   23.90  K3.467Al3.45Fe.017Si14.533O36
  Clinoptilolite-dehy-Na -39.86    -12.25   27.61  Na3.467Al3.45Fe.017Si14.533O36
  Clinoptilolite-dehy-Sr -41.34    -13.86   27.48  Sr1.7335Al3.45Fe.017Si14.533O36
  Clinoptilolite-hy-Ca  -2.72    -10.33   -7.61  Ca1.7335Al3.45Fe.017Si14.533O36:11.645H2O
  Clinoptilolite-hy-K  -7.16    -18.56  -11.40  K3.467Al3.45Fe.017Si14.533O36:7.499H2O
  Clinoptilolite-hy-Na  -4.62    -12.25   -7.64  Na3.467Al3.45Fe.017Si14.533O36:10.877H2O
  Clinoptilolite-hy-Sr  -6.15    -13.86   -7.71  Sr1.7335Al3.45Fe.017Si14.533O36:13.893H2O
  Clinoptilolite-K  -7.22    -18.56  -11.34  K3.467Al3.45Fe.017Si14.533O36:10.922H2O
  Clinoptilolite-Na  -4.62    -12.25   -7.64  Na3.467Al3.45Fe.017Si14.533O36:10.922H2O
  Clinoptilolite-Sr  -6.10    -13.86   -7.76  Sr1.7335Al3.45Fe.017Si14.533O36:10.922H2O
  Clinozoisite     -7.76     34.60   42.37  Ca2Al3Si3O12(OH)
  CO(g)           -46.54    -49.55   -3.01  CO
  CO2(g)           -3.29    -11.14   -7.85  CO2
  Coesite          -0.70     -3.87   -3.17  SiO2
  Coffinite       -28.50    -36.65   -8.14  USiO4
  Cordierite_anhyd -19.03     32.04   51.07  Mg2Al4Si5O18
  Cordierite_hydr -16.57     32.04   48.61  Mg2Al4Si5O18:H2O
  Corundum         -4.33     13.55   17.88  Al2O3
  Cr             -106.38     -8.77   97.62  Cr
  CrCl3           -69.08    -51.45   17.63  CrCl3
  CrF3            -41.97    -50.75   -8.78  CrF3
  CrF4            -71.32    -83.71  -12.39  CrF4
  Cristobalite(alpha)  -0.44     -3.87   -3.43  SiO2
  Cristobalite(beta)  -0.88     -3.87   -2.99  SiO2
  CrO2            -14.37    -33.37  -19.00  CrO2
  CrO3            -21.94    -25.51   -3.57  CrO3
  Cronstedtite-7A  -9.64      6.14   15.78  Fe2Fe2SiO5(OH)4
  CrS            -187.11   -187.80   -0.69  CrS
  Daphnite-14A    -54.11     -2.84   51.27  Fe5AlAlSi3O10(OH)8
  Daphnite-7A     -57.46     -2.84   54.62  Fe5AlAlSi3O10(OH)8
  Dawsonite        -2.66      1.56    4.22  NaAlCO3(OH)2
  Diaspore         -0.19      6.78    6.97  AlHO2
  Dicalcium_silicate -14.76     22.02   36.78  Ca2SiO4
  Diopside         -3.32     17.35   20.67  CaMgSi2O6
  Dolomite          0.44      2.82    2.38  CaMg(CO3)2
  Dolomite-dis     -1.08      2.82    3.89  CaMg(CO3)2
  Dolomite-ord      0.45      2.82    2.37  CaMg(CO3)2
  Enstatite        -2.88      8.27   11.16  MgSiO3
  Epidote           1.63     33.79   32.16  Ca2FeAl2Si3O12OH
  Epidote-ord       1.65     33.79   32.15  FeCa2Al2(OH)(SiO4)3
  Epsomite         -6.84     -8.80   -1.96  MgSO4:7H2O
  Eskolaite       -33.30    -42.58   -9.28  Cr2O3
  Ettringite      -33.48     28.38   61.86  Ca6Al2(SO4)3(OH)12:26H2O
  F2(g)           -83.07    -27.99   55.09  F2
  Fayalite        -24.60     -5.78   18.82  Fe2SiO4
  Fe              -56.56      1.86   58.42  Fe
  Fe(OH)2         -14.70     -0.96   13.74  Fe(OH)2
  Fe(OH)3           0.46      5.96    5.50  Fe(OH)3
  Fe2(SO4)3       -53.56    -50.92    2.64  Fe2(SO4)3
  FeF2            -23.62    -26.13   -2.51  FeF2
  FeF3            -12.52    -31.80  -19.28  FeF3
  FeO             -14.31     -0.96   13.35  FeO
  Ferrite-Ca        3.80     24.87   21.07  CaFe2O4
  Ferrite-Dicalcium -18.22     37.81   56.04  Ca2Fe2O5
  Ferrite-Mg        3.50     24.07   20.57  MgFe2O4
  Ferrosilite     -12.14     -4.83    7.32  FeSiO3
  FeSO4           -24.39    -21.90    2.49  FeSO4
  Fluorapatite      7.30    -18.01  -25.31  Ca5(PO4)3F
  Fluorite         -2.18    -12.23  -10.05  CaF2
  Forsterite       -7.06     20.42   27.48  Mg2SiO4
  Foshagite       -25.05     40.17   65.22  Ca4Si3O9(OH)2:0.5H2O
  Frankdicksonite  -8.89    -14.65   -5.76  BaF2
  Gaylussite       -8.66      2.51   11.16  CaNa2(CO3)2:5H2O
  Gehlenite       -19.87     35.57   55.44  Ca2Al2SiO7
  Gibbsite         -0.80      6.77    7.58  Al(OH)3
  Gismondine       -4.21     37.51   41.72  Ca2Al4Si4O16:9H2O
  Glauberite      -11.64    -17.11   -5.47  Na2Ca(SO4)2
  Goethite          5.53      5.96    0.43  FeOOH
  Greenalite      -32.92    -10.61   22.32  Fe3Si2O5(OH)4
  Grossular       -10.31     40.78   51.09  Ca3Al2(SiO4)3
  Gypsum           -3.47     -8.00   -4.54  CaSO4:2H2O
  Gyrolite         -8.39     14.28   22.67  Ca2Si3O7(OH)2:1.5H2O
  H2(g)           -39.73    -42.84   -3.11  H2
  H2O(g)           -1.52     -0.00    1.52  H2O
  H2S(g)         -138.59   -146.58   -7.99  H2S
  Haiweeite        -6.96    -14.00   -7.04  Ca(UO2)2(Si2O5)3:5H2O
  Halite           -8.47     -6.90    1.57  NaCl
  Hatrurite       -37.69     34.97   72.66  Ca3SiO5
  Hausmannite       9.01     18.73    9.72  Mn3O4
  HCl(g)          -19.00    -12.82    6.18  HCl
  Hedenbergite    -15.08      4.25   19.33  CaFe(SiO3)2
  Hematite         12.05     11.92   -0.13  Fe2O3
  Hercynite       -15.65     12.59   28.25  FeAl2O4
  Heulandite       -1.76      1.19    2.95  Ba.065Sr.175Ca.585K.132Na.383Al2.165Si6.835O18:6H2O
  Hexahydrite      -7.08     -8.80   -1.73  MgSO4:6H2O
  Hillebrandite   -14.43     22.02   36.45  Ca2SiO3(OH)2:0.17H2O
  Huntite          -5.11      4.83    9.94  CaMg3(CO3)4
  Hydromagnesite  -14.08     16.18   30.25  Mg5(CO3)4(OH)2:4H2O
  Hydrophilite    -24.31    -12.70   11.61  CaCl2
  Hydroxylapatite  -1.89     -5.43   -3.54  Ca5(OH)(PO4)3
  Ice              -0.15     -0.00    0.15  H2O
  Illite           -1.07      7.53    8.60  K0.6Mg0.25Al1.8Al0.5Si3.5O10(OH)2
  Jadeite          -3.22      4.95    8.18  NaAl(SiO3)2
  Jarosite        -10.20    -19.91   -9.72  KFe3(SO4)2(OH)6
  Jarosite-Na     -12.64    -18.09   -5.45  NaFe3(SO4)2(OH)6
  K               -64.84      5.51   70.35  K
  K(g)            -75.30      5.51   80.81  K
  K-Feldspar       -0.32     -0.74   -0.42  KAlSi3O8
  K2CO3:1.5H2O    -16.32     -2.94   13.38  K2CO3:1.5H2O
  K2O             -75.15      8.20   83.35  K2O
  K2UO4           -27.26      6.34   33.59  K2UO4
  K3H(SO4)2       -25.97    -29.59   -3.62  K3H(SO4)2
  K8H4(CO3)6:3H2O -61.74    -34.03   27.71  K8H4(CO3)6:3H2O
  Kainite         -17.21    -17.52   -0.31  KMgClSO4:3H2O
  KAl(SO4)2       -34.06    -31.02    3.05  KAl(SO4)2
  Kalicinite       -7.32     -7.04    0.28  KHCO3
  Kalsilite        -3.67      7.00   10.68  KAlSiO4
  Kaolinite        -0.67      5.81    6.48  Al2Si2O5(OH)4
  Katoite         -26.56     52.39   78.94  Ca3Al2H12O12
  Kieserite        -8.53     -8.80   -0.27  MgSO4:H2O
  KMgCl3          -43.25    -22.22   21.03  KMgCl3
  KMgCl3:2H2O     -36.06    -22.22   13.84  KMgCl3:2H2O
  KNaCO3:6H2O     -11.38     -1.12   10.26  KNaCO3:6H2O
  KUO2AsO4        -47.35    -51.52   -4.17  KUO2AsO4
  Kyanite          -5.56      9.68   15.24  Al2SiO5
  Lansfordite      -3.83      1.01    4.84  MgCO3:5H2O
  Larnite         -16.04     22.02   38.06  Ca2SiO4
  Laumontite       -2.20     11.01   13.22  CaAl2Si4O12:4H2O
  Lawrencite      -35.52    -26.60    8.92  FeCl2
  Lawsonite        -2.96     18.75   21.71  CaAl2Si2O7(OH)2:H2O
  Leonite         -17.44    -21.55   -4.11  K2Mg(SO4)2:4H2O
  Lime            -19.31     12.95   32.26  CaO
  Lopezite        -25.50    -42.82  -17.32  K2Cr2O7
  Magnesiochromite -35.04    -13.83   21.21  MgCr2O4
  Magnesite        -1.19      1.01    2.20  MgCO3
  Magnetite         0.90     10.97   10.07  Fe3O4
  Manganite         4.54      4.38   -0.16  MnO(OH)
  Manganosite      -7.76      9.97   17.72  MnO
  Margarite        -7.78     32.30   40.09  CaAl4Si2O10(OH)2
  Maximum_Microcline  -0.32     -0.74   -0.42  KAlSi3O8
  Mayenite       -237.47    250.20  487.66  Ca12Al14O33
  Melanterite     -19.52    -21.90   -2.38  FeSO4:7H2O
  Mercallite      -15.41    -16.85   -1.44  KHSO4
  Merwinite       -24.48     43.24   67.72  MgCa3(SiO4)2
  Mesolite          1.14     14.34   13.20  Na.676Ca.657Al1.99Si3.01O10:2.647H2O
  Mg             -106.37     14.96  121.33  Mg
  Mg(g)          -125.86     14.96  140.82  Mg
  Mg1.25SO4(OH)0.5:0.5H2O -10.80     -5.77    5.04  Mg1.25SO4(OH)0.5:0.5H2O
  Mg1.5SO4(OH)    -11.73     -2.73    9.01  Mg1.5SO4(OH)
  MgCl2:2H2O      -26.08    -13.50   12.58  MgCl2:2H2O
  MgCl2:4H2O      -20.73    -13.50    7.23  MgCl2:4H2O
  MgCl2:H2O       -29.38    -13.50   15.88  MgCl2:H2O
  MgOHCl          -16.38     -0.68   15.70  MgOHCl
  MgSO4           -13.48     -8.80    4.68  MgSO4
  MgUO4           -12.39     10.28   22.67  MgUO4
  Minnesotaite    -32.02    -18.35   13.67  Fe3Si4O10(OH)2
  Mirabilite       -8.09     -9.11   -1.03  Na2SO4:10H2O
  Misenite       -102.76   -113.83  -11.08  K8H6(SO4)7
  Mn              -69.35     12.78   82.13  Mn
  Mn(OH)2(am)      -5.19      9.97   15.15  Mn(OH)2
  Mn(OH)3          -1.96      4.38    6.34  Mn(OH)3
  Mn3(PO4)2       -17.68    -16.87    0.82  Mn3(PO4)2
  MnCl2:2H2O      -19.62    -15.68    3.94  MnCl2:2H2O
  MnCl2:4H2O      -18.41    -15.68    2.74  MnCl2:4H2O
  MnCl2:H2O       -21.14    -15.68    5.46  MnCl2:H2O
  MnHPO4           -0.47    -13.42  -12.95  MnHPO4
  MnO2(gamma)       7.17     -8.96  -16.13  MnO2
  MnSO4           -13.48    -10.98    2.50  MnSO4
  Molysite        -45.73    -32.50   13.22  FeCl3
  Monohydrocalcite  -0.84      1.81    2.65  CaCO3:H2O
  Monticellite     -8.00     21.22   29.22  CaMgSiO4
  Montmor-Ca       -0.21      1.98    2.19  Ca.165Mg.33Al1.67Si4O10(OH)2
  Montmor-K        -0.66      1.19    1.85  K.33Mg.33Al1.67Si4O10(OH)2
  Montmor-Mg       -0.23      1.84    2.07  Mg.495Al1.67Si4O10(OH)2
  Montmor-Na       -0.39      1.79    2.18  Na.33Mg.33Al1.67Si4O10(OH)2
  Mordenite        -2.00     -7.33   -5.33  Ca.2895Na.361Al.94Si5.06O12:3.468H2O
  Mordenite-dehy  -16.96     -7.33    9.63  Ca.2895Na.361Al.94Si5.06O12
  Muscovite        -0.25     12.81   13.06  KAl3Si3O10(OH)2
  Na              -59.44      7.33   66.76  Na
  Na(g)           -72.75      7.33   80.08  Na
  Na2CO3          -10.40      0.70   11.10  Na2CO3
  Na2CO3:7H2O      -9.28      0.70    9.98  Na2CO3:7H2O
  Na2Cr2O7        -29.04    -39.19  -10.14  Na2Cr2O7
  Na2CrO4         -16.54    -13.68    2.87  Na2CrO4
  Na2O            -55.02     11.84   66.85  Na2O
  Na2SiO3         -14.10      7.97   22.07  Na2SiO3
  Na2U2O7         -14.20      8.11   22.31  Na2U2O7
  Na2UO4(alpha)   -19.76      9.97   29.74  Na2UO4
  Na3H(SO4)2      -23.25    -24.14   -0.89  Na3H(SO4)2
  Na3UO4          -58.28     -2.50   55.77  Na3UO4
  Na4Ca(SO4)3:2H2O -20.33    -26.22   -5.89  Na4Ca(SO4)3:2H2O
  Na4SiO4         -50.27     19.80   70.07  Na4SiO4
  Na4UO2(CO3)3    -15.64    -11.60    4.04  Na4UO2(CO3)3
  Na6Si2O7        -73.01     27.77  100.78  Na6Si2O7
  NaFeO2           -7.74     11.88   19.62  NaFeO2
  Nahcolite        -5.10     -5.22   -0.12  NaHCO3
  Natrolite        -4.32     13.78   18.09  Na2Al2Si3O10:2H2O
  Natron           -8.97      0.70    9.67  Na2CO3:10H2O
  Natrosilite     -13.89      4.10   17.98  Na2Si2O5
  NaUO3           -22.58    -14.34    8.24  NaUO3
  Nepheline        -4.71      8.82   13.53  NaAlSiO4
  Nesquehonite     -4.21      1.01    5.22  MgCO3:3H2O
  Ningyoite       -36.74    -66.60  -29.87  CaUP2O8:2H2O
  Nontronite-Ca    13.88      2.09  -11.79  Ca.165Fe2Al.33Si3.67H2O12
  Nontronite-H     12.69     -0.05  -12.74  H.33Fe2Al.33Si3.67H2O12
  Nontronite-K     13.36      1.31  -12.05  K.33Fe2Al.33Si3.67H2O12
  Nontronite-Mg    13.79      1.96  -11.83  Mg.165Fe2Al.33Si3.67H2O12
  Nontronite-Na    13.63      1.91  -11.72  Na.33Fe2Al.33Si3.67H2O12
  O2(g)            -2.72     -5.63   -2.91  O2
  Okenite          -5.08      5.20   10.28  CaSi2O4(OH)2:H2O
  Orpiment       -523.23   -602.07  -78.84  As2S3
  Oxychloride-Mg  -14.36     11.47   25.83  Mg2Cl(OH)3:4H2O
  P              -147.04    -16.35  130.69  P
  Paragonite       -2.31     14.63   16.94  NaAl3Si3O10(OH)2
  Pargasite       -22.80     77.49  100.29  NaCa2Al3Mg4Si6O22(OH)2
  Pentahydrite     -7.41     -8.80   -1.39  MgSO4:5H2O
  Periclase        -8.94     12.15   21.08  MgO
  Phlogopite       -1.10     35.70   36.80  KAlMg3Si3O10(OH)2
  Picromerite     -17.11    -21.55   -4.44  K2Mg(SO4)2:6H2O
  Pirssonite       -8.82      2.51   11.32  Na2Ca(CO3)2:2H2O
  Polyhalite      -23.24    -37.55  -14.31  K2MgCa2(SO4)4:2H2O
  Portlandite      -9.40     12.95   22.34  Ca(OH)2
  Prehnite         -4.46     27.83   32.29  Ca2Al2Si3O10(OH)2
  Pseudowollastonite  -4.76      9.08   13.83  CaSiO3
  Pyrite         -238.18   -262.70  -24.53  FeS2
  Pyrolusite        8.57     -8.96  -17.53  MnO2
  Pyrophyllite     -2.06     -1.93    0.13  Al2Si4O10(OH)2
  Pyrrhotite     -143.78   -147.53   -3.75  FeS
  Quartz            0.10     -3.87   -3.97  SiO2
  Rankinite       -20.24     31.10   51.34  Ca3Si2O7
  Realgar        -211.26   -271.53  -60.28  AsS
  Rhodochrosite    -0.92     -1.17   -0.25  MnCO3
  Rhodonite        -3.49      6.10    9.59  MnSiO3
  Ripidolite-14A  -23.40     36.46   59.86  Mg3Fe2Al2Si3O10(OH)8
  Ripidolite-7A   -26.76     36.46   63.22  Mg3Fe2Al2Si3O10(OH)8
  Rutherfordine    -8.85    -13.00   -4.15  UO2CO3
  S              -104.70   -149.39  -44.69  S
  S2(g)          -223.09   -230.34   -7.25  S2
  Saleeite        -18.70    -38.35  -19.65  Mg(UO2)2(PO4)2
  Sanbornite       -6.58      2.78    9.36  BaSi2O5
  Sanidine_high    -1.50     -0.74    0.76  KAlSi3O8
  Saponite-Ca       0.79     26.60   25.81  Ca.165Mg3Al.33Si3.67O10(OH)2
  Saponite-H       -0.40     24.47   24.87  H.33Mg3Al.33Si3.67O10(OH)2
  Saponite-K        0.27     25.82   25.55  K.33Mg3Al.33Si3.67O10(OH)2
  Saponite-Mg       0.71     26.47   25.76  Mg3.165Al.33Si3.67O10(OH)2
  Saponite-Na       0.55     26.42   25.87  Na.33Mg3Al.33Si3.67O10(OH)2
  Scacchite       -24.30    -15.68    8.62  MnCl2
  Schoepite        -6.62     -1.86    4.75  UO3:2H2O
  Schoepite-dehy(.393)  -8.48     -1.86    6.61  UO3:.393H2O
  Schoepite-dehy(.648)  -7.97     -1.86    6.10  UO3:.648H2O
  Schoepite-dehy(.85)  -6.87     -1.86    5.01  UO3:.85H2O
  Schoepite-dehy(.9)  -6.79     -1.86    4.93  UO3:.9H2O
  Schoepite-dehy(1.0)  -6.88     -1.86    5.01  UO3:H2O
  Scolecite        -0.53     14.88   15.42  CaAl2Si3O10:3H2O
  Sellaite         -3.56    -13.03   -9.47  MgF2
  Sepiolite        -4.61     25.36   29.97  Mg4Si6O15(OH)2:6H2O
  Si             -145.71      1.76  147.47  Si
  Si(g)          -216.07      1.76  217.83  Si
  Siderite        -11.82    -12.09   -0.27  FeCO3
  SiF4(g)         -38.92    -54.22  -15.29  SiF4
  Sillimanite      -6.18      9.68   15.86  Al2SiO5
  SiO2(am)         -1.16     -3.87   -2.71  SiO2
  Sklodowskite    -13.11      0.68   13.79  Mg(H3O)2(UO2)2(SiO4)2:4H2O
  Smectite-high-Fe-Mg  -5.61     11.34   16.95  Ca.025Na.1K.2Fe.5Fe.2Mg1.15Al1.25Si3.5H2O12
  Smectite-low-Fe-Mg  -3.13      7.53   10.66  Ca.02Na.15K.2Fe.29Fe.16Mg.9Al1.25Si3.75H2O12
  SO2(g)          -55.30    -55.16    0.13  SO2
  Soddyite         -7.99     -7.60    0.39  (UO2)2SiO4:2H2O
  Spinel          -11.27     25.70   36.97  Al2MgO4
  Sr             -126.71     13.73  140.44  Sr
  Sr(OH)2         -16.36     10.91   27.28  Sr(OH)2
  Sr2SiO4         -24.41     17.96   42.37  Sr2SiO4
  Sr3(AsO4)2      -95.14    -74.77   20.37  Sr3(AsO4)2
  SrCl2           -22.54    -14.73    7.81  SrCl2
  SrCl2:2H2O      -17.99    -14.73    3.26  SrCl2:2H2O
  SrCl2:6H2O      -16.26    -14.73    1.53  SrCl2:6H2O
  SrCl2:H2O       -19.41    -14.73    4.68  SrCl2:H2O
  SrCrO4          -10.70    -14.60   -3.90  SrCrO4
  SrF2             -5.72    -14.26   -8.54  SrF2
  SrHPO4           -6.19    -12.47   -6.28  SrHPO4
  SrO             -30.58     10.91   41.49  SrO
  SrS            -150.21   -135.66   14.55  SrS
  SrSiO3           -7.64      7.04   14.68  SrSiO3
  SrUO4(alpha)     -9.86      9.05   18.91  SrUO4
  Starkeyite       -7.80     -8.80   -1.00  MgSO4:4H2O
  Stilbite          1.71      2.39    0.68  Ca1.019Na.136K.006Al2.18Si6.82O18:7.33H2O
  Strengite        -5.97    -17.42  -11.45  FePO4:2H2O
  Strontianite      0.13     -0.22   -0.35  SrCO3
  Sylvite          -9.58     -8.72    0.85  KCl
  Syngenite       -13.15    -20.75   -7.60  K2Ca(SO4)2:H2O
  Tachyhydrite    -56.84    -39.69   17.14  Mg2CaCl6:12H2O
  Talc              0.20     20.95   20.75  Mg3Si4O10(OH)2
  Tarapacaite     -16.93    -17.31   -0.39  K2CrO4
  Tephroite        -6.70     16.06   22.77  Mn2SiO4
  Thenardite       -8.75     -9.11   -0.36  Na2SO4
  Thermonatrite   -10.19      0.70   10.89  Na2CO3:H2O
  Tobermorite-11A -23.43     41.50   64.93  Ca5Si6H11O22.5
  Tobermorite-14A -21.74     41.50   63.24  Ca5Si6H21O27.5
  Tobermorite-9A  -26.82     41.50   68.33  Ca5Si6H6O20
  Todorokite       44.22     -1.60  -45.82  Mn7O12:3H2O
  Tremolite        -4.63     55.65   60.28  Ca2Mg5Si8O22(OH)2
  Tridymite        -0.08     -3.87   -3.79  SiO2
  Troilite       -143.68   -147.53   -3.86  FeS
  Trona-K         -19.75     -8.16   11.59  K2NaH(CO3)2:2H2O
  U              -204.12      6.58  210.70  U
  U(CO3)2         -62.30    -55.05    7.25  U(CO3)2
  U(g)           -288.83      6.58  295.41  U
  U(HPO4)2:4H2O   -46.64    -79.55  -32.91  U(HPO4)2:4H2O
  U(OH)2SO4       -50.65    -53.73   -3.07  U(OH)2SO4
  U(SO3)2        -124.68   -161.42  -36.73  U(SO3)2
  U(SO4)2         -62.98    -74.67  -11.69  U(SO4)2
  U(SO4)2:4H2O    -63.02    -74.67  -11.66  U(SO4)2:4H2O
  U(SO4)2:8H2O    -62.05    -74.67  -12.62  U(SO4)2:8H2O
  U2C3           -582.45   -131.74  450.71  U2C3
  U2Cl10(g)      -250.35   -168.73   81.62  U2Cl10
  U2Cl8(g)       -249.16   -168.13   81.03  U2Cl8
  U2F10(g)       -153.51   -166.38  -12.87  U2F10
  U2F9           -120.57   -166.31  -45.74  U2F9
  U2O2Cl5        -135.92   -117.14   18.78  U2O2Cl5
  U2O3F6          -76.42    -79.24   -2.83  U2O3F6
  U2S3           -569.64   -563.39    6.24  U2S3
  U3As4          -963.20   -480.62  482.58  U3As4
  U3O5F8         -102.98   -106.28   -3.30  U3O5F8
  U3P4           -1057.12   -238.21  818.91  U3P4
  U3S5           -888.60   -889.33   -0.72  U3S5
  U4F17          -227.33   -332.56 -105.23  U4F17
  U5O12Cl         -95.31   -114.12  -18.81  U5O12Cl
  UAs            -282.01   -134.56  147.45  UAs
  UAs2           -398.62   -211.51  187.11  UAs2
  UC             -255.98    -63.12  192.87  UC
  UC1.94(alpha)  -322.87    -68.29  254.58  UC1.94
  UCl(g)         -247.01    -27.45  219.56  UCl
  UCl2(g)        -203.73    -21.88  181.86  UCl2
  UCl2F2          -79.79    -83.59   -3.80  UCl2F2
  UCl3           -113.06   -100.30   12.76  UCl3
  UCl3(g)        -158.15   -100.30   57.85  UCl3
  UCl3F           -93.77    -83.83    9.94  UCl3F
  UCl4           -105.59    -84.06   21.53  UCl4
  UCl4(g)        -129.70    -84.06   45.64  UCl4
  UCl5           -121.19    -84.37   36.82  UCl5
  UCl5(g)        -138.16    -84.37   53.79  UCl5
  UCl6           -135.67    -78.79   56.88  UCl6
  UCl6(g)        -141.41    -78.79   62.62  UCl6
  UClF3           -65.65    -83.36  -17.71  UClF3
  UF(g)          -231.37    -27.22  204.15  UF
  UF2(g)         -191.89    -21.41  170.48  UF2
  UF3             -80.13    -99.59  -19.46  UF3
  UF3(g)         -146.07    -99.59   46.48  UF3
  UF4             -53.83    -83.12  -29.29  UF4
  UF4(g)          -97.12    -83.12   13.99  UF4
  UF4:2.5H2O      -49.72    -83.12  -33.41  UF4:2.5H2O
  UF5(alpha)      -70.15    -83.19  -13.04  UF5
  UF5(beta)       -69.84    -83.19  -13.35  UF5
  UF5(g)          -89.12    -83.19    5.93  UF5
  UF6             -94.26    -77.38   16.88  UF6
  UF6(g)          -95.02    -77.38   17.64  UF6
  UH3(beta)      -251.23    -53.39  197.84  UH3
  UO(g)          -205.76      3.77  209.53  UO
  UO2(am)         -32.89    -32.78    0.11  UO2
  UO2(AsO3)2     -116.11   -109.38    6.73  UO2(AsO3)2
  UO2(g)         -123.33      0.95  124.28  UO2
  UO2(OH)2(beta)   -6.72     -1.86    4.86  UO2(OH)2
  UO2(PO3)2       -32.19    -48.63  -16.44  UO2(PO3)2
  UO2.25          -21.62    -26.52   -4.90  UO2.25
  UO2.25(beta)    -21.70    -26.52   -4.82  UO2.25
  UO2.3333(beta)  -39.65    -67.43  -27.79  (UO2.3333)2
  UO2.6667        -25.79    -69.31  -43.52  (UO2.6667)2
  UO2Cl           -32.51    -33.08   -0.57  UO2Cl
  UO2Cl2          -39.44    -27.51   11.93  UO2Cl2
  UO2Cl2(g)       -74.83    -27.51   47.32  UO2Cl2
  UO2Cl2:3H2O     -33.04    -27.51    5.54  UO2Cl2:3H2O
  UO2Cl2:H2O      -35.66    -27.51    8.16  UO2Cl2:H2O
  UO2ClOH:2H2O    -16.94    -14.69    2.25  UO2ClOH:2H2O
  UO2CO3           -8.84    -13.00   -4.16  UO2CO3
  UO2F2           -19.71    -27.04   -7.33  UO2F2
  UO2F2(g)        -61.12    -27.04   34.09  UO2F2
  UO2F2:3H2O      -19.64    -27.04   -7.40  UO2F2:3H2O
  UO2FOH          -12.54    -14.45   -1.91  UO2FOH
  UO2FOH:2H2O     -11.75    -14.45   -2.70  UO2FOH:2H2O
  UO2FOH:H2O      -12.11    -14.45   -2.34  UO2FOH:H2O
  UO2HPO4         -12.57    -25.25  -12.68  UO2HPO4
  UO2HPO4:4H2O    -12.24    -25.25  -13.00  UO2HPO4:4H2O
  UO2SO3          -50.20    -66.18  -15.98  UO2SO3
  UO2SO4          -24.60    -22.81    1.79  UO2SO4
  UO2SO4:2.5H2O   -21.25    -22.81   -1.56  UO2SO4:2.5H2O
  UO2SO4:3.5H2O   -21.28    -22.81   -1.53  UO2SO4:3.5H2O
  UO2SO4:3H2O     -21.34    -22.81   -1.47  UO2SO4:3H2O
  UO2SO4:H2O      -16.68    -22.81   -6.13  UO2SO4:H2O
  UO3(alpha)      -10.36     -1.86    8.50  UO3
  UO3(beta)       -10.04     -1.86    8.18  UO3
  UO3(g)          -72.00     -1.86   70.14  UO3
  UO3(gamma)       -9.44     -1.86    7.58  UO3
  UO3:.9H2O(alpha)  -6.79     -1.86    4.93  UO3:.9H2O
  UO3:2H2O         -6.62     -1.86    4.76  UO3:2H2O
  UOCl            -84.85    -74.65   10.20  UOCl
  UOCl2           -63.61    -58.42    5.19  UOCl2
  UOCl3           -71.14    -58.72   12.42  UOCl3
  UOF2            -39.73    -57.95  -18.22  UOF2
  UOF2:H2O        -39.19    -57.95  -18.76  UOF2:H2O
  UOF4            -56.53    -52.21    4.32  UOF4
  UOF4(g)         -75.92    -52.21   23.71  UOF4
  UOFOH           -36.32    -45.36   -9.04  UOFOH
  UOFOH:.5H2O     -35.88    -11.63   24.24  UOFOH:.5H2O
  UP             -305.02    -73.96  231.07  UP
  UP2            -447.09    -90.30  356.79  UP2
  UP2O7           -46.41    -79.55  -33.13  UP2O7
  UP2O7:20H2O     -50.92    -79.55  -28.63  UP2O7:20H2O
  UPO5            -24.08    -43.64  -19.56  UPO5
  Uraninite       -27.82    -32.78   -4.96  UO2
  Uranocircite    -20.03    -39.97  -19.94  Ba(UO2)2(PO4)2
  Uranophane      -15.81      1.48   17.29  Ca(UO2)2(SiO3)2(OH)2
  US             -253.12   -207.00   46.12  US
  US1.9          -314.63   -317.09   -2.46  US1.9
  US2            -323.40   -325.93   -2.53  US2
  US3            -424.97   -441.59  -16.62  US3
  Vivianite       -44.91    -49.64   -4.72  Fe3(PO4)2:8H2O
  Wairakite        -6.52     11.01   17.54  CaAl2Si4O10(OH)4
  Weeksite        -34.13    -18.75   15.38  K2(UO2)2(Si2O5)3:4H2O
  Whitlockite      -3.42     -7.93   -4.51  Ca3(PO4)2
  Witherite         2.38     -0.61   -2.99  BaCO3
  Wollastonite     -4.53      9.08   13.60  CaSiO3
  Wustite         -12.41     -0.17   12.24  Fe.947O
  Xonotlite       -36.51     54.45   90.96  Ca6Si6O17(OH)2
  Zoisite          -7.80     34.60   42.40  Ca2Al3(SiO4)3OH

**For a gas, SI = log10(fugacity). Fugacity = pressure * phi / 1 atm.
  For ideal gases, phi = 1.

------------------
End of simulation.
------------------

------------------------------------
Reading input data for simulation 7.
------------------------------------

	TITLE REACT, EQUILIBRATE WITH SUBSURFACE MATERIALS
	USE Solution 3
	USE REACTION_TEMPERATURE 1
	USE REACTION 1
	USE EQUILIBRIUM_PHASES 1
	SAVE Solution 4
	SELECTED_OUTPUT
		file Arapahoe_01_template_selected_output.txt
		selected_out      TRUE
		high_precision     TRUE
		pH     TRUE
		charge_balance     TRUE
		percent_error     TRUE
		molalities      HCO3- CO3-2
		totals     O(0) Cl Ca Mg Na K S(6) Alkalinity F Mn Ba Sr Fe As U P Al Si Cr
		saturation_indices		Aragonite Brucite Calcite Dolomite Dolomite-dis Fe(OH)3 Goethite Gypsum Gibbsite Magnesite Mn(OH)3 Rhodochrosite Siderite Sylvite Strontianite Witherite CO2(g) O2(g)
		equilibrium_phases      Aragonite Brucite Calcite Dolomite Dolomite-dis Fe(OH)3 Goethite Gypsum Gibbsite Magnesite Mn(OH)3 Rhodochrosite Siderite Sylvite Strontianite Witherite  CO2(g) O2(g)
	END
-----
TITLE
-----

 REACT, EQUILIBRATE WITH SUBSURFACE MATERIALS

-----------------------------------------
Beginning of batch-reaction calculations.
-----------------------------------------

Reaction step 1.

Using solution 3.	Solution after simulation 6.
Using pure phase assemblage 1.	
Using temperature 1.	
Using reaction 1.	

Reaction 1.	

	  1.000e+00 moles of the following reaction have been added:

	                 Relative
	Reactant            moles

	Albite               0.00000
	Arsenopyrite         0.00000
	CO2(g)               0.00045
	CaX2                 0.00039
	Calcite              0.00000
	Chromite             0.00000
	Dolomite             0.00000
	Fe(OH)3              0.00000
	Fluorapatite         0.00000
	Goethite             3.85700
	Gypsum               0.00009
	Halite               0.00001
	Illite               0.00000
	KX                   0.00000
	Kaolinite            0.00000
	MgX2                 0.00001
	Mn(OH)3              0.00000
	Muscovite            0.00002
	NaX                  0.00000
	Quartz               0.00000
	Siderite             0.00000
	Strontianite         0.00000
	Uraninite            0.00000
	Witherite            0.00000

	                 Relative
	Element             moles
	Al                   0.00007
	As                   0.00000
	Ba                   0.00000
	C                    0.00045
	Ca                   0.00048
	Cl                   0.00001
	Cr                   0.00000
	F                    0.00000
	Fe                   3.85700
	H                    3.85740
	K                    0.00002
	Mg                   0.00001
	Mn                   0.00000
	Na                   0.00001
	O                    7.71570
	P                    0.00000
	S                    0.00009
	Si                   0.00007
	Sr                   0.00000
	U                    0.00000
	X                    0.00081

-------------------------------Phase assemblage--------------------------------

                                                      Moles in assemblage
Phase               SI  log IAP  log K(T, P)   Initial       Final       Delta

Albite           -1.41     1.24      2.65    0.000e+00           0   0.000e+00
Arsenopyrite    -42.58   -57.02    -14.44    0.000e+00           0   0.000e+00
CO2(g)           -3.24   -11.07     -7.83    0.000e+00           0   0.000e+00
CaX2                 Element not present.    0.000e+00           0   0.000e+00
Calcite          -0.00     1.82      1.82    0.000e+00   4.368e-04   4.368e-04
Chromite         14.43    29.53     15.10    0.000e+00           0   0.000e+00
Dolomite         -0.00     2.46      2.46    0.000e+00   1.989e-05   1.989e-05
Fe(OH)3          -5.10     0.52      5.62    0.000e+00           0   0.000e+00
Fluorapatite      0.00   -25.18    -25.18    0.000e+00   2.091e-07   2.091e-07
Goethite         -0.00     0.52      0.52    0.000e+00   3.857e+00   3.857e+00
Gypsum           -3.42    -7.95     -4.53    0.000e+00           0   0.000e+00
Halite           -8.42    -6.86      1.56    0.000e+00           0   0.000e+00
Illite           -0.95     7.88      8.84    0.000e+00           0   0.000e+00
KX                   Element not present.    0.000e+00           0   0.000e+00
Kaolinite        -0.44     6.24      6.68    0.000e+00           0   0.000e+00
MgX2                 Element not present.    0.000e+00           0   0.000e+00
Mn(OH)3         -18.77   -12.43      6.34    0.000e+00           0   0.000e+00
Muscovite        -0.00    13.39     13.39    0.000e+00   2.220e-05   2.220e-05
NaX                  Element not present.    0.000e+00           0   0.000e+00
Quartz            0.15    -3.87     -4.02    0.000e+00           0   0.000e+00
Siderite         -0.48    -0.71     -0.23    0.000e+00           0   0.000e+00
Strontianite      0.36     0.02     -0.34    0.000e+00           0   0.000e+00
Uraninite        -0.70    -5.55     -4.85    0.000e+00           0   0.000e+00
Witherite         2.55    -0.46     -3.01    0.000e+00           0   0.000e+00

-----------------------------Solution composition------------------------------

	Elements           Molality       Moles

	Al                4.093e-08   4.093e-08
	As                1.068e-09   1.068e-09
	Ba                7.072e-07   7.072e-07
	C                 2.552e-03   2.552e-03
	Ca                1.436e-04   1.436e-04
	Cl                5.688e-05   5.688e-05
	Cr                7.255e-09   7.255e-09
	F                 8.875e-05   8.875e-05
	Fe                1.313e-06   1.313e-06
	K                 4.181e-05   4.181e-05
	Mg                9.308e-06   9.308e-06
	Mn                2.837e-07   2.837e-07
	Na                2.765e-03   2.765e-03
	P                 2.221e-09   2.221e-09
	S                 2.430e-04   2.430e-04
	Si                1.412e-04   1.412e-04
	Sr                2.175e-06   2.175e-06
	U                 8.402e-11   8.402e-11

----------------------------Description of solution----------------------------

                                       pH  =   8.439      Charge balance
                                       pe  =  -5.273      Adjusted to redox equilibrium
                        Activity of water  =   1.000
                 Ionic strength (mol/kgw)  =   3.404e-03
                       Mass of water (kg)  =   1.000e+00
                 Total alkalinity (eq/kg)  =   2.682e-03
                       Total CO2 (mol/kg)  =   2.552e-03
                         Temperature (°C)  =  25.40
                  Electrical balance (eq)  =   7.252e-06
 Percent error, 100*(Cat-|An|)/(Cat+|An|)  =   0.12
                               Iterations  =  36
                                  Total H  = 1.110535e+02
                                  Total O  = 5.553396e+01

----------------------------Distribution of species----------------------------

                                               Log       Log       Log    mole V
   Species          Molality    Activity  Molality  Activity     Gamma   cm³/mol

   OH-             2.907e-06   2.727e-06    -5.536    -5.564    -0.028     (0)  
   H+              3.859e-09   3.640e-09    -8.414    -8.439    -0.025      0.00
   H2O             5.553e+01   9.999e-01     1.744    -0.000     0.000     18.07
Al            4.093e-08
   AlO2-           4.051e-08   3.802e-08    -7.392    -7.420    -0.028     (0)  
   HAlO2           3.962e-10   3.962e-10    -9.402    -9.402     0.000     (0)  
   NaAlO2          1.884e-11   1.884e-11   -10.725   -10.725     0.000     (0)  
   Al(OH)2+        1.030e-12   9.666e-13   -11.987   -12.015    -0.028     (0)  
   AlF2+           1.370e-14   1.285e-14   -13.863   -13.891    -0.028     (0)  
   AlF3            1.346e-14   1.346e-14   -13.871   -13.871     0.000     (0)  
   AlOH+2          1.901e-15   1.476e-15   -14.721   -14.831    -0.110     (0)  
   AlF+2           5.000e-16   3.883e-16   -15.301   -15.411    -0.110     (0)  
   AlF4-           2.995e-16   2.811e-16   -15.524   -15.551    -0.028     (0)  
   Al+3            7.913e-19   4.670e-19   -18.102   -18.331    -0.229     (0)  
   AlSO4+          5.511e-20   5.172e-20   -19.259   -19.286    -0.028     (0)  
   AlHPO4+         1.860e-20   1.745e-20   -19.731   -19.758    -0.028     (0)  
   Al(SO4)2-       4.630e-22   4.345e-22   -21.334   -21.362    -0.028     (0)  
   Al2(OH)2+4      9.080e-28   3.358e-28   -27.042   -27.474    -0.432     (0)  
   AlH2PO4+2       4.100e-33   3.184e-33   -32.387   -32.497    -0.110     (0)  
   Al3(OH)4+5      3.566e-35   7.637e-36   -34.448   -35.117    -0.669     (0)  
   Al13O4(OH)24+7   0.000e+00   0.000e+00   -65.674   -66.986    -1.312     (0)  
As(-3)        0.000e+00
   AsH3            0.000e+00   0.000e+00   -62.231   -62.231     0.000     (0)  
As(3)         1.095e-38
   HAsO2           5.011e-39   5.011e-39   -38.300   -38.300     0.000     (0)  
   As(OH)3         4.380e-39   4.380e-39   -38.358   -38.358     0.000     (0)  
   H2AsO3-         7.959e-40   7.469e-40   -39.099   -39.127    -0.028     (0)  
   AsO2-           7.598e-40   7.130e-40   -39.119   -39.147    -0.028     (0)  
   AsO2OH-2        0.000e+00   0.000e+00   -41.581   -41.692    -0.111     (0)  
   HAsS2           0.000e+00   0.000e+00   -42.053   -42.053     0.000     (0)  
As(5)         1.068e-09
   AsO3F-2         1.065e-09   8.255e-10    -8.972    -9.083    -0.111     (0)  
   HAsO3F-         2.378e-12   2.231e-12   -11.624   -11.651    -0.028     (0)  
   HAsO4-2         0.000e+00   0.000e+00   -43.478   -43.589    -0.111     (0)  
   H2AsO4-         0.000e+00   0.000e+00   -45.221   -45.248    -0.028     (0)  
   AsO4-3          0.000e+00   0.000e+00   -46.487   -46.736    -0.249     (0)  
   H3AsO4          0.000e+00   0.000e+00   -51.440   -51.440     0.000     (0)  
Ba            7.072e-07
   Ba+2            6.995e-07   5.444e-07    -6.155    -6.264    -0.109     (0)  
   BaCO3           7.662e-09   7.662e-09    -8.116    -8.116     0.000     (0)  
   BaF+            3.340e-11   3.134e-11   -10.476   -10.504    -0.028     (0)  
   BaCl+           1.044e-11   9.794e-12   -10.981   -11.009    -0.028     (0)  
   BaOH+           5.399e-12   5.067e-12   -11.268   -11.295    -0.028     (0)  
C(-2)         0.000e+00
   C2H4            0.000e+00   0.000e+00   -56.549   -56.549     0.000     (0)  
C(-3)         4.614e-16
   C2H6            2.307e-16   2.307e-16   -15.637   -15.637     0.000     (0)  
C(-4)         2.996e-09
   CH4             2.996e-09   2.996e-09    -8.524    -8.524     0.000     (0)  
C(2)          8.472e-17
   CO              8.472e-17   8.472e-17   -16.072   -16.072     0.000     (0)  
C(4)          2.552e-03
   HCO3-           2.476e-03   2.323e-03    -2.606    -2.634    -0.028     (0)  
   CO3-2           3.674e-05   2.853e-05    -4.435    -4.545    -0.110     (0)  
   CO2             1.950e-05   1.952e-05    -4.710    -4.710     0.000     (0)  
   NaHCO3          8.524e-06   8.524e-06    -5.069    -5.069     0.000     (0)  
   CaCO3           6.885e-06   6.885e-06    -5.162    -5.162     0.000     (0)  
   CaHCO3+         3.030e-06   2.843e-06    -5.519    -5.546    -0.028     (0)  
   FeCO3           4.911e-07   4.911e-07    -6.309    -6.309     0.000     (0)  
   FeHCO3+         3.969e-07   3.725e-07    -6.401    -6.429    -0.028     (0)  
   NaCO3-          2.719e-07   2.552e-07    -6.566    -6.593    -0.028     (0)  
   MgCO3           2.078e-07   2.078e-07    -6.682    -6.682     0.000     (0)  
   MgHCO3+         1.972e-07   1.850e-07    -6.705    -6.733    -0.028     (0)  
   MnCO3           1.209e-07   1.209e-07    -6.918    -6.918     0.000     (0)  
   SrCO3           3.815e-08   3.815e-08    -7.419    -7.419     0.000     (0)  
   BaCO3           7.662e-09   7.662e-09    -8.116    -8.116     0.000     (0)  
   MnHCO3+         2.299e-09   2.157e-09    -8.638    -8.666    -0.028     (0)  
   UO2(CO3)3-4     2.055e-17   7.398e-18   -16.687   -17.131    -0.444     (0)  
   UO2(CO3)2-2     7.670e-18   5.943e-18   -17.115   -17.226    -0.111     (0)  
   FeCO3+          2.684e-20   2.518e-20   -19.571   -19.599    -0.028     (0)  
   UO2CO3          1.074e-20   1.074e-20   -19.969   -19.969     0.000     (0)  
   U(CO3)4-4       1.259e-22   4.535e-23   -21.900   -22.343    -0.444     (0)  
   UO2(CO3)3-5     1.303e-24   2.640e-25   -23.885   -24.578    -0.693     (0)  
   U(CO3)5-6       1.089e-27   1.094e-28   -26.963   -27.961    -0.998     (0)  
   (UO2)2CO3(OH)3-   4.718e-31   4.427e-31   -30.326   -30.354    -0.028     (0)  
   (UO2)3(CO3)6-6   0.000e+00   0.000e+00   -47.554   -48.552    -0.998     (0)  
   (UO2)3(OH)5CO2+   0.000e+00   0.000e+00   -53.849   -53.877    -0.028     (0)  
   (UO2)3O(OH)2(HCO3)+   0.000e+00   0.000e+00   -53.942   -53.970    -0.028     (0)  
   (UO2)11(CO3)6(OH)12-2   0.000e+00   0.000e+00  -165.916  -166.027    -0.111     (0)  
Ca            1.436e-04
   Ca+2            1.320e-04   1.032e-04    -3.879    -3.986    -0.107     (0)  
   CaCO3           6.885e-06   6.885e-06    -5.162    -5.162     0.000     (0)  
   CaHCO3+         3.030e-06   2.843e-06    -5.519    -5.546    -0.028     (0)  
   CaSO4           1.637e-06   1.637e-06    -5.786    -5.786     0.000     (0)  
   CaF+            4.662e-08   4.375e-08    -7.331    -7.359    -0.028     (0)  
   CaOH+           4.266e-09   4.003e-09    -8.370    -8.398    -0.028     (0)  
   CaCl+           1.244e-09   1.167e-09    -8.905    -8.933    -0.028     (0)  
   CaHPO4          8.436e-11   8.436e-11   -10.074   -10.074     0.000     (0)  
   CaPO4-          6.178e-11   5.797e-11   -10.209   -10.237    -0.028     (0)  
   CaCl2           7.286e-14   7.286e-14   -13.138   -13.138     0.000     (0)  
   CaP2O7-2        3.336e-19   2.585e-19   -18.477   -18.587    -0.111     (0)  
   CaH2PO4+        1.496e-20   1.404e-20   -19.825   -19.853    -0.028     (0)  
Cl(-1)        5.688e-05
   Cl-             5.686e-05   5.329e-05    -4.245    -4.273    -0.028     (0)  
   NaCl            2.428e-08   2.428e-08    -7.615    -7.615     0.000     (0)  
   CaCl+           1.244e-09   1.167e-09    -8.905    -8.933    -0.028     (0)  
   MgCl+           3.036e-10   2.849e-10    -9.518    -9.545    -0.028     (0)  
   KCl             7.064e-11   7.064e-11   -10.151   -10.151     0.000     (0)  
   SrCl+           5.540e-11   5.199e-11   -10.256   -10.284    -0.028     (0)  
   MnCl+           1.490e-11   1.398e-11   -10.827   -10.854    -0.028     (0)  
   FeCl+           1.266e-11   1.188e-11   -10.897   -10.925    -0.028     (0)  
   BaCl+           1.044e-11   9.794e-12   -10.981   -11.009    -0.028     (0)  
   CaCl2           7.286e-14   7.286e-14   -13.138   -13.138     0.000     (0)  
   HCl             4.359e-14   4.359e-14   -13.361   -13.361     0.000     (0)  
   FeCl2           3.406e-18   3.406e-18   -17.468   -17.468     0.000     (0)  
   MnCl3-          9.151e-21   8.588e-21   -20.039   -20.066    -0.028     (0)  
   CrCl+2          9.008e-21   6.996e-21   -20.045   -20.155    -0.110     (0)  
   CrCl2+          8.938e-25   8.388e-25   -24.049   -24.076    -0.028     (0)  
   FeCl4-2         3.614e-26   2.800e-26   -25.442   -25.553    -0.111     (0)  
   UO2Cl+          6.347e-30   5.956e-30   -29.197   -29.225    -0.028     (0)  
   FeCl+2          1.845e-30   1.433e-30   -29.734   -29.844    -0.110     (0)  
   FeCl2+          6.457e-32   6.060e-32   -31.190   -31.218    -0.028     (0)  
   UO2Cl2          1.631e-35   1.631e-35   -34.788   -34.788     0.000     (0)  
   UCl+3           0.000e+00   0.000e+00   -41.625   -41.870    -0.245     (0)  
   FeCl4-          0.000e+00   0.000e+00   -42.657   -42.684    -0.028     (0)  
   CrO3Cl-         0.000e+00   0.000e+00   -50.395   -50.422    -0.028     (0)  
Cl(1)         0.000e+00
   ClO-            0.000e+00   0.000e+00   -55.951   -55.978    -0.028     (0)  
   HClO            0.000e+00   0.000e+00   -56.848   -56.848     0.000     (0)  
Cl(3)         0.000e+00
   ClO2-           0.000e+00   0.000e+00  -100.555  -100.582    -0.028     (0)  
   HClO2           0.000e+00   0.000e+00  -105.851  -105.851     0.000     (0)  
Cl(5)         0.000e+00
   ClO3-           0.000e+00   0.000e+00  -131.325  -131.352    -0.028     (0)  
   UO2ClO3+        0.000e+00   0.000e+00  -155.946  -155.974    -0.028     (0)  
Cl(7)         0.000e+00
   ClO4-           0.000e+00   0.000e+00  -166.394  -166.422    -0.028     (0)  
Cr(2)         1.440e-19
   Cr+2            1.440e-19   1.118e-19   -18.842   -18.952    -0.110     (0)  
Cr(3)         7.255e-09
   Cr(OH)3         3.834e-09   3.834e-09    -8.416    -8.416     0.000     (0)  
   Cr(OH)2+        2.968e-09   2.785e-09    -8.528    -8.555    -0.028     (0)  
   Cr(OH)4-        4.468e-10   4.193e-10    -9.350    -9.378    -0.028     (0)  
   CrOH+2          6.543e-12   5.081e-12   -11.184   -11.294    -0.110     (0)  
   Cr+3            3.135e-16   1.850e-16   -15.504   -15.733    -0.229     (0)  
   Cr2(OH)2+4      6.081e-20   2.249e-20   -19.216   -19.648    -0.432     (0)  
   CrCl+2          9.008e-21   6.996e-21   -20.045   -20.155    -0.110     (0)  
   Cr3(OH)4+5      1.191e-21   2.551e-22   -20.924   -21.593    -0.669     (0)  
   CrCl2+          8.938e-25   8.388e-25   -24.049   -24.076    -0.028     (0)  
Cr(5)         2.287e-30
   CrO4-3          2.287e-30   1.288e-30   -29.641   -29.890    -0.249     (0)  
Cr(6)         1.788e-37
   CrO4-2          1.770e-37   1.371e-37   -36.752   -36.863    -0.111     (0)  
   HCrO4-          1.772e-39   1.663e-39   -38.752   -38.779    -0.028     (0)  
   H2CrO4          0.000e+00   0.000e+00   -48.549   -48.549     0.000     (0)  
   CrO3Cl-         0.000e+00   0.000e+00   -50.395   -50.422    -0.028     (0)  
   Cr2O7-2         0.000e+00   0.000e+00   -75.928   -76.039    -0.111     (0)  
F             8.875e-05
   F-              8.866e-05   8.315e-05    -4.052    -4.080    -0.028     (0)  
   CaF+            4.662e-08   4.375e-08    -7.331    -7.359    -0.028     (0)  
   NaF             2.308e-08   2.308e-08    -7.637    -7.637     0.000     (0)  
   MgF+            1.467e-08   1.376e-08    -7.834    -7.861    -0.028     (0)  
   AsO3F-2         1.065e-09   8.255e-10    -8.972    -9.083    -0.111     (0)  
   FeF+            6.202e-10   5.820e-10    -9.208    -9.235    -0.028     (0)  
   HF              4.683e-10   4.683e-10    -9.329    -9.329     0.000     (0)  
   MnF+            2.909e-10   2.730e-10    -9.536    -9.564    -0.028     (0)  
   SrF+            2.124e-10   1.993e-10    -9.673    -9.700    -0.028     (0)  
   BaF+            3.340e-11   3.134e-11   -10.476   -10.504    -0.028     (0)  
   HAsO3F-         2.378e-12   2.231e-12   -11.624   -11.651    -0.028     (0)  
   AlF2+           1.370e-14   1.285e-14   -13.863   -13.891    -0.028     (0)  
   AlF3            1.346e-14   1.346e-14   -13.871   -13.871     0.000     (0)  
   HF2-            1.009e-14   9.468e-15   -13.996   -14.024    -0.028     (0)  
   PO3F-2          9.199e-15   7.128e-15   -14.036   -14.147    -0.111     (0)  
   AlF+2           5.000e-16   3.883e-16   -15.301   -15.411    -0.110     (0)  
   AlF4-           2.995e-16   2.811e-16   -15.524   -15.551    -0.028     (0)  
   H2F2            5.370e-19   5.370e-19   -18.270   -18.270     0.000     (0)  
   HPO3F-          3.477e-19   3.263e-19   -18.459   -18.486    -0.028     (0)  
   UO2F+           7.820e-25   7.339e-25   -24.107   -24.134    -0.028     (0)  
   FeF2+           2.867e-25   2.690e-25   -24.543   -24.570    -0.028     (0)  
   FeF+2           2.560e-25   1.988e-25   -24.592   -24.702    -0.110     (0)  
   UO2F2           1.831e-25   1.831e-25   -24.737   -24.737     0.000     (0)  
   H2PO3F          7.596e-27   7.596e-27   -26.119   -26.119     0.000     (0)  
   UO2F3-          3.000e-27   2.816e-27   -26.523   -26.550    -0.028     (0)  
   UO2F4-2         1.801e-30   1.396e-30   -29.744   -29.855    -0.111     (0)  
   UF3+            1.040e-30   9.764e-31   -29.983   -30.010    -0.028     (0)  
   UF4             7.105e-31   7.105e-31   -30.148   -30.148     0.000     (0)  
   UF2+2           6.713e-32   5.214e-32   -31.173   -31.283    -0.110     (0)  
   UF5-            1.343e-33   1.260e-33   -32.872   -32.900    -0.028     (0)  
   UF+3            1.305e-34   7.424e-35   -33.884   -34.129    -0.245     (0)  
   UF6-2           1.450e-35   1.123e-35   -34.839   -34.949    -0.111     (0)  
   SiF6-2          2.392e-36   1.854e-36   -35.621   -35.732    -0.111     (0)  
Fe(2)         1.313e-06
   FeCO3           4.911e-07   4.911e-07    -6.309    -6.309     0.000     (0)  
   FeHCO3+         3.969e-07   3.725e-07    -6.401    -6.429    -0.028     (0)  
   Fe+2            3.908e-07   3.055e-07    -6.408    -6.515    -0.107     (0)  
   FeOH+           2.828e-08   2.654e-08    -7.549    -7.576    -0.028     (0)  
   FeSO4           5.241e-09   5.241e-09    -8.281    -8.281     0.000     (0)  
   FeF+            6.202e-10   5.820e-10    -9.208    -9.235    -0.028     (0)  
   Fe(OH)2         5.790e-11   5.790e-11   -10.237   -10.237     0.000     (0)  
   FeCl+           1.266e-11   1.188e-11   -10.897   -10.925    -0.028     (0)  
   FePO4-          5.399e-12   5.067e-12   -11.268   -11.295    -0.028     (0)  
   FeHPO4          1.810e-12   1.810e-12   -11.742   -11.742     0.000     (0)  
   Fe(OH)3-        6.747e-13   6.332e-13   -12.171   -12.198    -0.028     (0)  
   FeCl2           3.406e-18   3.406e-18   -17.468   -17.468     0.000     (0)  
   Fe(OH)4-2       2.245e-19   1.739e-19   -18.649   -18.760    -0.111     (0)  
   FeH2PO4+        8.838e-22   8.294e-22   -21.054   -21.081    -0.028     (0)  
   FeCl4-2         3.614e-26   2.800e-26   -25.442   -25.553    -0.111     (0)  
Fe(3)         3.546e-12
   Fe(OH)3         3.278e-12   3.278e-12   -11.484   -11.484     0.000     (0)  
   Fe(OH)4-        2.410e-13   2.262e-13   -12.618   -12.646    -0.028     (0)  
   Fe(OH)2+        2.719e-14   2.551e-14   -13.566   -13.593    -0.028     (0)  
   FeOH+2          3.612e-19   2.805e-19   -18.442   -18.552    -0.110     (0)  
   FeCO3+          2.684e-20   2.518e-20   -19.571   -19.599    -0.028     (0)  
   FeHPO4+         3.796e-24   3.562e-24   -23.421   -23.448    -0.028     (0)  
   FeF2+           2.867e-25   2.690e-25   -24.543   -24.570    -0.028     (0)  
   Fe+3            2.680e-25   1.582e-25   -24.572   -24.801    -0.229     (0)  
   FeF+2           2.560e-25   1.988e-25   -24.592   -24.702    -0.110     (0)  
   FeSO4+          1.792e-27   1.682e-27   -26.747   -26.774    -0.028     (0)  
   Fe(SO4)2-       3.229e-30   3.030e-30   -29.491   -29.519    -0.028     (0)  
   FeCl+2          1.845e-30   1.433e-30   -29.734   -29.844    -0.110     (0)  
   FeCl2+          6.457e-32   6.060e-32   -31.190   -31.218    -0.028     (0)  
   Fe2(OH)2+4      5.726e-36   2.118e-36   -35.242   -35.674    -0.432     (0)  
   FeH2PO4+2       1.632e-38   1.267e-38   -37.787   -37.897    -0.110     (0)  
   FeCl4-          0.000e+00   0.000e+00   -42.657   -42.684    -0.028     (0)  
   Fe3(OH)4+5      0.000e+00   0.000e+00   -46.278   -46.947    -0.669     (0)  
H(0)          7.531e-10
   H2              3.765e-10   3.769e-10    -9.424    -9.424     0.000     (0)  
K             4.181e-05
   K+              4.178e-05   3.916e-05    -4.379    -4.407    -0.028     (0)  
   KSO4-           3.652e-08   3.427e-08    -7.437    -7.465    -0.028     (0)  
   KCl             7.064e-11   7.064e-11   -10.151   -10.151     0.000     (0)  
   KOH             3.730e-11   3.730e-11   -10.428   -10.428     0.000     (0)  
   KHPO4-          3.741e-13   3.511e-13   -12.427   -12.455    -0.028     (0)  
   KHSO4           1.117e-16   1.117e-16   -15.952   -15.952     0.000     (0)  
   KP2O7-3         6.695e-24   3.770e-24   -23.174   -23.424    -0.249     (0)  
Mg            9.308e-06
   Mg+2            8.688e-06   6.847e-06    -5.061    -5.164    -0.103     (0)  
   MgCO3           2.078e-07   2.078e-07    -6.682    -6.682     0.000     (0)  
   MgSO4           2.000e-07   2.000e-07    -6.699    -6.699     0.000     (0)  
   MgHCO3+         1.972e-07   1.850e-07    -6.705    -6.733    -0.028     (0)  
   MgF+            1.467e-08   1.376e-08    -7.834    -7.861    -0.028     (0)  
   MgCl+           3.036e-10   2.849e-10    -9.518    -9.545    -0.028     (0)  
   MgHPO4          8.282e-12   8.282e-12   -11.082   -11.082     0.000     (0)  
   MgPO4-          5.518e-12   5.179e-12   -11.258   -11.286    -0.028     (0)  
   MgP2O7-2        6.699e-20   5.191e-20   -19.174   -19.285    -0.111     (0)  
   MgH2PO4+        1.807e-21   1.695e-21   -20.743   -20.771    -0.028     (0)  
   Mg4(OH)4+4      6.018e-27   2.226e-27   -26.221   -26.653    -0.432     (0)  
Mn(2)         2.837e-07
   Mn+2            1.560e-07   1.220e-07    -6.807    -6.914    -0.107     (0)  
   MnCO3           1.209e-07   1.209e-07    -6.918    -6.918     0.000     (0)  
   MnSO4           3.275e-09   3.275e-09    -8.485    -8.485     0.000     (0)  
   MnHCO3+         2.299e-09   2.157e-09    -8.638    -8.666    -0.028     (0)  
   MnOH+           9.176e-10   8.611e-10    -9.037    -9.065    -0.028     (0)  
   MnF+            2.909e-10   2.730e-10    -9.536    -9.564    -0.028     (0)  
   MnCl+           1.490e-11   1.398e-11   -10.827   -10.854    -0.028     (0)  
   MnHPO4          6.900e-13   6.900e-13   -12.161   -12.161     0.000     (0)  
   Mn(OH)2         5.806e-13   5.806e-13   -12.236   -12.236     0.000     (0)  
   Mn2(OH)3+       4.136e-13   3.881e-13   -12.383   -12.411    -0.028     (0)  
   MnPO4-          3.922e-13   3.681e-13   -12.406   -12.434    -0.028     (0)  
   MnH2PO4+        2.529e-16   2.373e-16   -15.597   -15.625    -0.028     (0)  
   Mn2OH+3         1.979e-16   1.125e-16   -15.704   -15.949    -0.245     (0)  
   Mn(OH)3-        1.594e-16   1.496e-16   -15.797   -15.825    -0.028     (0)  
   MnCl3-          9.151e-21   8.588e-21   -20.039   -20.066    -0.028     (0)  
   Mn(OH)4-2       4.491e-22   3.480e-22   -21.348   -21.458    -0.111     (0)  
Mn(3)         3.142e-38
   Mn+3            3.142e-38   1.787e-38   -37.503   -37.748    -0.245     (0)  
Mn(6)         0.000e+00
   MnO4-2          0.000e+00   0.000e+00   -78.683   -78.794    -0.111     (0)  
Mn(7)         0.000e+00
   MnO4-           0.000e+00   0.000e+00   -93.374   -93.401    -0.028     (0)  
Na            2.765e-03
   Na+             2.754e-03   2.584e-03    -2.560    -2.588    -0.028     (0)  
   NaHCO3          8.524e-06   8.524e-06    -5.069    -5.069     0.000     (0)  
   NaSO4-          1.969e-06   1.848e-06    -5.706    -5.733    -0.028     (0)  
   NaHSiO3         5.228e-07   5.228e-07    -6.282    -6.282     0.000     (0)  
   NaCO3-          2.719e-07   2.552e-07    -6.566    -6.593    -0.028     (0)  
   NaCl            2.428e-08   2.428e-08    -7.615    -7.615     0.000     (0)  
   NaF             2.308e-08   2.308e-08    -7.637    -7.637     0.000     (0)  
   NaOH            1.215e-09   1.215e-09    -8.915    -8.915     0.000     (0)  
   NaHPO4-         3.408e-11   3.198e-11   -10.467   -10.495    -0.028     (0)  
   NaAlO2          1.884e-11   1.884e-11   -10.725   -10.725     0.000     (0)  
   NaP2O7-3        3.554e-22   2.001e-22   -21.449   -21.699    -0.249     (0)  
   NaHP2O7-2       1.902e-22   1.474e-22   -21.721   -21.831    -0.111     (0)  
   Na2P2O7-2       5.301e-23   4.108e-23   -22.276   -22.386    -0.111     (0)  
O(0)          0.000e+00
   O2              0.000e+00   0.000e+00   -73.219   -73.219     0.000     (0)  
P(-3)         0.000e+00
   PH4+            0.000e+00   0.000e+00  -100.419  -100.447    -0.028     (0)  
P(5)          2.221e-09
   HPO4-2          1.920e-09   1.488e-09    -8.717    -8.827    -0.111     (0)  
   H2PO4-          9.741e-11   9.142e-11   -10.011   -10.039    -0.028     (0)  
   CaHPO4          8.436e-11   8.436e-11   -10.074   -10.074     0.000     (0)  
   CaPO4-          6.178e-11   5.797e-11   -10.209   -10.237    -0.028     (0)  
   NaHPO4-         3.408e-11   3.198e-11   -10.467   -10.495    -0.028     (0)  
   MgHPO4          8.282e-12   8.282e-12   -11.082   -11.082     0.000     (0)  
   MgPO4-          5.518e-12   5.179e-12   -11.258   -11.286    -0.028     (0)  
   FePO4-          5.399e-12   5.067e-12   -11.268   -11.295    -0.028     (0)  
   FeHPO4          1.810e-12   1.810e-12   -11.742   -11.742     0.000     (0)  
   MnHPO4          6.900e-13   6.900e-13   -12.161   -12.161     0.000     (0)  
   MnPO4-          3.922e-13   3.681e-13   -12.406   -12.434    -0.028     (0)  
   KHPO4-          3.741e-13   3.511e-13   -12.427   -12.455    -0.028     (0)  
   PO4-3           3.315e-13   1.867e-13   -12.479   -12.729    -0.249     (0)  
   SrHPO4          2.794e-13   2.794e-13   -12.554   -12.554     0.000     (0)  
   PO3F-2          9.199e-15   7.128e-15   -14.036   -14.147    -0.111     (0)  
   MnH2PO4+        2.529e-16   2.373e-16   -15.597   -15.625    -0.028     (0)  
   H3PO4           5.151e-17   5.151e-17   -16.288   -16.288     0.000     (0)  
   HPO3F-          3.477e-19   3.263e-19   -18.459   -18.486    -0.028     (0)  
   CaP2O7-2        3.336e-19   2.585e-19   -18.477   -18.587    -0.111     (0)  
   MgP2O7-2        6.699e-20   5.191e-20   -19.174   -19.285    -0.111     (0)  
   AlHPO4+         1.860e-20   1.745e-20   -19.731   -19.758    -0.028     (0)  
   CaH2PO4+        1.496e-20   1.404e-20   -19.825   -19.853    -0.028     (0)  
   HP2O7-3         4.600e-21   2.590e-21   -20.337   -20.587    -0.249     (0)  
   MgH2PO4+        1.807e-21   1.695e-21   -20.743   -20.771    -0.028     (0)  
   P2O7-4          1.212e-21   4.365e-22   -20.916   -21.360    -0.444     (0)  
   FeH2PO4+        8.838e-22   8.294e-22   -21.054   -21.081    -0.028     (0)  
   NaP2O7-3        3.554e-22   2.001e-22   -21.449   -21.699    -0.249     (0)  
   SrP2O7-2        2.106e-22   1.631e-22   -21.677   -21.787    -0.111     (0)  
   NaHP2O7-2       1.902e-22   1.474e-22   -21.721   -21.831    -0.111     (0)  
   Na2P2O7-2       5.301e-23   4.108e-23   -22.276   -22.386    -0.111     (0)  
   SrH2PO4+        5.069e-23   4.757e-23   -22.295   -22.323    -0.028     (0)  
   H2P2O7-2        5.021e-23   3.891e-23   -22.299   -22.410    -0.111     (0)  
   KP2O7-3         6.695e-24   3.770e-24   -23.174   -23.424    -0.249     (0)  
   UO2PO4-         3.914e-24   3.673e-24   -23.407   -23.435    -0.028     (0)  
   FeHPO4+         3.796e-24   3.562e-24   -23.421   -23.448    -0.028     (0)  
   UO2HPO4         3.063e-26   3.063e-26   -25.514   -25.514     0.000     (0)  
   H2PO3F          7.596e-27   7.596e-27   -26.119   -26.119     0.000     (0)  
   H3P2O7-         3.472e-29   3.259e-29   -28.459   -28.487    -0.028     (0)  
   UO2H2PO4+       2.028e-31   1.903e-31   -30.693   -30.721    -0.028     (0)  
   AlH2PO4+2       4.100e-33   3.184e-33   -32.387   -32.497    -0.110     (0)  
   H4P2O7          3.496e-36   3.496e-36   -35.456   -35.456     0.000     (0)  
   FeH2PO4+2       1.632e-38   1.267e-38   -37.787   -37.897    -0.110     (0)  
   UO2(H2PO4)2     1.216e-38   1.216e-38   -37.915   -37.915     0.000     (0)  
   UO2H3PO4+2      3.893e-40   3.024e-40   -39.410   -39.519    -0.110     (0)  
   UO2(H2PO4)(H3PO4)+   0.000e+00   0.000e+00   -45.316   -45.344    -0.028     (0)  
S(-2)         9.938e-05
   HS-             9.607e-05   9.010e-05    -4.017    -4.045    -0.028     (0)  
   H2S             3.312e-06   3.312e-06    -5.480    -5.480     0.000     (0)  
   S-2             3.874e-09   3.015e-09    -8.412    -8.521    -0.109     (0)  
   S2-2            4.143e-12   3.210e-12   -11.383   -11.494    -0.111     (0)  
   S3-2            4.012e-15   3.108e-15   -14.397   -14.507    -0.111     (0)  
   S4-2            2.303e-18   1.785e-18   -17.638   -17.748    -0.111     (0)  
   S5-2            8.037e-22   6.227e-22   -21.095   -21.206    -0.111     (0)  
   HAsS2           0.000e+00   0.000e+00   -42.053   -42.053     0.000     (0)  
S(2)          5.866e-12
   S2O3-2          2.933e-12   2.272e-12   -11.533   -11.644    -0.111     (0)  
   HS2O3-          9.101e-20   8.541e-20   -19.041   -19.068    -0.028     (0)  
   UO2S2O3         2.846e-35   2.846e-35   -34.546   -34.546     0.000     (0)  
S(3)          1.594e-33
   S2O4-2          7.968e-34   6.202e-34   -33.099   -33.207    -0.109     (0)  
S(4)          1.662e-14
   SO3-2           1.580e-14   1.227e-14   -13.801   -13.911    -0.110     (0)  
   HSO3-           8.156e-16   7.654e-16   -15.089   -15.116    -0.028     (0)  
   H2SO3           2.657e-22   2.657e-22   -21.576   -21.576     0.000     (0)  
   SO2             2.140e-22   2.140e-22   -21.670   -21.670     0.000     (0)  
   UO2SO3          5.198e-33   5.198e-33   -32.284   -32.284     0.000     (0)  
   S4O6-2          3.374e-35   2.614e-35   -34.472   -34.583    -0.111     (0)  
   S2O6-2          4.232e-40   3.279e-40   -39.373   -39.484    -0.111     (0)  
   S3O6-2          0.000e+00   0.000e+00   -44.868   -44.979    -0.111     (0)  
   UO2(SO3)2-2     0.000e+00   0.000e+00   -44.928   -45.038    -0.111     (0)  
   S5O6-2          0.000e+00   0.000e+00   -52.931   -53.041    -0.111     (0)  
S(5)          2.231e-35
   S2O5-2          1.116e-35   8.644e-36   -34.952   -35.063    -0.111     (0)  
S(6)          1.436e-04
   SO4-2           1.397e-04   1.082e-04    -3.855    -3.966    -0.111     (0)  
   NaSO4-          1.969e-06   1.848e-06    -5.706    -5.733    -0.028     (0)  
   CaSO4           1.637e-06   1.637e-06    -5.786    -5.786     0.000     (0)  
   MgSO4           2.000e-07   2.000e-07    -6.699    -6.699     0.000     (0)  
   KSO4-           3.652e-08   3.427e-08    -7.437    -7.465    -0.028     (0)  
   SrSO4           3.532e-08   3.532e-08    -7.452    -7.452     0.000     (0)  
   FeSO4           5.241e-09   5.241e-09    -8.281    -8.281     0.000     (0)  
   MnSO4           3.275e-09   3.275e-09    -8.485    -8.485     0.000     (0)  
   HSO4-           4.289e-11   4.025e-11   -10.368   -10.395    -0.028     (0)  
   KHSO4           1.117e-16   1.117e-16   -15.952   -15.952     0.000     (0)  
   AlSO4+          5.511e-20   5.172e-20   -19.259   -19.286    -0.028     (0)  
   Al(SO4)2-       4.630e-22   4.345e-22   -21.334   -21.362    -0.028     (0)  
   H2SO4           1.367e-22   1.367e-22   -21.864   -21.864     0.000     (0)  
   UO2SO4          9.944e-27   9.944e-27   -26.002   -26.002     0.000     (0)  
   FeSO4+          1.792e-27   1.682e-27   -26.747   -26.774    -0.028     (0)  
   UO2(SO4)2-2     1.243e-29   9.631e-30   -28.906   -29.016    -0.111     (0)  
   Fe(SO4)2-       3.229e-30   3.030e-30   -29.491   -29.519    -0.028     (0)  
   USO4+2          2.350e-37   1.825e-37   -36.629   -36.739    -0.110     (0)  
   U(SO4)2         1.382e-37   1.382e-37   -36.859   -36.859     0.000     (0)  
S(7)          0.000e+00
   S2O8-2          0.000e+00   0.000e+00   -83.717   -83.828    -0.111     (0)  
S(8)          0.000e+00
   HSO5-           0.000e+00   0.000e+00   -66.214   -66.242    -0.028     (0)  
Si            1.412e-04
   SiO2            1.360e-04   1.360e-04    -3.866    -3.866     0.000     (0)  
   HSiO3-          4.610e-06   4.327e-06    -5.336    -5.364    -0.028     (0)  
   NaHSiO3         5.228e-07   5.228e-07    -6.282    -6.282     0.000     (0)  
   H2SiO4-2        1.452e-10   1.125e-10    -9.838    -9.949    -0.111     (0)  
   H6(H2SiO4)4-2   7.635e-13   5.916e-13   -12.117   -12.228    -0.111     (0)  
   H4(H2SiO4)4-4   6.214e-18   2.238e-18   -17.207   -17.650    -0.444     (0)  
   SiF6-2          2.392e-36   1.854e-36   -35.621   -35.732    -0.111     (0)  
Sr            2.175e-06
   Sr+2            2.101e-06   1.635e-06    -5.678    -5.786    -0.109     (0)  
   SrCO3           3.815e-08   3.815e-08    -7.419    -7.419     0.000     (0)  
   SrSO4           3.532e-08   3.532e-08    -7.452    -7.452     0.000     (0)  
   SrF+            2.124e-10   1.993e-10    -9.673    -9.700    -0.028     (0)  
   SrCl+           5.540e-11   5.199e-11   -10.256   -10.284    -0.028     (0)  
   SrOH+           2.455e-11   2.304e-11   -10.610   -10.638    -0.028     (0)  
   SrHPO4          2.794e-13   2.794e-13   -12.554   -12.554     0.000     (0)  
   SrP2O7-2        2.106e-22   1.631e-22   -21.677   -21.787    -0.111     (0)  
   SrH2PO4+        5.069e-23   4.757e-23   -22.295   -22.323    -0.028     (0)  
U(3)          0.000e+00
   U+3             0.000e+00   0.000e+00   -43.113   -43.358    -0.245     (0)  
U(4)          8.402e-11
   U(OH)4          8.402e-11   8.402e-11   -10.076   -10.076     0.000     (0)  
   U(CO3)4-4       1.259e-22   4.535e-23   -21.900   -22.343    -0.444     (0)  
   U(CO3)5-6       1.089e-27   1.094e-28   -26.963   -27.961    -0.998     (0)  
   UF3+            1.040e-30   9.764e-31   -29.983   -30.010    -0.028     (0)  
   UF4             7.105e-31   7.105e-31   -30.148   -30.148     0.000     (0)  
   UOH+3           6.904e-32   3.926e-32   -31.161   -31.406    -0.245     (0)  
   UF2+2           6.713e-32   5.214e-32   -31.173   -31.283    -0.110     (0)  
   UF5-            1.343e-33   1.260e-33   -32.872   -32.900    -0.028     (0)  
   UF+3            1.305e-34   7.424e-35   -33.884   -34.129    -0.245     (0)  
   UF6-2           1.450e-35   1.123e-35   -34.839   -34.949    -0.111     (0)  
   USO4+2          2.350e-37   1.825e-37   -36.629   -36.739    -0.110     (0)  
   U(SO4)2         1.382e-37   1.382e-37   -36.859   -36.859     0.000     (0)  
   U+4             1.325e-39   4.898e-40   -38.878   -39.310    -0.432     (0)  
   UCl+3           0.000e+00   0.000e+00   -41.625   -41.870    -0.245     (0)  
U(5)          4.554e-19
   UO2+            4.554e-19   4.274e-19   -18.342   -18.369    -0.028     (0)  
   UO2(CO3)3-5     1.303e-24   2.640e-25   -23.885   -24.578    -0.693     (0)  
U(6)          2.860e-17
   UO2(CO3)3-4     2.055e-17   7.398e-18   -16.687   -17.131    -0.444     (0)  
   UO2(CO3)2-2     7.670e-18   5.943e-18   -17.115   -17.226    -0.111     (0)  
   UO2(OH)2        2.734e-19   2.734e-19   -18.563   -18.563     0.000     (0)  
   UO2(OH)3-       9.910e-20   9.300e-20   -19.004   -19.032    -0.028     (0)  
   UO2CO3          1.074e-20   1.074e-20   -19.969   -19.969     0.000     (0)  
   UO2OH+          1.387e-22   1.301e-22   -21.858   -21.886    -0.028     (0)  
   UO2PO4-         3.914e-24   3.673e-24   -23.407   -23.435    -0.028     (0)  
   UO2F+           7.820e-25   7.339e-25   -24.107   -24.134    -0.028     (0)  
   UO2(OH)4-2      5.138e-25   3.981e-25   -24.289   -24.400    -0.111     (0)  
   UO2F2           1.831e-25   1.831e-25   -24.737   -24.737     0.000     (0)  
   UO2+2           9.629e-26   7.478e-26   -25.016   -25.126    -0.110     (0)  
   UO2HPO4         3.063e-26   3.063e-26   -25.514   -25.514     0.000     (0)  
   UO2SO4          9.944e-27   9.944e-27   -26.002   -26.002     0.000     (0)  
   UO2F3-          3.000e-27   2.816e-27   -26.523   -26.550    -0.028     (0)  
   UO2(SO4)2-2     1.243e-29   9.631e-30   -28.906   -29.016    -0.111     (0)  
   UO2Cl+          6.347e-30   5.956e-30   -29.197   -29.225    -0.028     (0)  
   UO2F4-2         1.801e-30   1.396e-30   -29.744   -29.855    -0.111     (0)  
   (UO2)2CO3(OH)3-   4.718e-31   4.427e-31   -30.326   -30.354    -0.028     (0)  
   UO2H2PO4+       2.028e-31   1.903e-31   -30.693   -30.721    -0.028     (0)  
   UO2SO3          5.198e-33   5.198e-33   -32.284   -32.284     0.000     (0)  
   UO2S2O3         2.846e-35   2.846e-35   -34.546   -34.546     0.000     (0)  
   UO2Cl2          1.631e-35   1.631e-35   -34.788   -34.788     0.000     (0)  
   UO2(H2PO4)2     1.216e-38   1.216e-38   -37.915   -37.915     0.000     (0)  
   (UO2)2(OH)2+2   1.289e-39   1.001e-39   -38.890   -39.000    -0.110     (0)  
   UO2H3PO4+2      3.893e-40   3.024e-40   -39.410   -39.519    -0.110     (0)  
   (UO2)2OH+3      0.000e+00   0.000e+00   -44.276   -44.521    -0.245     (0)  
   UO2(SO3)2-2     0.000e+00   0.000e+00   -44.928   -45.038    -0.111     (0)  
   UO2(H2PO4)(H3PO4)+   0.000e+00   0.000e+00   -45.316   -45.344    -0.028     (0)  
   (UO2)3(OH)7-    0.000e+00   0.000e+00   -47.330   -47.358    -0.028     (0)  
   (UO2)3(CO3)6-6   0.000e+00   0.000e+00   -47.554   -48.552    -0.998     (0)  
   (UO2)3(OH)5+    0.000e+00   0.000e+00   -48.728   -48.756    -0.028     (0)  
   (UO2)3(OH)4+2   0.000e+00   0.000e+00   -53.443   -53.552    -0.110     (0)  
   (UO2)3(OH)5CO2+   0.000e+00   0.000e+00   -53.849   -53.877    -0.028     (0)  
   (UO2)3O(OH)2(HCO3)+   0.000e+00   0.000e+00   -53.942   -53.970    -0.028     (0)  
   (UO2)4(OH)7+    0.000e+00   0.000e+00   -63.356   -63.384    -0.028     (0)  
   UO2ClO3+        0.000e+00   0.000e+00  -155.946  -155.974    -0.028     (0)  
   (UO2)11(CO3)6(OH)12-2   0.000e+00   0.000e+00  -165.916  -166.027    -0.111     (0)  

------------------------------Saturation indices-------------------------------

  Phase               SI** log IAP   log K(298 K,   1 atm)

  (UO2)2As2O7    -131.52   -123.87    7.65  (UO2)2As2O7
  (UO2)2Cl3       -68.96    -56.32   12.65  (UO2)2Cl3
  (UO2)2P2O7      -53.11    -67.91  -14.79  (UO2)2P2O7
  (UO2)3(AsO4)2  -141.37   -132.12    9.25  (UO2)3(AsO4)2
  (UO2)3(PO4)2    -62.02    -76.16  -14.13  (UO2)3(PO4)2
  (UO2)3(PO4)2:4H2O -49.09    -76.16  -27.06  (UO2)3(PO4)2:4H2O
  Afwillite       -28.95     30.94   59.89  Ca3Si2O4(OH)6
  Akermanite      -15.40     29.76   45.16  Ca2MgSi2O7
  Al              -87.79     61.90  149.69  Al
  Al(g)          -138.42     61.90  200.32  Al
  Al2(SO4)3       -67.37    -48.56   18.81  Al2(SO4)3
  Al2(SO4)3:6H2O  -50.06    -48.56    1.51  Al2(SO4)3:6H2O
  Alabandite       -2.09     -2.52   -0.43  MnS
  Albite           -1.41      1.24    2.65  NaAlSi3O8
  Albite_high      -2.72      1.24    3.96  NaAlSi3O8
  Albite_low       -1.41      1.24    2.65  NaAlSi3O8
  AlF3            -13.30    -30.57  -17.27  AlF3
  Alstonite        -1.22      1.36    2.58  BaCa(CO3)2
  Alum-K          -25.70    -30.67   -4.97  KAl(SO4)2:12H2O
  Alunite         -16.17    -16.70   -0.52  KAl3(OH)6(SO4)2
  Amesite-14A      -8.02     67.06   75.09  Mg4Al4Si2O10(OH)8
  Analcime         -1.60      4.44    6.04  Na.96Al.96Si2.04O6:H2O
  Analcime-dehy    -7.96      4.44   12.40  Na.96Al.96Si2.04O6
  Andalusite       -5.72     10.11   15.82  Al2SiO5
  Andradite        -5.01     28.11   33.12  Ca3Fe2(SiO4)3
  Anhydrite        -3.60     -7.95   -4.35  CaSO4
  Annite            1.24     30.51   29.27  KFe3AlSi3O10(OH)2
  Anorthite        -7.27     19.13   26.41  CaAl2(SiO4)2
  Antarcticite    -16.63    -12.53    4.09  CaCl2:6H2O
  Anthophyllite   -15.30     51.06   66.37  Mg7Si8O22(OH)2
  Antigorite      -44.07    430.78  474.85  Mg48Si34O85(OH)62
  Aphthitalite    -19.85    -23.74   -3.89  NaK3(SO4)2
  Aragonite        -0.15      1.82    1.96  CaCO3
  Arcanite        -10.94    -12.78   -1.84  K2SO4
  Arsenolite      -75.31    -95.13  -19.82  As2O3
  Arsenopyrite    -42.58    -57.02  -14.44  FeAsS
  Artinite         -7.24     12.35   19.60  Mg2CO3(OH)2:3H2O
  As              -35.27      7.35   42.62  As
  As2O5          -109.50   -107.37    2.13  As2O5
  As4O6(cubi)    -150.48   -190.26  -39.78  As4O6
  As4O6(mono)    -150.25   -190.26  -40.01  As4O6
  Autunite-H      -42.55    -67.91  -25.36  H2(UO2)2(PO4)2
  Ba              -93.82     47.22  141.04  Ba
  Ba(OH)2:8H2O    -13.86     10.61   24.48  Ba(OH)2:8H2O
  Ba2Si3O8        -13.58      9.63   23.20  Ba2Si3O8
  Ba2SiO4         -27.13     17.36   44.49  Ba2SiO4
  Ba2U2O7         -35.03      1.37   36.40  Ba2U2O7
  Ba3UO6          -70.64     23.59   94.23  Ba3UO6
  BaCl2           -17.04    -14.81    2.23  BaCl2
  BaCl2:2H2O      -15.02    -14.81    0.21  BaCl2:2H2O
  BaCl2:H2O       -15.64    -14.81    0.83  BaCl2:H2O
  BaCrO4          -33.19    -43.13   -9.94  BaCrO4
  BaHPO4           -7.69    -15.09   -7.40  BaHPO4
  BaMnO4          -74.97    -85.06  -10.09  BaMnO4
  BaO             -37.12     10.61   47.73  BaO
  Barite           -0.22    -10.23  -10.01  BaSO4
  Barytocalcite    -1.38      1.36    2.74  BaCa(CO3)2
  BaS             -18.09     -1.87   16.22  BaS
  BaSiF6          -36.17    -68.37  -32.19  BaSiF6
  Bassanite        -4.24     -7.95   -3.71  CaSO4:0.5H2O
  Bassetite       -39.78    -57.54  -17.77  Fe(UO2)2(PO4)2
  BaU2O7          -27.80     -5.88   21.91  BaU2O7
  BaUO4           -15.80      2.37   18.16  BaUO4
  Beidellite-Ca    -1.19      4.21    5.41  Ca.165Al2.33Si3.67O10(OH)2
  Beidellite-H     -2.37      2.09    4.45  H.33Al2.33Si3.67O10(OH)2
  Beidellite-K     -1.71      3.42    5.13  K.33Al2.33Si3.67O10(OH)2
  Beidellite-Mg    -1.35      4.02    5.37  Mg.165Al2.33Si3.67O10(OH)2
  Beidellite-Na    -1.45      4.02    5.46  Na.33Al2.33Si3.67O10(OH)2
  Berlinite       -11.43    -18.72   -7.29  AlPO4
  Birnessite     -151.65   -237.20  -85.55  Mn8O14:5H2O
  Bischofite      -18.10    -13.71    4.39  MgCl2:6H2O
  Bixbyite        -23.85    -24.86   -1.01  Mn2O3
  Bloedite        -15.79    -18.27   -2.48  Na2Mg(SO4)2:4H2O
  Boehmite         -0.54      6.99    7.52  AlO2H
  Boltwoodite     -22.97     -8.08   14.89  K(H3O)(UO2)SiO4
  Boltwoodite-Na  -21.39     -6.81   14.58  Na.7K.3(H3O)(UO2)SiO4:H2O
  Brezinaite      -35.57    -32.84    2.73  Cr3S4
  Brucite          -4.54     11.71   16.26  Mg(OH)2
  Brushite        -19.36    -12.81    6.55  CaHPO4:2H2O
  Burkeite        -27.14    -17.65    9.49  Na6CO3(SO4)2
  C                -1.91     62.15   64.05  C
  C(g)           -119.36     62.15  181.51  C
  Ca              -90.14     49.50  139.64  Ca
  Ca(g)          -115.34     49.50  164.84  Ca
  Ca-Al_Pyroxene  -12.82     23.00   35.82  CaAl2SiO6
  Ca2Al2O5:8H2O   -19.81     39.75   59.57  Ca2Al2O5:8H2O
  Ca2Cl2(OH)2:H2O -25.93      0.36   26.29  Ca2Cl2(OH)2:H2O
  Ca3(AsO4)2      -86.47    -68.70   17.77  Ca3(AsO4)2
  Ca3Al2O6        -60.19     52.65  112.84  Ca3Al2O6
  Ca4Al2Fe2O10    -73.65     66.57  140.22  Ca4Al2Fe2O10
  Ca4Al2O7:13H2O  -41.72     65.54  107.25  Ca4Al2O7:13H2O
  Ca4Al2O7:19H2O  -38.15     65.54  103.68  Ca4Al2O7:19H2O
  Ca4Cl2(OH)6:13H2O -42.19     26.14   68.33  Ca4Cl2(OH)6:13H2O
  CaAl2O4         -19.94     26.86   46.81  CaAl2O4
  CaAl2O4:10H2O   -11.13     26.86   37.99  CaAl2O4:10H2O
  CaAl4O7         -27.59     40.83   68.42  CaAl4O7
  Calcite          -0.00      1.82    1.82  CaCO3
  Carnallite      -26.66    -22.39    4.27  KMgCl3:6H2O
  CaSO4:0.5H2O(beta)  -4.41     -7.95   -3.54  CaSO4:0.5H2O
  CaUO4           -11.26      4.64   15.90  CaUO4
  Celadonite       -0.03      7.27    7.29  KMgAlSi4O10(OH)2
  Celestite        -4.03     -9.75   -5.73  SrSO4
  CH4(g)           -5.68     -8.52   -2.85  CH4
  Chalcedony       -0.12     -3.87   -3.75  SiO2
  Chamosite-7A     -1.84     30.83   32.67  Fe2Al2SiO5(OH)4
  Chloromagnesite -35.49    -13.71   21.78  MgCl2
  Chromite         14.43     29.53   15.10  FeCr2O4
  Chrysotile       -3.57     27.41   30.98  Mg3Si2O5(OH)4
  Cl2(g)          -65.02    -62.03    2.98  Cl2
  Claudetite      -75.36    -95.13  -19.78  As2O3
  Clinochlore-14A  -5.97     60.94   66.91  Mg5Al2Si3O10(OH)8
  Clinochlore-7A   -9.34     60.94   70.28  Mg5Al2Si3O10(OH)8
  Clinoptilolite   -1.67    -11.97  -10.30  Na.954K.543Ca.761Mg.124Sr.036Ba.062Mn.002Al3.45Fe.017Si14.5330O46.922H21.844
  Clinoptilolite-Ca  -2.20     -9.73   -7.53  Ca1.7335Al3.45Fe.017Si14.533O36:10.922H2O
  Clinoptilolite-dehy -37.26    -11.97   25.29  Sr.036Mg.124Ca.761Mn.002Ba.062K.543Na.954Al3.45Fe.017Si14.533O36
  Clinoptilolite-dehy-Ca -37.80     -9.73   28.06  Ca1.7335Al3.45Fe.017Si14.533O36
  Clinoptilolite-dehy-K -42.26    -18.10   24.16  K3.467Al3.45Fe.017Si14.533O36
  Clinoptilolite-dehy-Na -39.74    -11.79   27.95  Na3.467Al3.45Fe.017Si14.533O36
  Clinoptilolite-dehy-Sr -40.77    -12.85   27.92  Sr1.7335Al3.45Fe.017Si14.533O36
  Clinoptilolite-hy-Ca  -2.20     -9.73   -7.53  Ca1.7335Al3.45Fe.017Si14.533O36:11.645H2O
  Clinoptilolite-hy-K  -6.66    -18.10  -11.44  K3.467Al3.45Fe.017Si14.533O36:7.499H2O
  Clinoptilolite-hy-Na  -4.15    -11.79   -7.64  Na3.467Al3.45Fe.017Si14.533O36:10.877H2O
  Clinoptilolite-hy-Sr  -5.19    -12.85   -7.67  Sr1.7335Al3.45Fe.017Si14.533O36:13.893H2O
  Clinoptilolite-K  -6.67    -18.10  -11.43  K3.467Al3.45Fe.017Si14.533O36:10.922H2O
  Clinoptilolite-Na  -4.15    -11.79   -7.64  Na3.467Al3.45Fe.017Si14.533O36:10.922H2O
  Clinoptilolite-Sr  -5.18    -12.85   -7.67  Sr1.7335Al3.45Fe.017Si14.533O36:10.922H2O
  Clinozoisite     -7.85     35.14   42.99  Ca2Al3Si3O12(OH)
  CO(g)           -13.07    -16.07   -3.00  CO
  CO2(g)           -3.24    -11.07   -7.83  CO2
  Coesite          -0.65     -3.87   -3.21  SiO2
  Coffinite        -1.34     -9.42   -8.08  USiO4
  Cordierite_anhyd -19.89     32.04   51.92  Mg2Al4Si5O18
  Cordierite_hydr -17.40     32.04   49.44  Mg2Al4Si5O18:H2O
  Corundum         -4.26     13.97   18.23  Al2O3
  Cr              -34.02     64.50   98.52  Cr
  CrCl3           -46.43    -28.55   17.88  CrCl3
  CrF3            -19.32    -27.97   -8.66  CrF3
  CrF4            -65.64    -77.98  -12.34  CrF4
  Cristobalite(alpha)  -0.40     -3.87   -3.47  SiO2
  Cristobalite(beta)  -0.84     -3.87   -3.03  SiO2
  CrO2             -8.79    -27.91  -19.12  CrO2
  CrO3            -50.18    -53.74   -3.56  CrO3
  Cronstedtite-7A   1.77     17.89   16.12  Fe2Fe2SiO5(OH)4
  CrS             -13.90    -14.56   -0.65  CrS
  Daphnite-14A      2.21     54.19   51.98  Fe5AlAlSi3O10(OH)8
  Daphnite-7A      -1.17     54.19   55.35  Fe5AlAlSi3O10(OH)8
  Dawsonite        -2.56      1.76    4.32  NaAlCO3(OH)2
  Diaspore         -0.13      6.99    7.12  AlHO2
  Dicalcium_silicate -15.16     21.92   37.08  Ca2SiO4
  Diopside         -3.98     16.87   20.85  CaMgSi2O6
  Dolomite         -0.00      2.46    2.46  CaMg(CO3)2
  Dolomite-dis     -1.54      2.46    3.99  CaMg(CO3)2
  Dolomite-ord      0.01      2.46    2.45  CaMg(CO3)2
  Enstatite        -3.42      7.85   11.27  MgSiO3
  Epidote          -4.01     28.67   32.68  Ca2FeAl2Si3O12OH
  Epidote-ord      -4.00     28.67   32.67  FeCa2Al2(OH)(SiO4)3
  Epsomite         -7.17     -9.13   -1.96  MgSO4:7H2O
  Eskolaite        11.58      2.35   -9.23  Cr2O3
  Ettringite      -33.59     28.79   62.37  Ca6Al2(SO4)3(OH)12:26H2O
  F2(g)          -117.27    -61.65   55.62  F2
  Fayalite         -2.17     16.86   19.02  Fe2SiO4
  Fe              -11.96     46.97   58.93  Fe
  Fe(OH)2          -3.51     10.36   13.87  Fe(OH)2
  Fe(OH)3          -5.10      0.52    5.62  Fe(OH)3
  Fe2(SO4)3       -64.49    -61.50    2.99  Fe2(SO4)3
  FeF2            -12.24    -14.68   -2.44  FeF2
  FeF3            -17.78    -37.04  -19.26  FeF3
  FeO              -3.14     10.36   13.50  FeO
  Ferrite-Ca       -7.51     13.92   21.43  CaFe2O4
  Ferrite-Dicalcium -29.87     26.81   56.69  Ca2Fe2O5
  Ferrite-Mg       -8.21     12.74   20.95  MgFe2O4
  Ferrosilite      -0.90      6.50    7.39  FeSiO3
  FeSO4           -13.07    -10.48    2.59  FeSO4
  Fluorapatite      0.00    -25.18  -25.18  Ca5(PO4)3F
  Fluorite         -2.08    -12.15  -10.07  CaF2
  Forsterite       -8.20     19.56   27.76  Mg2SiO4
  Foshagite       -25.75     39.97   65.71  Ca4Si3O9(OH)2:0.5H2O
  Frankdicksonite  -8.66    -14.42   -5.76  BaF2
  Gaylussite       -8.72      2.45   11.16  CaNa2(CO3)2:5H2O
  Gehlenite       -20.22     35.89   56.11  Ca2Al2SiO7
  Gibbsite         -0.73      6.99    7.72  Al(OH)3
  Gismondine       -3.46     38.26   41.72  Ca2Al4Si4O16:9H2O
  Glauberite      -11.62    -17.09   -5.47  Na2Ca(SO4)2
  Goethite         -0.00      0.52    0.52  FeOOH
  Greenalite        0.81     23.36   22.54  Fe3Si2O5(OH)4
  Grossular       -10.63     41.05   51.68  Ca3Al2(SiO4)3
  Gypsum           -3.42     -7.95   -4.53  CaSO4:2H2O
  Gyrolite         -8.60     14.18   22.78  Ca2Si3O7(OH)2:1.5H2O
  H2(g)            -6.32     -9.42   -3.10  H2
  H2O(g)           -1.58     -0.00    1.58  H2O
  H2S(g)           -4.49    -12.48   -7.99  H2S
  Haiweeite       -19.76    -26.80   -7.04  Ca(UO2)2(Si2O5)3:5H2O
  Halite           -8.42     -6.86    1.56  NaCl
  Hatrurite       -38.44     34.81   73.25  Ca3SiO5
  Hausmannite     -24.98    -14.90   10.08  Mn3O4
  HCl(g)          -19.00    -12.71    6.28  HCl
  Hedenbergite     -3.98     15.52   19.50  CaFe(SiO3)2
  Hematite          0.99      1.03    0.04  Fe2O3
  Hercynite        -4.39     24.33   28.72  FeAl2O4
  Heulandite       -1.44      1.64    3.08  Ba.065Sr.175Ca.585K.132Na.383Al2.165Si6.835O18:6H2O
  Hexahydrite      -7.40     -9.13   -1.73  MgSO4:6H2O
  Hillebrandite   -14.81     21.92   36.72  Ca2SiO3(OH)2:0.17H2O
  Huntite          -6.44      3.74   10.18  CaMg3(CO3)4
  Hydromagnesite  -16.39     14.28   30.67  Mg5(CO3)4(OH)2:4H2O
  Hydrophilite    -24.26    -12.53   11.73  CaCl2
  Hydroxylapatite  -9.39    -12.66   -3.27  Ca5(OH)(PO4)3
  Ice              -0.14     -0.00    0.14  H2O
  Illite           -0.95      7.88    8.84  K0.6Mg0.25Al1.8Al0.5Si3.5O10(OH)2
  Jadeite          -3.19      5.10    8.29  NaAl(SiO3)2
  Jarosite        -26.65    -36.11   -9.46  KFe3(SO4)2(OH)6
  Jarosite-Na     -28.84    -34.29   -5.45  NaFe3(SO4)2(OH)6
  K               -48.55     22.34   70.88  K
  K(g)            -59.13     22.34   81.47  K
  K-Feldspar       -0.20     -0.58   -0.38  KAlSi3O8
  K2CO3:1.5H2O    -16.39     -3.01   13.38  K2CO3:1.5H2O
  K2O             -75.87      8.06   83.94  K2O
  K2UO4           -34.02     -0.19   33.83  K2UO4
  K3H(SO4)2       -25.97    -29.59   -3.62  K3H(SO4)2
  K8H4(CO3)6:3H2O -61.89    -34.18   27.71  K8H4(CO3)6:3H2O
  Kainite         -17.50    -17.81   -0.31  KMgClSO4:3H2O
  KAl(SO4)2       -33.91    -30.67    3.24  KAl(SO4)2
  Kalicinite       -7.32     -7.04    0.28  KHCO3
  Kalsilite        -3.67      7.15   10.82  KAlSiO4
  Kaolinite        -0.44      6.24    6.68  Al2Si2O5(OH)4
  Katoite         -26.30     52.65   78.94  Ca3Al2H12O12
  Kieserite        -8.86     -9.13   -0.27  MgSO4:H2O
  KMgCl3          -43.61    -22.39   21.22  KMgCl3
  KMgCl3:2H2O     -36.34    -22.39   13.94  KMgCl3:2H2O
  KNaCO3:6H2O     -11.45     -1.19   10.26  KNaCO3:6H2O
  KUO2AsO4        -53.73    -57.90   -4.17  KUO2AsO4
  Kyanite          -5.45     10.11   15.55  Al2SiO5
  Lansfordite      -4.20      0.64    4.84  MgCO3:5H2O
  Larnite         -16.45     21.92   38.37  Ca2SiO4
  Laumontite       -2.07     11.40   13.47  CaAl2Si4O12:4H2O
  Lawrencite      -24.10    -15.06    9.03  FeCl2
  Lawsonite        -2.92     19.13   22.05  CaAl2Si2O7(OH)2:H2O
  Leonite         -17.80    -21.91   -4.11  K2Mg(SO4)2:4H2O
  Lime            -19.63     12.89   32.52  CaO
  Lopezite        -81.98    -99.42  -17.44  K2Cr2O7
  Magnesiochromite   9.26     30.88   21.62  MgCr2O4
  Magnesite        -1.62      0.64    2.26  MgCO3
  Magnetite         1.03     11.39   10.37  Fe3O4
  Manganite       -12.27    -12.43   -0.16  MnO(OH)
  Manganosite      -7.92      9.96   17.89  MnO
  Margarite        -7.70     33.10   40.80  CaAl4Si2O10(OH)2
  Maximum_Microcline  -0.20     -0.58   -0.39  KAlSi3O8
  Mayenite       -240.70    252.50  493.20  Ca12Al14O33
  Melanterite      -8.09    -10.48   -2.40  FeSO4:7H2O
  Mercallite      -15.37    -16.81   -1.44  KHSO4
  Merwinite       -25.65     42.65   68.31  MgCa3(SiO4)2
  Mesolite          1.24     14.69   13.45  Na.676Ca.657Al1.99Si3.01O10:2.647H2O
  Mg              -74.02     48.32  122.35  Mg
  Mg(g)           -93.71     48.32  142.04  Mg
  Mg1.25SO4(OH)0.5:0.5H2O -11.37     -6.20    5.17  Mg1.25SO4(OH)0.5:0.5H2O
  Mg1.5SO4(OH)    -12.45     -3.27    9.18  Mg1.5SO4(OH)
  MgCl2:2H2O      -26.42    -13.71   12.71  MgCl2:2H2O
  MgCl2:4H2O      -21.00    -13.71    7.29  MgCl2:4H2O
  MgCl2:H2O       -29.75    -13.71   16.04  MgCl2:H2O
  MgOHCl          -16.86     -1.00   15.86  MgOHCl
  MgSO4           -13.94     -9.13    4.81  MgSO4
  MgUO4           -19.48      3.46   22.95  MgUO4
  Minnesotaite      1.81     15.62   13.81  Fe3Si4O10(OH)2
  Mirabilite       -8.01     -9.14   -1.14  Na2SO4:10H2O
  Misenite       -102.57   -113.65  -11.08  K8H6(SO4)7
  Mn              -36.24     46.57   82.82  Mn
  Mn(OH)2(am)      -5.32      9.96   15.29  Mn(OH)2
  Mn(OH)3         -18.77    -12.43    6.34  Mn(OH)3
  Mn3(PO4)2       -22.34    -21.52    0.82  Mn3(PO4)2
  MnCl2:2H2O      -19.45    -15.46    3.99  MnCl2:2H2O
  MnCl2:4H2O      -18.21    -15.46    2.75  MnCl2:4H2O
  MnCl2:H2O       -20.99    -15.46    5.53  MnCl2:H2O
  MnHPO4           -2.79    -15.74  -12.95  MnHPO4
  MnO2(gamma)     -26.73    -42.85  -16.13  MnO2
  MnSO4           -13.47    -10.88    2.59  MnSO4
  Molysite        -51.06    -37.62   13.43  FeCl3
  Monohydrocalcite  -0.85      1.82    2.67  CaCO3:H2O
  Monticellite     -8.75     20.74   29.49  CaMgSiO4
  Montmor-Ca       -0.13      2.19    2.32  Ca.165Mg.33Al1.67Si4O10(OH)2
  Montmor-K        -0.57      1.40    1.97  K.33Mg.33Al1.67Si4O10(OH)2
  Montmor-Mg       -0.21      2.00    2.21  Mg.495Al1.67Si4O10(OH)2
  Montmor-Na       -0.31      2.00    2.31  Na.33Mg.33Al1.67Si4O10(OH)2
  Mordenite        -1.80     -7.15   -5.36  Ca.2895Na.361Al.94Si5.06O12:3.468H2O
  Mordenite-dehy  -16.90     -7.15    9.75  Ca.2895Na.361Al.94Si5.06O12
  Muscovite        -0.00     13.39   13.39  KAl3Si3O10(OH)2
  Na              -43.13     24.16   67.28  Na
  Na(g)           -56.59     24.16   80.74  Na
  Na2CO3          -10.52      0.63   11.15  Na2CO3
  Na2CO3:7H2O      -9.32      0.63    9.95  Na2CO3:7H2O
  Na2Cr2O7        -85.60    -95.78  -10.18  Na2Cr2O7
  Na2CrO4         -44.93    -42.04    2.89  Na2CrO4
  Na2O            -55.63     11.70   67.34  Na2O
  Na2SiO3         -14.35      7.84   22.18  Na2SiO3
  Na2U2O7         -27.34     -4.79   22.55  Na2U2O7
  Na2UO4(alpha)   -26.52      3.45   29.98  Na2UO4
  Na3H(SO4)2      -23.24    -24.13   -0.89  Na3H(SO4)2
  Na3UO4          -48.55      7.62   56.17  Na3UO4
  Na4Ca(SO4)3:2H2O -20.34    -26.23   -5.89  Na4Ca(SO4)3:2H2O
  Na4SiO4         -50.98     19.54   70.52  Na4SiO4
  Na4UO2(CO3)3    -22.10    -18.06    4.04  Na4UO2(CO3)3
  Na6Si2O7        -74.05     27.37  101.42  Na6Si2O7
  NaFeO2          -13.48      6.37   19.85  NaFeO2
  Nahcolite        -5.08     -5.22   -0.14  NaHCO3
  Natrolite        -4.27     14.07   18.35  Na2Al2Si3O10:2H2O
  Natron           -8.97      0.63    9.60  Na2CO3:10H2O
  Natrosilite     -14.08      3.97   18.05  Na2Si2O5
  NaUO3           -12.40     -4.08    8.32  NaUO3
  Nepheline        -4.75      8.97   13.72  NaAlSiO4
  Nesquehonite     -4.64      0.64    5.28  MgCO3:3H2O
  Ningyoite       -14.26    -44.07  -29.82  CaUP2O8:2H2O
  Nontronite-Ca     3.01     -8.73  -11.74  Ca.165Fe2Al.33Si3.67H2O12
  Nontronite-H      1.84    -10.85  -12.70  H.33Fe2Al.33Si3.67H2O12
  Nontronite-K      2.50     -9.52  -12.02  K.33Fe2Al.33Si3.67H2O12
  Nontronite-Mg     2.86     -8.92  -11.78  Mg.165Fe2Al.33Si3.67H2O12
  Nontronite-Na     2.76     -8.92  -11.68  Na.33Fe2Al.33Si3.67H2O12
  O2(g)           -70.32    -73.22   -2.90  O2
  Okenite          -5.15      5.16   10.31  CaSi2O4(OH)2:H2O
  Orpiment        -53.19   -132.58  -79.39  As2S3
  Oxychloride-Mg  -15.12     10.71   25.83  Mg2Cl(OH)3:4H2O
  P               -66.03     65.82  131.85  P
  Paragonite       -2.11     15.21   17.32  NaAl3Si3O10(OH)2
  Pargasite       -25.24     76.25  101.49  NaCa2Al3Mg4Si6O22(OH)2
  Pentahydrite     -7.74     -9.13   -1.39  MgSO4:5H2O
  Periclase        -9.58     11.71   21.29  MgO
  Phlogopite       -2.67     34.56   37.22  KAlMg3Si3O10(OH)2
  Picromerite     -17.47    -21.91   -4.44  K2Mg(SO4)2:6H2O
  Pirssonite       -8.87      2.45   11.32  Na2Ca(CO3)2:2H2O
  Polyhalite      -23.50    -37.81  -14.31  K2MgCa2(SO4)4:2H2O
  Portlandite      -9.63     12.89   22.52  Ca(OH)2
  Prehnite         -4.56     28.16   32.72  Ca2Al2Si3O10(OH)2
  Pseudowollastonite  -4.92      9.02   13.94  CaSiO3
  Pyrite            7.98    -16.70  -24.67  FeS2
  Pyrolusite      -25.21    -42.85  -17.64  MnO2
  Pyrophyllite     -1.76     -1.49    0.27  Al2Si4O10(OH)2
  Pyrrhotite        1.62     -2.12   -3.74  FeS
  Quartz            0.15     -3.87   -4.02  SiO2
  Rankinite       -20.81     30.94   51.75  Ca3Si2O7
  Realgar         -27.00    -87.27  -60.28  AsS
  Rhodochrosite    -0.89     -1.11   -0.22  MnCO3
  Rhodonite        -3.58      6.10    9.67  MnSiO3
  Ripidolite-14A   -2.41     58.24   60.64  Mg3Fe2Al2Si3O10(OH)8
  Ripidolite-7A    -5.78     58.24   64.02  Mg3Fe2Al2Si3O10(OH)8
  Rutherfordine   -15.20    -19.32   -4.12  UO2CO3
  S                -4.04    -49.09  -45.05  S
  S2(g)           -21.95    -29.15   -7.20  S2
  Saleeite        -36.69    -56.19  -19.50  Mg(UO2)2(PO4)2
  Sanbornite       -6.52      2.88    9.40  BaSi2O5
  Sanidine_high    -1.39     -0.58    0.81  KAlSi3O8
  Saponite-Ca      -0.71     25.38   26.09  Ca.165Mg3Al.33Si3.67O10(OH)2
  Saponite-H       -1.88     23.26   25.14  H.33Mg3Al.33Si3.67O10(OH)2
  Saponite-K       -1.23     24.59   25.81  K.33Mg3Al.33Si3.67O10(OH)2
  Saponite-Mg      -0.86     25.19   26.05  Mg3.165Al.33Si3.67O10(OH)2
  Saponite-Na      -0.96     25.19   26.15  Na.33Mg3Al.33Si3.67O10(OH)2
  Scacchite       -24.18    -15.46    8.72  MnCl2
  Schoepite       -13.07     -8.25    4.82  UO3:2H2O
  Schoepite-dehy(.393) -14.96     -8.25    6.71  UO3:.393H2O
  Schoepite-dehy(.648) -14.44     -8.25    6.19  UO3:.648H2O
  Schoepite-dehy(.85) -13.33     -8.25    5.08  UO3:.85H2O
  Schoepite-dehy(.9) -13.25     -8.25    5.01  UO3:.9H2O
  Schoepite-dehy(1.0) -13.34     -8.25    5.09  UO3:H2O
  Scolecite        -0.43     15.26   15.70  CaAl2Si3O10:3H2O
  Sellaite         -3.88    -13.32   -9.45  MgF2
  Sepiolite        -6.53     23.65   30.18  Mg4Si6O15(OH)2:6H2O
  Si              -79.31     69.35  148.66  Si
  Si(g)          -150.28     69.35  219.63  Si
  Siderite         -0.48     -0.71   -0.23  FeCO3
  SiF4(g)         -38.69    -53.94  -15.25  SiF4
  Sillimanite      -6.08     10.11   16.19  Al2SiO5
  SiO2(am)         -1.13     -3.87   -2.74  SiO2
  Sklodowskite    -26.31    -12.52   13.79  Mg(H3O)2(UO2)2(SiO4)2:4H2O
  Smectite-high-Fe-Mg  -1.56     15.67   17.23  Ca.025Na.1K.2Fe.5Fe.2Mg1.15Al1.25Si3.5H2O12
  Smectite-low-Fe-Mg  -1.05      9.80   10.86  Ca.02Na.15K.2Fe.29Fe.16Mg.9Al1.25Si3.75H2O12
  SO2(g)          -21.84    -21.67    0.17  SO2
  Soddyite        -20.76    -20.36    0.39  (UO2)2SiO4:2H2O
  Spinel          -11.83     25.68   37.51  Al2MgO4
  Sr              -93.88     47.70  141.58  Sr
  Sr(OH)2         -16.39     11.09   27.48  Sr(OH)2
  Sr2SiO4         -24.39     18.32   42.70  Sr2SiO4
  Sr3(AsO4)2      -94.68    -74.10   20.58  Sr3(AsO4)2
  SrCl2           -22.22    -14.33    7.89  SrCl2
  SrCl2:2H2O      -17.62    -14.33    3.28  SrCl2:2H2O
  SrCl2:6H2O      -15.83    -14.33    1.50  SrCl2:6H2O
  SrCl2:H2O       -19.06    -14.33    4.73  SrCl2:H2O
  SrCrO4          -38.75    -42.65   -3.90  SrCrO4
  SrF2             -5.41    -13.95   -8.54  SrF2
  SrHPO4           -8.36    -14.61   -6.26  SrHPO4
  SrO             -30.73     11.09   41.82  SrO
  SrS             -16.07     -1.39   14.68  SrS
  SrSiO3           -7.56      7.22   14.79  SrSiO3
  SrUO4(alpha)    -16.28      2.84   19.12  SrUO4
  Starkeyite       -8.13     -9.13   -1.00  MgSO4:4H2O
  Stilbite          2.02      2.82    0.79  Ca1.019Na.136K.006Al2.18Si6.82O18:7.33H2O
  Strengite       -13.79    -25.19  -11.40  FePO4:2H2O
  Strontianite      0.36      0.02   -0.34  SrCO3
  Sylvite          -9.51     -8.68    0.83  KCl
  Syngenite       -13.13    -20.73   -7.60  K2Ca(SO4)2:H2O
  Tachyhydrite    -57.10    -39.96   17.14  Mg2CaCl6:12H2O
  Talc             -1.28     19.67   20.95  Mg3Si4O10(OH)2
  Tarapacaite     -45.27    -45.68   -0.41  K2CrO4
  Tephroite        -6.93     16.06   22.99  Mn2SiO4
  Thenardite       -8.78     -9.14   -0.36  Na2SO4
  Thermonatrite   -10.30      0.63   10.93  Na2CO3:H2O
  Tobermorite-11A -24.06     41.26   65.32  Ca5Si6H11O22.5
  Tobermorite-14A -22.30     41.26   63.56  Ca5Si6H21O27.5
  Tobermorite-9A  -27.52     41.26   68.78  Ca5Si6H6O20
  Todorokite     -124.44   -170.26  -45.82  Mn7O12:3H2O
  Tremolite        -7.42     53.42   60.83  Ca2Mg5Si8O22(OH)2
  Tridymite        -0.03     -3.87   -3.83  SiO2
  Troilite          1.72     -2.12   -3.85  FeS
  Trona-K         -19.82     -8.23   11.59  K2NaH(CO3)2:2H2O
  U              -110.88    101.58  212.46  U
  U(CO3)2         -35.18    -27.70    7.48  U(CO3)2
  U(g)           -196.31    101.58  297.89  U
  U(HPO4)2:4H2O   -24.04    -56.96  -32.92  U(HPO4)2:4H2O
  U(OH)2SO4       -23.32    -26.40   -3.07  U(OH)2SO4
  U(SO3)2         -30.37    -67.13  -36.76  U(SO3)2
  U(SO4)2         -35.68    -47.24  -11.56  U(SO4)2
  U(SO4)2:4H2O    -35.68    -47.24  -11.56  U(SO4)2:4H2O
  U(SO4)2:8H2O    -34.67    -47.24  -12.58  U(SO4)2:8H2O
  U2C3           -194.37    260.18  454.55  U2C3
  U2Cl10(g)      -229.44   -146.98   82.46  U2Cl10
  U2Cl8(g)       -194.90   -112.81   82.09  U2Cl8
  U2F10(g)       -132.52   -145.05  -12.53  U2F10
  U2F9            -82.49   -128.16  -45.67  U2F9
  U2O2Cl5         -98.17    -79.05   19.13  U2O2Cl5
  U2O3F6          -89.04    -91.61   -2.58  U2O3F6
  U2S3            -79.98    -73.54    6.45  U2S3
  U3As4          -346.83    140.01  486.85  U3As4
  U3O5F8         -121.96   -124.90   -2.94  U3O5F8
  U3P4           -452.24    373.89  826.14  U3P4
  U3S5           -103.63   -104.06   -0.42  U3S5
  U4F17          -134.31   -239.42 -105.10  U4F17
  U5O12Cl         -43.57    -62.36  -18.79  U5O12Cl
  UAs            -104.53     44.22  148.75  UAs
  UAs2           -137.20     51.57  188.77  UAs2
  UC              -95.49     99.02  194.51  UC
  UC1.94(alpha)   -99.31    157.44  256.75  UC1.94
  UCl(g)         -170.85     50.58  221.43  UCl
  UCl2(g)        -143.92     39.55  183.47  UCl2
  UCl2F2          -52.40    -56.02   -3.62  UCl2F2
  UCl3            -69.12    -56.18   12.94  UCl3
  UCl3(g)        -114.65    -56.18   58.47  UCl3
  UCl3F           -66.41    -56.21   10.20  UCl3F
  UCl4            -78.26    -56.40   21.86  UCl4
  UCl4(g)        -102.65    -56.40   46.24  UCl4
  UCl5           -110.66    -73.49   37.17  UCl5
  UCl5(g)        -127.84    -73.49   54.35  UCl5
  UCl6           -141.93    -84.52   57.41  UCl6
  UCl6(g)        -147.78    -84.52   63.26  UCl6
  UClF3           -38.22    -55.82  -17.60  UClF3
  UF(g)          -155.16     50.77  205.93  UF
  UF2(g)         -132.12     39.93  172.05  UF2
  UF3             -36.13    -55.60  -19.46  UF3
  UF3(g)         -102.68    -55.60   47.08  UF3
  UF4             -26.36    -55.63  -29.27  UF4
  UF4(g)          -70.08    -55.63   14.45  UF4
  UF4:2.5H2O      -22.19    -55.63  -33.44  UF4:2.5H2O
  UF5(alpha)      -59.57    -72.53  -12.96  UF5
  UF5(beta)       -59.24    -72.53  -13.28  UF5
  UF5(g)          -78.76    -72.53    6.23  UF5
  UF6            -100.61    -83.36   17.25  UF6
  UF6(g)         -101.43    -83.36   18.07  UF6
  UH3(beta)      -107.70     91.79  199.49  UH3
  UO(g)          -146.37     64.97  211.34  UO
  UO2(am)          -5.66     -5.55    0.11  UO2
  UO2(AsO3)2     -122.51   -115.62    6.89  UO2(AsO3)2
  UO2(g)          -97.04     28.36  125.40  UO2
  UO2(OH)2(beta)  -13.18     -8.25    4.93  UO2(OH)2
  UO2(PO3)2       -43.30    -59.66  -16.36  UO2(PO3)2
  UO2.25           -2.90     -7.74   -4.85  UO2.25
  UO2.25(beta)     -2.97     -7.74   -4.77  UO2.25
  UO2.3333(beta)   -7.79    -35.51  -27.72  (UO2.3333)2
  UO2.6667        -16.33    -59.92  -43.59  (UO2.6667)2
  UO2Cl           -22.10    -22.64   -0.54  UO2Cl
  UO2Cl2          -45.76    -33.67   12.08  UO2Cl2
  UO2Cl2(g)       -81.52    -33.67   47.84  UO2Cl2
  UO2Cl2:3H2O     -39.27    -33.67    5.60  UO2Cl2:3H2O
  UO2Cl2:H2O      -41.94    -33.67    8.27  UO2Cl2:H2O
  UO2ClOH:2H2O    -23.26    -20.96    2.30  UO2ClOH:2H2O
  UO2CO3          -15.19    -19.32   -4.13  UO2CO3
  UO2F2           -26.01    -33.29   -7.27  UO2F2
  UO2F2(g)        -67.84    -33.29   34.55  UO2F2
  UO2F2:3H2O      -25.91    -33.29   -7.38  UO2F2:3H2O
  UO2FOH          -18.91    -20.77   -1.85  UO2FOH
  UO2FOH:2H2O     -18.10    -20.77   -2.67  UO2FOH:2H2O
  UO2FOH:H2O      -18.47    -20.77   -2.29  UO2FOH:H2O
  UO2HPO4         -21.28    -33.95  -12.68  UO2HPO4
  UO2HPO4:4H2O    -20.93    -33.95  -13.03  UO2HPO4:4H2O
  UO2SO3          -23.05    -39.04  -15.99  UO2SO3
  UO2SO4          -31.00    -29.09    1.91  UO2SO4
  UO2SO4:2.5H2O   -27.58    -29.09   -1.51  UO2SO4:2.5H2O
  UO2SO4:3.5H2O   -27.60    -29.09   -1.50  UO2SO4:3.5H2O
  UO2SO4:3H2O     -27.67    -29.09   -1.42  UO2SO4:3H2O
  UO2SO4:H2O      -23.02    -29.09   -6.07  UO2SO4:H2O
  UO3(alpha)      -16.87     -8.25    8.62  UO3
  UO3(beta)       -16.54     -8.25    8.29  UO3
  UO3(g)          -79.08     -8.25   70.83  UO3
  UO3(gamma)      -15.94     -8.25    7.69  UO3
  UO3:.9H2O(alpha) -13.25     -8.25    5.01  UO3:.9H2O
  UO3:2H2O        -13.07     -8.25    4.82  UO3:2H2O
  UOCl            -41.10    -30.75   10.34  UOCl
  UOCl2           -36.37    -30.98    5.39  UOCl2
  UOCl3           -60.63    -48.07   12.56  UOCl3
  UOF2            -12.43    -30.59  -18.16  UOF2
  UOF2:H2O        -11.88    -30.59  -18.71  UOF2:H2O
  UOF4            -62.85    -58.32    4.52  UOF4
  UOF4(g)         -82.46    -58.32   24.14  UOF4
  UOFOH            -9.13    -18.07   -8.94  UOFOH
  UOFOH:.5H2O      -8.67     15.84   24.52  UOFOH:.5H2O
  UP             -130.41    102.69  233.10  UP
  UP2            -191.43    168.51  359.94  UP2
  UP2O7           -23.89    -56.96  -33.08  UP2O7
  UP2O7:20H2O     -28.34    -56.97  -28.63  UP2O7:20H2O
  UPO5            -16.03    -35.64  -19.61  UPO5
  Uraninite        -0.70     -5.55   -4.85  UO2
  Uranocircite    -37.45    -57.29  -19.84  Ba(UO2)2(PO4)2
  Uranophane      -28.62    -11.34   17.29  Ca(UO2)2(SiO3)2(OH)2
  US              -58.79    -12.22   46.57  US
  US1.9           -29.44    -31.77   -2.33  US1.9
  US2             -28.14    -30.52   -2.39  US2
  US3             -29.02    -45.70  -16.68  US3
  Vivianite       -15.60    -20.32   -4.72  Fe3(PO4)2:8H2O
  Wairakite        -6.46     11.40   17.86  CaAl2Si4O10(OH)4
  Weeksite        -47.01    -31.63   15.38  K2(UO2)2(Si2O5)3:4H2O
  Whitlockite      -8.39    -12.74   -4.35  Ca3(PO4)2
  Witherite         2.55     -0.46   -3.01  BaCO3
  Wollastonite     -4.68      9.02   13.71  CaSiO3
  Wustite          -3.61      8.77   12.38  Fe.947O
  Xonotlite       -37.48     54.15   91.62  Ca6Si6O17(OH)2
  Zoisite          -7.89     35.14   43.03  Ca2Al3(SiO4)3OH

**For a gas, SI = log10(fugacity). Fugacity = pressure * phi / 1 atm.
  For ideal gases, phi = 1.

------------------
End of simulation.
------------------

------------------------------------
Reading input data for simulation 8.
------------------------------------

-------------------------------
End of Run after 0.883 Seconds.
-------------------------------

